-7.257887985591633395e-01 -8.443019262904380984e-01 1.641071656579366822e+00
-6.296401618531926037e-01 -7.147913764267559422e-01 9.136857841959763471e-01
-1.154624430239888477e+00 -7.993233103636092629e-01 1.992352543338566040e+00
-1.155212190100910030e+00 4.902889828876122458e-01 4.441212362419451054e-01
-1.258838012468108225e+00 -1.086514997578751363e+00 1.719648680376614447e+00
-9.165749466505659360e-01 1.667288825184805034e-01 1.464037288130600079e+00
-8.009017001379470369e-01 5.706924977608340832e-02 5.165313141753645754e-01
-1.111257363697942369e+00 -1.045555958008907771e+00 1.206144711270144887e+00
-6.134398584735489823e-01 3.604894276817243171e-01 5.735430288271996524e-01
-6.549747977632081053e-01 -1.373236686300924658e+00 1.118141401948265390e+00
-5.967535777696599819e-01 -5.106171019554839319e-02 3.704261797150526503e-03
-9.034937628744235116e-01 4.650604530656727853e-01 1.586011080715996613e+00
-1.083107423642695188e+00 -1.180974819007056364e+00 1.508244803443492099e+00
-6.224315637760284847e-01 -1.141920606725801202e+00 1.162851127684350949e+00
-7.554461234661470348e-01 -5.018694528104090669e-01 1.925454783302929851e+00
-1.028758903607788655e+00 1.443237736476352673e-01 4.153010132346917072e-01
-8.186422443974548102e-01 -3.101105710466875998e-01 1.461806629683835457e+00
-7.128226638864015863e-01 -8.183821457534361521e-01 1.590923196240933590e+00
-1.225528928746736357e+00 -7.032267099373379349e-01 1.646855850138064792e+00
-9.711994807076755887e-01 -1.451278840461120989e-01 1.540487895546203578e+00
-9.413951567152676336e-01 -9.160597410028274989e-01 1.897265416910006275e+00
-7.067623498278122751e-01 3.053202472729688033e-01 1.102573609043417280e+00
-1.268363453171187372e+00 -7.312735287942169204e-01 1.180042265769444709e+00
-1.100661121538924370e+00 -2.219518102712116914e-01 1.896772013351436748e+00
-7.124941472528092401e-01 -1.001629298374597576e+00 1.751471787383633183e+00
-1.079440558078295087e+00 4.388766049335495190e-01 2.802632042982616811e-01
-5.606967942775140656e-01 -4.840450061306980079e-01 1.798133358636598178e+00
-5.151885225725284512e-01 -1.331821233577384911e+00 1.540929893554339181e+00
-5.104269864485074804e-01 -2.338757731019607267e-01 1.042891713734048986e+00
-5.723893393568290078e-01 1.861582870033153814e-01 9.935966520281823700e-01
-9.963063332767458924e-01 -1.170554454862891891e+00 9.680555332274115576e-01
-1.285717811577616887e+00 -2.440907066369772949e-01 1.040318555402339751e+00
-7.005572465268844473e-01 -9.667029893088523451e-01 1.033086321770345650e+00
-1.074730801865622976e+00 -1.272611720565633320e+00 9.871217513675875077e-01
-8.958555595943320515e-01 -1.449075590268604108e+00 7.140235417579400279e-01
-5.825907819767807139e-01 -8.361287248720083998e-01 8.017596472332481072e-01
-1.244404508577617419e+00 -5.202441437692311155e-01 1.034430623757349954e+00
-7.064119782695027494e-01 3.362156112148717568e-02 1.225771909061396325e+00
-7.414705653738375979e-01 -1.287828843781724464e+00 1.666379204027569561e+00
-7.415236549811070610e-01 1.859370477020871881e-01 6.172274168662961191e-01
-6.350618484020924548e-01 -1.001264407590175098e+00 1.497934530705354428e+00
-1.258826963381280306e+00 -1.299523205663031256e-01 1.300439247031500711e+00
-6.041489240718861398e-01 -2.266689709755618232e-01 1.041667475197228354e+00
-6.998137828558872453e-01 2.804664914742363013e-01 -8.110731540612031720e-02
-8.756237467367049554e-01 -6.369134444186250743e-01 7.139911508635633508e-01
-9.395624691912721760e-01 -7.177014103823200486e-01 1.075082789997666266e+00
-6.251491380719389479e-01 3.171605007460958081e-01 -4.431499350654802272e-03
-8.898411725951271833e-01 2.789259921825635313e-01 8.124325202025781678e-01
-1.142423737985478249e+00 4.107282284551003748e-01 1.493409199659388786e+00
-1.113847833730997161e+00 -2.053097444984384179e-01 4.365544389422171268e-01
-9.487229692033000150e-01 7.637392596539172018e-03 2.666887192102305182e-01
-1.035470285002211055e+00 -1.285859505655694512e+00 9.643558675336979524e-01
-1.086775121611062822e+00 -2.799774311620537581e-01 7.293857768585050305e-01
-7.526965312605108371e-01 2.458222765144646438e-01 1.350079576807153181e+00
-6.886665288645935634e-01 -3.353672018791571396e-01 8.476378093663761160e-01
-7.153581392983903164e-01 -6.568766781889747719e-01 1.483175956071371537e+00
-5.794164416519971272e-01 -3.497781494340195252e-01 4.684105049525083553e-02
-8.943025692341288746e-01 7.882411143529988173e-02 1.789710726836568844e+00
-8.405894401032322216e-01 -1.421512717136357073e+00 7.657149449998644775e-01
-6.955394544128286061e-01 -6.037073344571339817e-01 1.550360409640577419e+00
-8.773078181040332435e-01 -9.931521698824850031e-01 1.254799749704405221e+00
-7.896404373550364175e-01 -1.341662377151914054e+00 1.777801403787926171e+00
-1.169474323128986581e+00 -1.406571821271347389e-01 8.113142955724043093e-01
-6.528770147974273241e-01 -8.892852064949454682e-01 1.859529399159088214e+00
-6.146554128256005445e-01 -4.894808728746911086e-01 1.264442428830899523e+00
-5.636666229091138458e-01 -9.419440972899146836e-01 1.781751124305571476e+00
-5.278286730196285470e-01 9.958373081217719580e-02 1.888274263519446494e+00
-9.092108353340613291e-01 -1.918622726876242357e-01 4.261840809994543733e-01
-9.692275626323223481e-01 -4.468258658751245171e-02 6.480814139161965581e-01
-5.162083459724842172e-01 -4.312152595818061762e-01 1.301401273840604889e+00
-6.473744839338377854e-01 -2.302604670241512608e-01 1.237142869730560868e-01
-7.417025959477807628e-01 7.304156618183466065e-02 6.522357595355634530e-01
-6.345652434521673602e-01 -1.212376902821135749e+00 7.103288458298919750e-01
-5.257870428845258237e-01 -4.994976285852192888e-01 3.078317523347158247e-01
-1.121147207189264750e+00 3.935839962002043446e-01 1.256820507655209251e+00
-7.011863135423030968e-01 1.359337274010785634e-02 7.288337391161078260e-01
-9.947299786399846910e-01 -2.148439028787796357e-01 4.504017541504016231e-01
-5.133531210826651758e-01 -6.346094394614969492e-01 1.818569020763470157e+00
-5.369204177129270894e-01 2.039084047291028767e-03 1.111803654315302259e+00
-8.857226110405429509e-01 2.121153606702301797e-01 1.043181140297010145e+00
-1.226121611322234406e+00 -2.630704976570514830e-01 1.926023308786060539e+00
-9.055301939523454635e-01 -4.402904917298104959e-01 1.951013524581135972e+00
-1.134187129580752851e+00 -1.281678066013920203e+00 7.182021222933727689e-01
-9.473611320730800367e-01 -1.565349091586503150e-01 9.278181224204059552e-01
-9.426685738443755236e-01 -7.679754925519073350e-01 8.772819113450088802e-01
-7.964919166112968130e-01 -1.184012170300691169e+00 1.292690201675614992e+00
-8.745661930075612212e-01 -3.329534764118018408e-01 1.603210251481517856e+00
-7.855505834189516756e-01 3.631261148362356916e-01 1.601024416529152061e+00
-9.553528409633673668e-01 -2.307615329127215009e-01 6.709629350142088944e-01
-9.955489923089027027e-01 -7.344239259602878267e-01 1.098761467219392163e+00
-1.267717800170212739e+00 3.987349602028109619e-01 8.227245802852664047e-01
-1.096810911201239191e+00 -7.919691734003024841e-01 1.859231199497688891e+00
-1.058840263725133291e+00 -6.133473004109402105e-02 5.680762762524390608e-01
-1.252573522080836943e+00 -1.358279459050324434e-01 8.293809432786701796e-01
-1.210568178514578541e+00 -1.954894609010784379e-01 1.970578732106948561e+00
-5.047767088301353677e-01 -1.009438249715717717e+00 1.381402565922857706e+00
-8.175295160106261783e-01 -1.372381821391249979e+00 1.404531459962247153e+00
-5.444952021000957210e-01 -5.732278261010599341e-01 1.319648098959445459e+00
-6.299490541654605424e-01 4.723040531479503201e-01 1.163471740824973066e+00
-8.688155721153403288e-01 -4.002089562577875181e-01 1.865590548153337691e+00
-5.983237669657688329e-01 -9.944983641260269902e-01 8.312436232019396742e-01
-5.149167186938163887e-01 -2.425746368184320545e-01 1.608617977319436454e+00
-1.241291245481100480e+00 -1.325689121328054165e+00 1.101550005874905924e+00
-1.262814006071236062e+00 9.919164995405749252e-02 1.088471207742741420e+00
-1.197912314509574250e+00 3.805415517640875489e-01 1.491154123521063690e+00
-1.009887236983582071e+00 -8.525642299185749451e-01 6.405236009647298223e-01
-1.055027108949343040e+00 -4.407245253366032234e-01 1.825656720869382132e+00
-9.625223079082634303e-01 4.137459243862575686e-01 6.615595463613083149e-02
-1.225624615078009683e+00 3.873448204257643468e-01 1.455155774375494371e+00
-7.406092316580497048e-01 1.949654553710766791e-03 1.248176842397016317e+00
-1.010392516144218655e+00 -1.031429670536248011e-01 5.891306838232689413e-01
-7.742142298805037015e-01 7.487712745391172930e-03 5.513240989807964842e-01
-1.166285923059024121e+00 -9.299998870044388077e-01 1.360626680995813853e+00
-9.037451207960778277e-01 -7.278405650651267322e-01 8.046974064653227288e-01
-1.044025156419896794e+00 -3.775553026430549242e-01 1.812564288723129025e+00
-1.217190002818412387e+00 -1.288030985694218256e+00 1.452940279398797330e+00
-7.522555116529627828e-01 1.090866914004282595e-01 -1.179673811376936998e-02
-5.467593206585029675e-01 -1.404999489812189362e+00 1.789795123840986824e+00
-7.862819779385872287e-01 -1.275590549200542378e+00 1.675433831545700247e+00
-1.037122362898358796e+00 -1.565457039720363763e-01 2.459622512431858532e-01
-8.620751461131030968e-01 -1.119400230560587683e-01 1.169692341457925888e+00
-1.103147575693234295e+00 -9.473514550012525071e-01 1.168755373501317418e+00
-7.948931465873102509e-01 2.196449345238056239e-01 1.982666849103118079e+00
-1.102365913046333912e+00 2.552676328205054634e-01 6.669006318786586673e-01
-1.135086516459814066e+00 -2.369237496871736681e-01 1.287986204427586490e+00
-6.955016612293405398e-01 -3.294794760788508636e-01 1.803203607572568146e+00
-1.087616040293916564e+00 -3.871247082325246502e-01 6.707381262517619902e-01
-8.962850163667541725e-01 2.203643980117260259e-01 1.545983444159789055e+00
-7.307276346826514501e-01 -2.608688274726735923e-01 1.275074743989213166e+00
-1.106152416564500252e+00 -3.480217216358583165e-02 1.478906896210312460e+00
-1.143236023698494197e+00 1.033027573713485303e-02 8.304705350191050606e-01
-6.197528862260062166e-01 -7.000098281100870512e-01 1.382662554047078274e+00
-8.748968907570442433e-01 4.176447759933208381e-01 1.899169709434753939e+00
-6.402794675132634783e-01 -1.254192546442259637e+00 1.740868209500995967e+00
-1.161182106064610808e+00 -8.215219970244618253e-01 1.824314357379159590e+00
-5.746348154685718690e-01 -7.445553155470618911e-02 1.320977422838108595e+00
-1.087171849707545990e+00 -3.348364853674090647e-02 1.078613662701753961e+00
-8.364291452228322932e-01 2.705808677312195876e-01 1.939343871964129384e+00
-5.599991669206484390e-01 -5.152413504818920131e-02 1.983678302230059476e+00
-9.752077828881549060e-01 -1.153560033085982317e+00 1.105777952781551443e+00
-8.701177799307722172e-01 -1.686521726170686630e-01 5.843417539165218777e-02
-9.258524588886493101e-01 3.603088676539740742e-01 7.617195544624064674e-01
-1.288264217059621908e+00 3.484044930956957664e-01 9.156070354876458817e-01
-6.494194121743241954e-01 -4.511394878779380058e-01 9.427919665953533590e-01
-1.001912662170200807e+00 -1.600896577605523952e-01 3.643121324788660687e-01
-6.019538601868246186e-01 3.087049024066086389e-01 1.352248929294440405e+00
-7.551406814877806850e-01 -1.387546729639996812e-01 1.175776272234779540e+00
-6.265017227936292565e-01 1.699516854251283959e-01 1.790358879779661017e+00
-8.353401640109032744e-01 6.009240096317403079e-02 1.443847042713838791e+00
-6.414638486797192840e-01 -5.743308183327244798e-02 1.735576236735145272e+00
-1.231787758070854277e+00 -8.582519272844735259e-01 1.272760155804234516e+00
-7.583493830665193336e-01 -2.253634592642781431e-01 1.666223997410725577e+00
-1.135714935174878093e+00 -9.666619880248354946e-01 1.801516865495772279e+00
-9.755850827283716331e-01 4.191054178780344586e-01 1.463764625934216745e+00
-1.170196130995214023e+00 -1.688770678001505487e-02 5.562123226599821058e-01
-1.111228747997905497e+00 -3.267611037346178637e-01 1.526865760849172249e+00
-8.807502210756630312e-01 -1.103036867645623254e+00 5.861991738737928337e-01
-7.414307972616297482e-01 -3.230755073678559519e-01 1.229698701606535938e+00
-1.186942775024679930e+00 -1.202674670778621335e+00 1.181799066201799198e+00
-1.203676239907465639e+00 -6.710503621524861462e-01 1.025912956853473057e+00
-1.112400713710717248e+00 -6.147992738620369213e-01 1.148377043946046117e+00
-1.055033363468070196e+00 2.519942876953036315e-01 1.626428554322198350e+00
-5.779367942921915802e-01 -2.825857003460474637e-01 1.460364079602181508e+00
-6.874952705783210494e-01 -1.834541022052491588e-01 5.306459849535102302e-01
-7.090322626275000761e-01 1.577894415012610629e-01 5.596847047860540325e-01
-1.049386584157130597e+00 -1.038709822784731340e+00 1.078534149279207099e+00
-6.228912506664558979e-01 3.748853809729491005e-01 1.173757448588541363e+00
-6.203680312004099529e-01 4.379417271872452222e-01 1.192197424991846333e+00
-6.991780509540221900e-01 -1.547238514827378175e-01 1.295646201618563031e+00
-8.677674826528637420e-01 3.995055928845081539e-02 8.409781416677679644e-01
-1.284873260696153929e+00 -1.063420714321842819e+00 1.233448227076986869e+00
-1.098339695369574542e+00 -5.019050361111563330e-01 6.728964180365507586e-01
-9.300992017576759086e-01 2.621820525542837288e-01 1.166333816895731124e+00
-1.174158476260623862e+00 4.132749628092020622e-01 4.177674604182112228e-01
-5.991367023661969826e-01 -2.534719702863796886e-01 1.673536589081503489e+00
-1.221529408614670187e+00 -2.299305347671856126e-01 1.495390496103847777e+00
-9.300482026462628671e-01 -9.849283870703866572e-01 1.267085893938971974e+00
-8.229487130759559621e-01 2.827150647953711182e-01 9.262512336584854955e-01
-5.727991121170463718e-01 -1.008228815208183082e-01 1.417826247336395395e+00
-1.197818761874235305e+00 2.131289445075703615e-01 1.327506045082257780e+00
-7.959926985339278449e-01 -4.186558175549381922e-01 6.646653753271928311e-01
-8.127040009047230562e-01 -1.422184784787838829e+00 1.080324787040167323e+00
-9.764459569072578837e-01 3.415947053045254034e-01 7.350173416305247898e-01
-1.025609289043985628e+00 2.070759407852034162e-01 1.063518105434916539e+00
-1.031118928558745873e+00 -1.569898031155561036e-01 1.099625325862091163e+00
-5.048641540283476115e-01 -6.100132463180027997e-01 6.100350018081290848e-01
-6.284838307096130006e-01 -9.676888372971388375e-01 7.519254497761217459e-01
-9.989119014967871024e-01 1.216478054850325119e-01 8.466306657155726612e-01
-8.132288861299554750e-01 -1.370143309081349292e+00 1.540596724955690888e+00
-6.024866062498795971e-01 -1.498550189947833067e+00 9.906605577630313020e-01
-1.085082778670400705e+00 2.664614426545741654e-01 1.804341549409250456e-01
-9.605535535363443067e-01 -3.915430925840877041e-01 5.728903922751161781e-01
-5.290715481753784921e-01 4.391184242071515254e-01 5.810436843327115852e-01
-6.518791973462532141e-01 -4.349675205245548959e-01 1.017094122228746400e+00
-6.258624399693537566e-01 -8.710749862413873501e-01 1.259665192377482201e+00
-6.946370642638990400e-01 -1.109406092215845518e-01 2.886262767664978801e-01
-6.680649338900386258e-01 -7.376704768882482721e-01 1.157887998415243036e+00
-8.859511848389605149e-01 -2.595289748658116125e-01 9.694799956068395064e-01
-1.288719325145210481e+00 -8.166409565004901783e-01 1.868786209892226324e+00
-6.414199174794419367e-01 1.779051381925478292e-01 1.798607744130189756e+00
-8.975417798718332563e-01 3.870890245841414057e-01 1.189634965773388731e-01
-8.429447716476627939e-01 -6.847889353981817528e-01 1.115312251183594006e+00
-5.816955447420231184e-01 -1.059717820201801830e+00 5.780530015482123751e-01
-7.954972462676833667e-01 2.744901200710341271e-01 1.677865778468868641e+00
-1.246350770158922927e+00 4.586180249830240641e-01 1.914884519381665484e+00
-5.357985560821072468e-01 -9.168395662778821009e-01 1.139503397674112906e+00
-7.245273824252916883e-01 -3.665148559082762603e-01 7.744512795143814188e-01
-7.667735028451323487e-01 -6.399896177496438021e-01 5.245296496537367181e-01
-7.837701165730186492e-01 1.593674555719259978e-01 1.437693431041999981e+00
-1.288126522353629788e+00 -1.100064894920033121e+00 7.573786684279825154e-01
-1.228415208166362627e+00 -6.600957157168247935e-01 9.542707245536302674e-01
-7.847673014764551258e-01 3.192143145868739929e-01 4.962491755695048745e-01
-7.015828229129764670e-01 4.114420453677136713e-01 8.630152418040035744e-01
-8.975116961661085968e-01 -2.329605646547208142e-01 1.377373104674828541e+00
-6.521518197567354180e-01 -6.235308088380253633e-01 7.390805494353578364e-01
-5.971775982482989686e-01 -1.150756315106520766e+00 1.713767260068674414e+00
-1.113191589296804285e+00 -2.703078230284063910e-01 1.729170290323016168e+00
-6.366810010689853971e-01 -1.118021990644517460e+00 4.860524255089468948e-01
-1.087391209667817993e+00 -1.613945625021040442e-01 1.579140059071812763e+00
-5.454734513160079956e-01 8.768802021365651456e-02 1.492178401714229885e+00
-1.171934280862857003e+00 -1.328030709108072749e+00 1.817332328174045220e+00
-6.465409083405695423e-01 -2.837618296376318572e-01 1.852454939183288296e+00
-6.132031865384892644e-01 -1.144136488281149555e+00 1.102653895985854282e+00
-6.587358017986335579e-01 1.146433274812082015e-01 1.555919178333303954e+00
-7.972740264759778928e-01 6.107382414264561632e-03 4.435595246084131915e-01
-1.119465912869916258e+00 -7.377853016257891472e-01 9.278309523579618689e-01
-7.429511988506020126e-01 -7.383215251813313174e-01 1.581012051984639566e+00
-7.328904879066457934e-01 -4.404087073312201728e-01 1.649135988730689339e+00
-1.239985314846592468e+00 -2.318017504119116445e-01 1.166430264243171422e+00
-8.478256555077391399e-01 -1.266224220823849667e+00 8.628060592864116307e-01
-1.070598319344807425e+00 2.716068184950666264e-01 4.886639572974487145e-01
-8.164757864972167489e-01 -7.128697051259829109e-01 1.151173423577521948e+00
-6.388989938411827607e-01 -5.350315917208483540e-01 2.025260315276285750e-01
-9.551697381964372457e-01 1.726556818950264471e-02 4.459662832067352589e-01
-6.520630412248604735e-01 3.056820678590346230e-01 1.340418537528483833e+00
-8.872239917684814348e-01 -1.475458428431004831e+00 1.185836008209453230e+00
-7.769950562259175797e-01 -1.199269118572302562e+00 1.149668757535837749e+00
-1.021390542218162834e+00 -1.495568765302233372e+00 8.286060437850405469e-01
-1.112519866233290688e+00 -1.141597748882708707e+00 8.295168345795409515e-01
-6.428584175669074252e-01 -3.499642904109327990e-01 4.682669716322241937e-01
-1.058841205982059996e+00 4.738132759669824168e-01 2.677362703659943444e-01
-6.340574593830040628e-01 -1.026356077264004352e+00 1.323421060980249697e+00
-6.030898609682291411e-01 -1.496835067176707224e-01 1.834285962788317459e+00
-6.229066423842569700e-01 -1.491692993286599656e+00 1.438370656812928194e+00
-7.765278130304550386e-01 4.463445761444866378e-01 1.176621056137363786e+00
-7.847752851943535779e-01 -1.047937454128986978e+00 1.882757374337176159e+00
-1.285884084418279949e+00 -1.281737431184109655e+00 1.479122073127182801e+00
-1.084214964618054777e+00 3.439244625151003376e-01 1.947837101925705472e+00
-8.932254749742566391e-01 3.375328651128759461e-01 8.986566603980044032e-01
-1.160700242683481820e+00 -9.806060061526711280e-02 1.197813424026474616e+00
-6.345896490823184077e-01 -1.228876850380011820e-01 2.207522330344423855e-01
-1.073616006775161669e+00 -5.544042135313853592e-02 1.468129596991517349e+00
-1.003465321676282995e+00 -3.212466016474162522e-01 1.295020352991205659e+00
-8.026313361056388596e-01 -7.925604537673411887e-01 6.496740096283279975e-01
-1.175806116492072340e+00 -1.982534358770506877e-01 1.877141285158190565e+00
-1.004277670337968109e+00 -4.492551822199299938e-01 1.020667943478887674e+00
-1.126734702307607083e+00 -8.892081408784060503e-01 7.380419549783323596e-01
-1.192296272681916403e+00 4.945422958624658971e-01 5.148306573094072469e-01
-9.216665515890329896e-01 -2.566647318732404592e-01 3.018808654523421620e-01
-1.265475627184329488e+00 2.461682083470178029e-01 8.189178310809662742e-01
-7.855130048369683982e-01 2.765097330027566080e-01 9.482585284573014084e-01
-1.005590809264720775e+00 -1.301731604421898281e+00 1.771254929322118032e+00
-8.061619980313978751e-01 -7.320827227040964669e-01 1.364076612928547094e+00
-1.283431613705938501e+00 -1.441166718280430192e+00 1.752215517855481242e+00
-1.259304586417845595e+00 -4.104089360205980253e-01 5.480444941343499687e-01
-9.579226956975712692e-01 -2.481878633915020060e-01 1.913324302377506836e+00
-1.063374392428390491e+00 1.378155285924274054e-01 1.153371768291506116e+00
-9.725587183183723727e-01 -1.014317129565141640e+00 7.369776875344129508e-01
-1.239175526932942084e+00 -3.094265250329091277e-01 1.527982446973464636e+00
-6.690997712112914941e-01 3.578076867589465859e-01 1.757237198376087717e+00
-1.221708624706352220e+00 -1.479705699693780740e-01 5.547555717513381612e-01
-1.031868282432661710e+00 -9.571161197762885209e-01 9.899065121938536160e-01
-8.428055068955788709e-01 -5.843329512765920164e-01 1.044617969417257486e+00
-1.139473264225093985e+00 1.876347413055601265e-01 1.143678670165112710e+00
-9.152497977651685712e-01 -1.252492650172102762e+00 1.523631389558500748e+00
-7.707273081326089237e-01 -1.420718835880914632e+00 9.939832117254915334e-01
-8.441082199167589950e-01 8.030508503825539712e-02 6.337419768022769517e-01
-9.848719663329272844e-01 4.765778439083401263e-01 6.304978585217989595e-01
-1.031720688504954797e+00 -1.153688398009577787e+00 6.526137914390572892e-01
-1.198958932764437213e+00 -4.138319488818862357e-01 1.889926401731383043e+00
-5.854200685081279998e-01 -1.093300814223655326e+00 1.724856892159162713e+00
-9.887647181641874283e-01 1.612171391756374028e-01 4.651379883405487581e-01
-8.380669921488071994e-01 1.187735883824871941e-01 7.804003463733871770e-01
-5.323892682588468039e-01 -1.159739282047987263e+00 1.842797716900934635e+00
-1.066282822631781757e+00 -3.356642595010455032e-01 1.467476574965645097e+00
-1.064470498402274812e+00 -8.577479135966261659e-01 1.498115913759960449e+00
-7.892998516997171699e-01 -5.738746245668191470e-02 1.204591499829603007e+00
-6.419736649837136655e-01 -4.464645497570378652e-01 1.472789074569505585e+00
-1.247456948401705512e+00 -8.698511016617980207e-01 1.166026222667617684e+00
-6.990859125136128505e-01 -9.642036053137610363e-01 6.715384133680853962e-01
-1.016071463965334321e+00 -5.603597791965113650e-01 1.284022462324860392e+00
-5.675304127859241987e-01 -1.490633614558845688e+00 1.525652276109009886e+00
-1.075926058884604686e+00 -9.332425574044145300e-02 1.568272990843586845e+00
-6.994079944532285431e-01 4.550328009747424129e-01 1.811419662915584761e+00
-1.290608252847801785e+00 4.779866438516913174e-01 1.088811742032890884e+00
-6.227697648516551387e-01 -9.544666989525416589e-01 1.608266633287145142e+00
-7.492729529256622056e-01 -1.678034724053747428e-01 8.979196239640671040e-01
-8.938441951929581020e-01 -5.665212945988367110e-01 1.378741334302699739e+00
-9.976268752211675528e-01 -1.217400209989749849e+00 1.151220642264653593e+00
-1.220984739503766070e+00 1.443491745769736045e-01 1.582008281256439997e+00
-1.173851389175689652e+00 -1.141252196552973830e+00 1.610227247573112530e+00
-1.125682974036661843e+00 -7.895656615277599766e-01 1.155232873584905562e+00
-7.865930853046265714e-01 -1.253242570949325785e+00 1.477792149881873796e+00
-7.617943371295708976e-01 -8.395579012264819951e-01 1.891027588563189310e+00
-5.609425618834567029e-01 4.179872135359412599e-01 1.650710303245006116e+00
-6.487603847564807902e-01 -1.447770269269513355e+00 1.474443451801213500e+00
-9.075970744499347598e-01 -4.232402016930425503e-01 1.605700075851491659e+00
-7.845671168444998678e-01 2.661662070055497153e-01 2.415902392051902658e-01
-7.602692673332220874e-01 -1.044578502538137998e+00 8.422376617464808479e-01
-7.277375940488081119e-01 -6.265083569333662616e-02 1.460421509549883146e+00
-1.060957120759427941e+00 -1.411839347542232392e+00 7.433080714502595665e-01
-6.708117383614330409e-01 2.880488670380665361e-01 1.371152799467119765e+00
-1.243914529335821584e+00 1.876142866331638182e-01 1.749797953472154832e+00
-5.709927492504426327e-01 -9.533927229638416989e-02 1.066785263871899758e+00
-5.819177202606131694e-01 -1.177859570959734814e+00 1.155676996336701734e+00
-1.040088119845887782e+00 -8.848992812385945150e-01 1.198750439297123549e+00
-1.184544845270917968e+00 -8.521305945788590908e-01 1.641345802000400145e+00
-6.163653975886388414e-01 -8.532679844944741632e-01 4.574400671115919081e-01
-8.351268628676515871e-01 -8.457164082171053643e-02 1.522317716592875847e+00
-8.907737103114402588e-01 3.210520924082516103e-02 4.333653709234708273e-02
-8.458468824129776742e-01 -1.466277263190571833e-01 1.543815835458966834e+00
-1.228507999330332501e+00 -4.673737099737462763e-01 1.425829554562902057e+00
-8.919416803129809335e-01 4.375893260236305427e-01 2.070359252261091687e-01
-5.111800132686684650e-01 -1.042701451836978599e+00 1.144492582723250829e+00
-1.189555430126950197e+00 -1.459676212918504801e+00 1.078373812923166586e+00
-5.198906263658267246e-01 -9.963294653495662345e-01 7.014715595236106216e-01
-1.011880186666660464e+00 -1.932782667862338322e-01 1.510568795503161255e+00
-9.908435311550221058e-01 -2.417721754142079238e-01 1.727788284196943636e+00
-6.536260559258930680e-01 -5.449822412865770183e-01 2.159103547209963170e-01
-1.198217216442824862e+00 -5.621842101458274232e-01 8.749291619678731813e-01
-6.929025530479259176e-01 -8.139592311870680330e-01 6.728331273222725173e-01
-6.220953362112690010e-01 -2.285442971327620310e-01 7.548305539958298782e-01
-8.294400182513378406e-01 2.420805201815936503e-01 2.230146189123381750e-02
-7.690818437530037022e-01 4.982243216190631596e-01 4.974052754894984218e-01
-1.155398076595914203e+00 -1.481320087224017978e+00 1.947387404228805519e+00
-8.518439840776905747e-01 -1.213104843017922985e+00 1.431753387552488821e+00
-1.246827716446869294e+00 -1.309289328163308452e+00 8.777836303178707666e-01
-9.409841710856330366e-01 -1.164930652235574460e+00 6.231164424480094555e-01
-6.745779555522621873e-01 -3.019723277461210387e-01 1.057827472378254585e+00
-1.215241324109773480e+00 -1.481442038966231500e+00 1.557878356418941790e+00
-1.116521322830360097e+00 -1.384000637154656488e-01 9.366804939961631549e-01
-7.086079393756538058e-01 -8.260032816388045429e-01 8.468488904908889614e-01
-9.754036600597419948e-01 -8.801040023358701614e-01 7.610464784179981068e-01
-9.693920738335136678e-01 -1.289941048002712254e+00 1.735192128946783097e+00
-9.917483118573883205e-01 8.323213764164338890e-02 4.198937853714796997e-01
-6.565496990869165161e-01 -3.329356255862212510e-01 2.557134847667918987e-01
-1.035729180478240696e+00 -6.305419842246311468e-01 1.164117269250928066e+00
-1.011230114172624095e+00 -2.122834793628263217e-01 5.360353110107703989e-01
-9.565334876520801277e-01 2.682148793251322161e-01 1.103972194428124221e+00
-1.213129949293322962e+00 -1.104808479196162985e+00 6.678193412418674813e-01
-9.582972131200331312e-01 -2.379057618405617802e-01 1.170804963660194042e+00
-1.096897114058396516e+00 -1.116761126793130998e+00 1.891931720072462797e+00
-8.884908892992552376e-01 -1.456783594032462270e+00 7.149845009048099165e-01
-1.069420289374897859e+00 -4.466826652991828794e-02 3.827503537860846849e-01
-1.153304743753760908e+00 -4.648575612318894823e-01 6.187512278328400894e-01
-1.095129398841862889e+00 4.915339305803574366e-01 1.116567658380508865e+00
-6.854982336456212355e-01 -1.911963468682007505e-01 9.883058672646271026e-01
-6.627443999155431253e-01 -6.273283037388044381e-01 4.923174460656891682e-01
-7.075649780809438738e-01 4.612795055886305118e-01 7.360295432580762909e-02
-8.544337264568850898e-01 1.988928692446183533e-01 1.069022846241875213e-01
-1.091532441507240936e+00 3.029011905814165129e-01 1.855741009867477809e+00
-6.603342470981040657e-01 3.350227251820083740e-01 5.596189368290972466e-01
-1.270918943733834183e+00 6.158429287764044524e-02 1.423306208255988414e+00
-8.073559293874691400e-01 -7.324864436514437749e-01 1.398197876755685298e+00
-6.617751721879605586e-01 1.371963565590874623e-01 1.450912287975861359e+00
-7.660458734757980004e-01 -8.472514131612274291e-01 4.523344427458354522e-01
-1.116170694271585662e+00 -7.989071884887288810e-01 1.727577261080084359e+00
-1.292873346607257279e+00 -9.481169446034987125e-01 1.777119049319576982e+00
-5.153855679044752058e-01 6.018434991116983213e-03 -8.075660932680300830e-02
-1.223918047840677703e+00 -5.812799293386117228e-02 5.474681970763587424e-01
-1.137716284306840242e+00 -8.711198907137469583e-01 1.530373591269926781e+00
-7.086207501905403827e-01 -4.948463358789263467e-01 6.543453715629997669e-01
-9.148651709674928689e-01 -1.250156035952706857e+00 7.682557433693100180e-01
-7.419624925408331295e-01 -4.499396431158080301e-01 1.612688491794514345e+00
-5.170861335756771204e-01 -1.224397625912205356e+00 1.459881762069579425e+00
-6.516014705583421662e-01 -2.461311017620946284e-01 6.820274071351029033e-01
-9.928961840598726774e-01 -9.768908294549927263e-01 1.626511124715664058e+00
-7.081936857462752810e-01 -1.037939912990471392e+00 9.266856353276186065e-01
-1.159702558578233011e+00 -6.738377400383532834e-01 1.409993712308486025e+00
-6.905050065557671868e-01 3.277522180476621916e-01 4.711597906876554553e-01
-1.078637503065075220e+00 -6.400851587527549569e-01 1.656969958987667857e+00
-9.727072206234561591e-01 -2.804126864597185076e-01 1.346059976871752273e+00
-5.150629603488133812e-01 -1.114089375302949048e+00 5.301567841113636881e-01
-9.764890658849654237e-01 -1.454793613923120343e+00 1.707449298873751076e+00
-8.594862155628366640e-01 3.712274654268519214e-01 -5.403271675302102200e-02
-6.401905330770114588e-01 -2.907240802718225048e-02 1.772978771232944339e+00
-6.300241362570901948e-01 -4.766005251892799777e-01 1.876249260762009319e-01
-1.259827211008683667e+00 -1.300848458796688201e+00 1.962790703435377981e+00
-7.369712516544606462e-01 -3.718819643570767663e-01 5.108346325144799138e-01
-1.171410444356508984e+00 -8.762133642586584781e-01 1.593499189697819673e+00
-1.291970845331995132e+00 -4.312544172457872804e-01 1.078395073802380422e+00
-6.762311629269779356e-01 -9.218068825722649517e-01 9.578205609201820847e-01
-5.197620571149936808e-01 1.007683012441469295e-01 1.697993597446074920e+00
-9.730308126430591287e-01 -6.387908346074022692e-01 8.472317774733815199e-01
-8.180625204051392707e-01 -6.761237256282548458e-01 1.233309397377209571e+00
-6.410867117286132011e-01 4.639387508820922434e-01 1.640632770698345899e+00
-1.026853127045068037e+00 -1.217644141908909017e-01 1.798090803789530234e+00
-7.918373903868317631e-01 -9.757903566431807008e-01 1.062494375687193182e+00
-1.222680311044029633e+00 -4.397341232977747261e-01 1.093285836433479874e+00
-1.002993967817054077e+00 2.824485326715786560e-01 1.989556590647253209e+00
-8.714747537918285936e-01 2.823120969089403243e-01 1.771783152871981848e+00
-5.338879144348187555e-01 -1.051000016773864676e+00 7.513502008440806623e-01
-5.856887722056083323e-01 -2.076173995657670801e-02 -4.334935114405091133e-02
-8.834156820788453546e-01 7.770739027865269932e-02 3.323307853499734010e-01
-8.986520082219269234e-01 -1.244305570071703171e+00 1.775565543686306258e+00
-1.235541073163507475e+00 -8.720602170514266671e-01 1.892070717027251714e+00
-6.169477272608474561e-01 5.965424144408437712e-02 1.157520975968883703e-01
-1.287259134118279080e+00 -1.453972055089518767e+00 1.407129450818049410e+00
-6.135739422844318502e-01 -1.180368474179496197e-01 1.851638963147079764e+00
-7.096443932708876856e-01 -5.703767843978420071e-01 1.647252078602270409e+00
-9.590824609152257541e-01 -1.442986978617521121e+00 1.764799774133219978e+00
-1.030656021188902649e+00 -7.597358154073252656e-01 1.731049178479146189e+00
-1.194836870587690836e+00 -2.898170298208555540e-01 8.661349529950108650e-01
-9.315362283180462777e-01 -4.265986677526634185e-01 1.960891380064282874e+00
-9.510009771217112773e-01 -3.583635823642916662e-01 1.106436566730163440e+00
-5.741330351364652973e-01 -6.286013807712131918e-01 1.040448227145150506e+00
-9.916819454412775237e-01 -1.050565064711559193e+00 1.586520490344882850e+00
-8.538297706875398463e-01 3.884876818582576607e-01 6.842095641108053572e-01
-1.085326234182495186e+00 -1.315120401498852010e+00 1.258430655549472643e+00
-1.033518583582189843e+00 -4.992346282265744950e-01 1.974867817997575159e+00
-1.264957006864033229e+00 4.173416091290351737e-01 1.586006767541037865e+00
-7.818672446354190120e-01 3.255986347611605769e-01 5.217226504163052780e-01
-7.831600742445498087e-01 2.904897011624139047e-01 4.408931746330958523e-01
-6.073264120188304194e-01 -5.632971510509388047e-02 8.617052511494509570e-01
-1.167910532527381529e+00 -1.370835795099785592e+00 1.942931280076953371e+00
-1.011743888233582078e+00 -1.537438023935506770e-01 3.663852390379337409e-01
-1.164240663189919589e+00 7.881167904379537958e-02 3.942724067941916211e-01
-5.344046237220263507e-01 -4.288292581991721697e-01 8.970140861606001881e-02
-5.237139337692570118e-01 -7.217284603333362636e-01 8.766166495630318689e-01
-5.203235516859601173e-01 3.001462251905961942e-01 1.499675293932716258e-01
-1.210920978505033663e+00 -6.976810656554013335e-01 1.146168248016281366e+00
-1.165660067774671571e+00 3.173242767352386640e-01 1.404315894679295074e+00
-1.023724304228833093e+00 -4.196775320275043519e-01 4.699849700120560803e-01
-8.171188531478881245e-01 2.918278039707056237e-01 1.199592220821854793e+00
-1.267405946706244846e+00 -2.648714661206073018e-01 1.606709522894042896e+00
-9.461924842536674207e-01 -1.657210138669062971e-02 2.944080047205392958e-01
-1.079266188900518841e+00 -3.343991440562517070e-01 1.546283520537413025e+00
-6.208868657408319613e-01 -4.730782830398929661e-01 1.952654243235270926e+00
-8.335719524329554542e-01 -1.278352411801879640e-01 1.506651905806463132e+00
-1.145103701296722454e+00 -1.479790028223652909e+00 1.872588352835505621e+00
-1.278996221079926388e+00 3.049573356602277574e-01 8.949326861699834490e-01
-1.052262901996023237e+00 1.987805079066107261e-01 1.191440273656768190e+00
-5.658825022467918187e-01 -5.299748554232923681e-01 1.349932905437305930e+00
-1.208668486890629445e+00 -2.270799549424993291e-01 6.715658588892221559e-01
-5.563883148486212793e-01 3.928287723199566095e-01 1.311461586343478869e+00
-8.752376312076904918e-01 2.758455777532708986e-02 1.756323642783978789e+00
-7.981030356446389140e-01 -8.535513354731949498e-01 1.263266141645575935e+00
-7.544260308040109386e-01 -8.005124430940084856e-01 1.198983796735372254e+00
-1.009145896159646894e+00 2.199459231497780110e-01 3.829655793122769269e-01
-1.189079651990665454e+00 -1.407337182512174101e+00 1.509545342794348377e+00
-6.313503006272089824e-01 -7.963132587332582002e-01 1.250323294323528733e+00
-1.013434978443763068e+00 2.287909384326658468e-02 6.827617562609745727e-01
-1.076143734983765476e+00 -4.923925538899720511e-01 1.883051414532426637e+00
-5.563903118624592414e-01 3.602817056043550181e-01 9.899798676854806301e-01
-7.561928777285745751e-01 -8.289263813772329570e-01 1.252214323376283911e+00
-8.832223469475535271e-01 -8.873750796128465623e-01 1.607259010583512282e+00
-1.249437734702922631e+00 -2.625525040219556239e-02 1.537218930948119677e+00
-6.607931476601638376e-01 -4.958802782587723446e-01 2.722855300687985203e-01
-1.013696260454795439e+00 -1.118537019618921491e-01 1.312629354820632255e+00
-8.125748844505569224e-01 -1.184269580145832279e+00 7.842073471658175254e-01
-6.051127339326576315e-01 -3.253805313248632203e-01 6.838912460812949234e-01
-8.777986110672331144e-01 -9.573725872155012251e-01 1.143284806362889094e+00
-7.798283847493741039e-01 2.396292504996941908e-01 1.685986760781405636e+00
-1.269547528424216143e+00 1.806758642184058683e-01 1.039498450012450670e+00
-9.603666105966317534e-01 1.260002053943094502e-01 8.283198077027945638e-01
-1.127269585648758232e+00 -4.131510716063917510e-01 5.773869305949567154e-01
-1.110590984725952524e+00 -5.617049367162518791e-02 1.594175552597337342e+00
-5.326202816722639399e-01 -3.820504286259809312e-01 1.865350226104362852e+00
-6.512981619114496246e-01 -1.210145092100908037e+00 1.484078891435611780e+00
-7.944896440210006405e-01 -9.767950793180217861e-01 1.117147547321170054e+00
-8.915246085571042478e-01 -7.969674227791379018e-01 1.780446197391856611e+00
-1.063756182971951958e+00 -6.823269148337394174e-01 9.901976398140969193e-01
-8.292558293295486660e-01 2.350585491447105824e-01 4.938017446595214244e-01
-1.032708037738325757e+00 1.622078139941862673e-01 9.374195493902784393e-02
-8.285776642510891410e-01 -9.140683337654709195e-01 6.626447826079925330e-01
-7.941580690274412380e-01 -8.898698279287837742e-01 1.914836638976161964e+00
-9.091781684070651126e-01 -4.987313350534172685e-01 1.323820091010504019e+00
-7.016761769407643401e-01 -1.965853974353466427e-01 1.093516030821078289e+00
-1.092394422682864796e+00 -4.631729329601446121e-01 5.069613002115956890e-01
-6.639961852708406997e-01 -2.261575420348318488e-01 1.921646948220556705e+00
-8.611076768703319617e-01 -6.788406932297608165e-02 5.428095175785648818e-01
-5.600841145767038176e-01 -8.412332418197829842e-01 1.896698735045367901e+00
-1.151219666879948145e+00 -5.745676315022807401e-02 3.074442556092579215e-01
-7.115877301740439753e-01 -1.292877538994688269e+00 8.824984130973423380e-01
-6.333903875394226723e-01 -6.890281033902589947e-02 4.614322195398726234e-02
-1.102172616712044473e+00 -1.080144895178010822e+00 1.854867076685079219e+00
-6.742795142667443731e-01 -6.743736979167154200e-01 1.525745150900335023e+00
-6.475399817681166681e-01 -1.107921590685780444e+00 1.219655188547525082e+00
-1.299937874177767183e+00 2.107008342959986180e-01 5.513083975755980193e-01
-9.412737023984909523e-01 -8.591566244705086675e-01 1.750707814423748010e+00
-8.590877915865948733e-01 1.754046344438440208e-01 1.585910872146821582e+00
-7.656809473614439865e-01 1.922739777233670733e-01 -2.784152118962988920e-02
-6.472757499563422945e-01 -7.750616879960547934e-02 1.198725411665589047e-01
-6.570833751606509621e-01 -1.395128680384434494e+00 1.543460270500134568e+00
-8.140058490766244326e-01 -2.370287516416502704e-01 9.599143077787090084e-01
-1.039385073728236408e+00 -3.468492904649551622e-01 1.031344726884993790e+00
-8.852149470859439484e-01 -1.289490696710565709e+00 6.128650431224950124e-01
-7.904601522189846907e-01 8.272012494819347417e-02 4.089169799810403738e-01
-1.129454266087513314e+00 -3.815850503207587341e-01 4.168111472620201763e-01
-6.595356673100740696e-01 2.534775420641388610e-01 5.699411227410406955e-01
-1.111781257512053811e+00 3.679064740459112581e-01 1.141719467936821442e+00
-1.261213208388028750e+00 3.879900890771534883e-01 1.050396332578262593e+00
-6.285058468373638796e-01 1.771431265357161777e-01 1.375221461292085001e+00
-1.117879305834886150e+00 -2.849257629218153731e-01 3.489384481360154888e-01
-6.292590283324241973e-01 -8.424713469662969967e-01 8.156725915058253840e-01
-7.863051140586085896e-01 -1.066341627101330181e+00 1.099914972922495959e+00
-5.222810763996348360e-01 -3.118510457344065845e-01 1.820662314883117805e+00
-1.136573987155539589e+00 6.667753179106883366e-02 1.671484933786112403e+00
-6.306205070603358998e-01 -2.775891314755878359e-01 1.671566487174337201e+00
-9.504908280196731063e-01 1.150302405978658182e-01 1.040503800059878969e+00
-1.105729585801781489e+00 4.476741905244414621e-01 1.255187806669542105e+00
-1.074370634381777156e+00 -2.565314004243441914e-01 9.581004436465679897e-01
-9.760254107708317139e-01 -1.278998990233840560e+00 1.047596439401607959e+00
-1.124039669683825071e+00 4.349345629249419254e-01 1.881005485963529900e+00
-7.085056278260287721e-01 -1.283074457682341185e+00 1.603064295424850183e+00
-6.764246407678486950e-01 -1.286328031640342484e+00 1.867623543761518290e+00
-5.069855207247078166e-01 3.522307669400255303e-01 1.532954615733999493e+00
-1.282292680838914123e+00 4.541608049892804644e-01 1.539603078186257079e+00
-6.419770457246418705e-01 -3.332776577307552390e-01 5.144559093294126528e-01
-1.203192146053956746e+00 3.934885313134794949e-02 7.692461326895086993e-01
-1.232489794373021308e+00 -1.526489311801149107e-02 1.136173724453795275e+00
-1.292598798999913923e+00 -1.489095243173838012e+00 1.035074074695909729e+00
-9.476672693561557503e-01 -2.736363165316164636e-01 1.229844574589546546e+00
-8.776347674099700402e-01 -1.161942304980783991e+00 1.451815441724288114e+00
-8.278055642169699357e-01 -6.967367352351858667e-01 1.996511019244207930e+00
-6.308898469493487982e-01 2.882446547650063806e-01 1.513300054858298882e+00
-1.294519866587410695e+00 -8.784045771762460930e-02 1.857261278300320617e+00
-5.249330818110424790e-01 -1.159681743680530452e+00 1.233155635537459327e+00
-1.147955670779770232e+00 -8.744441315011366456e-01 1.687483346639395920e+00
-8.572411434008048170e-01 3.637666333358373638e-01 1.501842121607527725e+00
-5.619867439106923657e-01 -2.101430122813450208e-01 9.726506922786023468e-01
-9.782179454322674772e-01 -3.240349359863972101e-01 1.308721332953379113e+00
-9.256740037691804091e-01 -7.647531544379242430e-01 1.515671429448252283e+00
-6.800519513610755462e-01 -1.399132377590218912e+00 1.162229160005101569e+00
-1.138825499445789147e+00 -9.776031554659714295e-02 7.757067521016266509e-01
-6.028174749468578897e-01 4.707224063179018536e-01 1.189240944478604733e+00
-9.413343546511383497e-01 -1.014913973084979659e+00 6.287701352828605206e-01
-7.721196424231634436e-01 -7.590855231061530706e-01 4.245003516520855502e-01
-7.083099787778837086e-01 -7.595468210106974816e-01 4.234185151929920066e-01
-8.852319469457485823e-01 1.170805011487783265e-01 6.530230952693394375e-03
-7.929847788084193327e-01 -1.019837155121110950e+00 1.152856437944891566e+00
-1.061996040306849798e+00 -1.006972249725150093e+00 9.275122194267891862e-01
-6.155044054310391255e-01 -6.372295008347967915e-01 5.515690452665846788e-01
-7.684236484993230976e-01 -2.562133344963473114e-01 1.092802805066873217e+00
-1.068197961720605882e+00 -9.107640064761635124e-02 3.070053181790394214e-01
-6.925514922380670013e-01 -2.344994897690257929e-01 1.944143655419305450e+00
-5.965439876717539835e-01 -8.325271514069598755e-01 1.314504142064128578e+00
-1.135490366047355204e+00 -1.409495587462976873e+00 6.510911761522969465e-01
-1.215104703370593953e+00 -1.373836772624330571e-01 1.389540768309707186e+00
-5.702067150024242581e-01 -1.391908695959650277e+00 1.252732158039319810e+00
-5.635997412346146485e-01 -2.152926555727472380e-01 3.309033528822612480e-01
-6.596004605027927514e-01 -1.731126647901521931e-01 1.818284002759646301e+00
-9.822235960557219592e-01 -2.193823693962013710e-01 1.160120830784681756e+00
-5.509279104167198460e-01 -5.197948383145116757e-01 1.902163561461191144e+00
-8.704099990637087503e-01 6.194785348923881330e-02 1.270546103299174667e-01
-1.027734419911939590e+00 -6.993262139454865522e-01 1.442580302520472646e+00
-5.113865521555018834e-01 2.651924424828182580e-01 1.024968733898322215e+00
-8.372790383412708204e-01 3.601133861578478257e-01 7.225317220857605527e-01
-9.111486022893187098e-01 3.736336573297083241e-01 -2.621084156567018986e-02
-6.587041689240593634e-01 3.756255811545008427e-01 1.345688049755717319e+00
-5.692367043694971374e-01 -3.191227586301137453e-01 -4.072715239429496731e-02
-1.234840746778334220e+00 3.127052480173420079e-01 1.867300050987701354e+00
-9.632390971779187794e-01 1.422946584134057169e-01 7.157421461594956069e-01
-8.353651202643775919e-01 7.405734663809293572e-02 1.528003669928083674e+00
-6.234706287899639543e-01 -1.407619318998829527e-01 6.826297123356378505e-01
-1.081970835160168010e+00 -5.162948447383475248e-01 7.976078192070350514e-01
-1.024731933362973413e+00 3.151171458960289051e-01 1.871599061727951652e+00
-7.550862008562668759e-01 1.162623515127008123e-01 1.006984314243430934e+00
-1.257208606499718995e+00 -1.267796380742667095e+00 1.958619383066623421e+00
-8.382578495248975692e-01 -4.795323142164464869e-03 1.804347841151118459e+00
-7.545966849122777154e-01 2.215945685354359096e-01 1.152111421161015281e+00
-9.517770951449724404e-01 -1.382991351242941924e+00 1.357320940500348572e+00
-1.180058258209941702e+00 -2.338929340898927567e-01 1.105985417320756614e+00
-1.157144698666576765e+00 -1.292712540871631566e+00 1.152926247501139700e+00
-1.014977919724290745e+00 -1.153919661450649725e+00 1.929165451153706190e+00
-1.003596355840857157e+00 3.425350551494681373e-01 6.228456388615832839e-02
-1.091462126319066916e+00 -1.501184391781780203e-01 8.123479193052053349e-01
-7.274131817762606866e-01 -9.854981661332162801e-01 1.820281153007975439e+00
-1.065883342621161134e+00 -1.010130733942822712e+00 1.821824733531616225e+00
-1.224661848164613431e+00 7.902562518235156652e-02 1.865123170814740883e+00
-1.028611852615401778e+00 -1.063390367528166403e+00 1.876987786586592488e+00
-6.595131531587702378e-01 2.831931049761582386e-01 1.046445697978254596e+00
-6.326901014106212084e-01 -8.816071978152122401e-01 1.773246690275791293e+00
-8.013855866981778320e-01 -1.037000476259400505e+00 1.721177030680196118e+00
-8.548717163904068217e-01 -8.234193124302979783e-02 1.609117768956412675e+00
-9.948576510616522484e-01 -7.781684222084359615e-01 1.084701968323675381e+00
-1.129452608087739174e+00 -6.615608657208003063e-01 8.585873819426873554e-01
-9.700683480510683410e-01 3.507003597638054249e-01 1.848786604373584552e+00
-6.300272370537015609e-01 1.022647080996330615e-01 1.553202918809217792e+00
-8.710042846992910315e-01 1.902871169277684515e-01 1.456441755050509768e+00
-1.290883726224433703e+00 -1.427642221880280893e+00 1.334616459863515958e+00
-1.043453144164479429e+00 -6.705316985927174400e-01 9.343317763021662392e-01
-5.834097897983638870e-01 -8.486742668787741195e-01 1.001472040451699241e+00
-9.320086562232928751e-01 -1.226467771798887663e+00 1.520596172305300753e+00
-1.085239079365691861e+00 -4.283605044959697405e-01 1.999137342117874638e+00
-1.003177400360466764e+00 -1.013430737747328614e+00 1.968735286230805848e+00
-7.588290893442658502e-01 -8.605878268473401427e-01 1.934748546201662922e+00
-7.591661933111742977e-01 4.044615101053337103e-01 -8.073605553761774301e-02
-8.896243542713042629e-01 -9.489097957326848576e-01 1.225889887189697491e+00
-5.927250380868483992e-01 -4.024002942761863988e-01 6.126416296799200856e-01
-8.019739883706261674e-01 2.709236068026852351e-01 9.112381323185406723e-01
-1.253179450762127445e+00 -1.092514374969954627e+00 1.603440858319430395e+00
-9.175384000389110728e-01 -6.080692539457857038e-01 1.068899384573956723e+00
-1.048056082474504214e+00 -5.981681431790168979e-01 8.488620125744956724e-01
-5.348149600499463308e-01 -9.234591945463630491e-01 1.334314842301055792e+00
-1.103225519864471815e+00 2.986613709073411282e-01 1.639038045454068504e+00
-8.747273159945507803e-01 -9.933388828452276442e-01 1.032182017371625626e+00
-6.021021657633646162e-01 -1.360685810126889717e+00 1.909673890245872308e+00
-6.165227583398564803e-01 -4.067033412675422621e-01 1.336471192931628360e-01
-9.101349983995137283e-01 -1.452349141210100836e+00 8.202215032112782911e-01
-8.842750128811510679e-01 3.087114795861831684e-01 1.023894688383840679e+00
-1.077874346065199385e+00 -8.143189057932513908e-01 8.672754211710472783e-01
-1.287145661025166810e+00 -8.054767659383430534e-01 1.943099260306291765e+00
-6.696710647661259230e-01 -1.184901441466054361e+00 1.687463919632627540e+00
-5.023800376474907292e-01 -3.372996272780899307e-01 5.501053917145111161e-01
-1.112673476860150723e+00 3.141456681835832487e-01 1.960492846018453417e+00
-5.523378786634299820e-01 1.183638002731566274e-01 1.337359020103066953e+00
-5.303775865429936065e-01 9.698361417177836508e-02 1.490559884052666151e+00
-1.287025714498293949e+00 -6.050434468617980066e-01 1.702234397801378751e+00
-1.020566885109156718e+00 -1.603078093126850678e-01 6.655283928383159964e-01
-8.016255051958904865e-01 -1.172721121914881870e+00 1.746949260337407495e+00
-7.949972280110152445e-01 -5.649126385214200408e-01 1.794650491127789182e+00
-5.965961679415082708e-01 -5.969473243268235141e-01 1.136109749355497245e+00
-8.625944266529479432e-01 3.323957169466045247e-01 1.384867309190513263e+00
-1.251523506272584241e+00 9.266352438569769312e-02 1.467557089130087311e+00
-6.706740015069452276e-01 -4.319701618829319134e-01 1.462311644588736526e+00
-9.174652197846924206e-01 -1.875726252335181421e-01 1.520340528415152326e+00
-1.199187480530784944e+00 -1.619444718302176511e-02 1.849453123711131353e+00
-7.149820124975078128e-01 -5.985278797220299207e-01 1.215851937587410392e+00
-1.097058374050966734e+00 -3.923505438475807239e-01 6.830208745163646178e-01
-1.067042455660054623e+00 -4.573192405092472157e-01 1.642220093985272911e+00
-1.094595626635484376e+00 -2.924555082316335763e-01 1.683290808934515104e+00
-8.799063006093115202e-01 -8.505405207434717507e-01 1.955254650178418263e+00
-7.561894700513585033e-01 3.399545162817509958e-01 1.305249214423970683e+00
-8.821273202227590815e-01 -3.594982980255456706e-01 8.072448968871317465e-01
-8.762440909509088272e-01 4.824842494155263672e-01 4.076526665427107066e-01
-9.687887405984727529e-01 4.124795971163790487e-01 8.068301188554075631e-01
-6.342988522328356638e-01 -1.114741710891096638e+00 9.961300018647508692e-01
-5.746256167815463334e-01 -1.233377687967995406e+00 1.133362722690357316e+00
-6.994849178529418676e-01 3.863632413133919474e-01 1.024653433515973155e+00
-7.945820806829348992e-01 -8.824331868441233073e-01 1.286375667997514016e+00
-5.353198216970318501e-01 -1.249672846795170988e+00 7.192295458308797240e-01
-1.162102600960971177e+00 -1.446170385941444092e+00 1.561534646648870206e+00
-7.062647651334129639e-01 4.187723576319470897e-01 8.086445280031049343e-01
-1.130713374551525430e+00 -9.927452488669581410e-01 1.147064146501769022e+00
-9.628613988521734779e-01 -1.035467274620155420e+00 1.426571648723349517e+00
-1.064212597912524760e+00 4.313896620423585127e-02 1.554621181831541410e+00
-8.437640403711819115e-01 -4.978006296913228823e-01 4.580551657368764351e-01
-7.614238228688786636e-01 2.885584820379589743e-01 5.784122299324947480e-01
-1.261920104877393589e+00 -5.549657803750476237e-01 1.506628951017597196e+00
-1.054007741188977887e+00 -1.111702072549626497e+00 1.090304592380040960e+00
-5.224265749593237640e-01 4.903018017794373851e-01 1.359134009614427985e+00
-5.403747753325097714e-01 -7.944275880423523617e-02 1.365622099900585917e+00
-9.644756082180936385e-01 -5.868731829434912228e-01 1.897824264444432529e+00
-7.590444291093122464e-01 -7.514395955683406125e-01 5.017906085921574055e-01
-9.865668731990424600e-01 1.023708776994798342e-01 1.525182139938131121e+00
-8.958500460719647229e-01 -7.874077950285480743e-01 6.461408874820890880e-01
-1.053043273008914982e+00 -8.567575949769392629e-01 9.055121812561873762e-01
-1.211095795467628244e+00 -7.414877654129625739e-03 1.648505779388077297e+00
-1.186006578798230127e+00 2.897012799425839891e-01 1.624992696660580105e+00
-1.088658552279695879e+00 3.826237732482196119e-01 1.259482415897269281e+00
-7.214447819959196595e-01 -1.423339667070953052e-01 6.686997492656931996e-02
-5.371331312061031760e-01 -2.825817614868888494e-01 6.277997965469737096e-01
-7.691025303079411790e-01 -2.676392736726291854e-01 1.448502027155359029e+00
-7.476858287742803588e-01 4.422507678464240310e-01 1.460051255330025333e+00
-1.071765883513046802e+00 -6.666103104675751290e-01 1.409811441017914779e+00
-8.267123361635293488e-01 -4.725933281702303645e-01 7.724354500538260782e-01
-9.738502644290789600e-01 -9.824972312684632225e-01 6.638680981120254065e-01
-1.144610495766229086e+00 -1.194059205173330085e-01 5.413677511033300194e-01
-1.053342135510755284e+00 -3.448927646413377790e-01 4.497309233577985177e-01
-1.133283073478326575e+00 -7.706815654208238886e-01 1.543919834090093035e+00
-1.219853232454493286e+00 -2.263744453412774860e-01 4.366395967295420011e-01
-8.368429564743116167e-01 -5.225288339202582844e-01 1.460387208223818956e+00
-6.110152893800321339e-01 -2.503736434833387925e-01 1.678874694432279213e+00
-1.241854770100037975e+00 -8.440491322417416065e-01 1.128014309356056399e+00
-6.904464164715701235e-01 -5.162977838828135546e-01 1.043749584160382993e+00
-1.023788466452304924e+00 -4.031485347871388569e-02 9.594133930139882027e-01
-8.828339691820247248e-01 -6.120339312536138276e-01 4.657473958016464799e-01
-1.065282307875223378e+00 -5.766941050849603290e-01 1.887281140977401517e+00
-1.113606659937442345e+00 -6.099012513027184390e-01 1.448197462835566052e+00
-1.126064479233233939e+00 -7.278854384893271856e-01 1.150839095737609563e+00
-5.657192267188835277e-01 -1.859530212186231157e-01 2.102297900958936261e-01
-5.536287582786637573e-01 -1.244511829519214796e-01 1.214217484270744940e+00
-7.336564027731865556e-01 -5.511579142128459896e-01 9.177439112730380044e-01
-8.340102046364388233e-01 -8.587608593302873405e-01 1.460226902550285422e+00
-9.750548681784201310e-01 -1.268644967825179215e+00 1.177700117942278579e+00
-1.272407050712325072e+00 1.381964027040039067e-01 1.982385445694314186e+00
-7.687876777997022515e-01 -4.676643683364452020e-01 1.203759867355718827e+00
-1.211106474908372199e+00 -7.473135924632230420e-01 1.364598686720514653e+00
-9.890429292749468582e-01 -2.135675997048063213e-01 1.478462797565831544e+00
-1.050600632689120850e+00 -2.414198136356771052e-02 1.013614189602169313e+00
-5.208279305755715294e-01 -9.280123824922987819e-01 1.751057641298765510e+00
-1.296100586289370193e+00 -6.439830004483311221e-01 7.570633860539023319e-01
-6.536692181155174808e-01 3.262931224474521219e-01 1.169483067756104999e+00
-1.261405107995225983e+00 -1.424486628711842506e+00 9.743868602635076259e-01
-1.064120734386502010e+00 -9.162183054286041628e-01 1.643075514163757633e+00
-7.781139073179409449e-01 -2.462115613451698604e-01 1.964446910155956072e+00
-9.786274567235409005e-01 -3.942620607620104245e-01 1.251352313053327059e+00
-1.155762440202008134e+00 -1.069952819991568438e+00 7.945167624469705592e-01
-5.321540975879665014e-01 4.562179592631090408e-01 1.600656517134384782e-01
-5.834342190656107707e-01 -5.454838950177576251e-02 1.141464233262307060e+00
-1.212978471297094130e+00 1.711671625358612836e-02 9.764539653873779423e-01
-9.035879482744904045e-01 2.315799488539440620e-01 2.074963774756624357e-01
-6.575494965159555116e-01 -6.757569930537090652e-01 1.914956277649174421e+00
-5.798511729633812894e-01 -1.194380076758412290e-01 1.625330682610221789e-01
-5.200089168734217671e-01 -2.376547644964999151e-02 1.683484438623918722e+00
-7.419764055194358887e-01 -1.021338128781579258e-05 5.067440608189349716e-01
-1.065643321133146193e+00 -7.898947697562397341e-01 1.726994620157648930e+00
-8.096241864247827325e-01 -6.052051449074438150e-01 1.218273864774491955e+00
-1.284648920419099838e+00 -8.128122216864752669e-01 6.924265157888055411e-01
-5.702830302048074174e-01 -7.624886740622729420e-01 7.639310099162435197e-01
-7.623606907160035417e-01 -1.415645814278598813e+00 7.623271373394957529e-01
-7.484044189546698034e-01 -6.433133005589455333e-01 1.011344505765204183e+00
-1.121303519039852148e+00 -2.825246272435639749e-01 8.816719931890809603e-01
-1.152929243100155432e+00 -1.173099856723987200e+00 1.977830399368752712e+00
-7.388036971302343048e-01 -1.285989142935481278e+00 1.328947836676756644e+00
-8.143339173191315172e-01 -8.211196401517446564e-01 1.701770200993696358e+00
-5.695787536226694092e-01 1.476967358182175172e-01 1.087831898701494993e+00
-1.027853099616435451e+00 -6.931564073286149430e-01 7.030847827457946675e-01
-1.074163430467126590e+00 -9.717974596167100465e-02 5.912666045885937027e-01
-6.305935978980452550e-01 2.025968900814421048e-01 1.989090031106957035e+00
-6.654273090526613421e-01 1.068661740589349485e-01 1.650806856635085529e+00
-9.718908769581811047e-01 3.156029075334645384e-01 -5.278867085647656610e-02
-1.161488478083997578e+00 -1.085560371468438312e+00 1.276598518086403677e+00
-8.411961921625052963e-01 -1.204818337513571258e-01 1.774082134075962491e+00
-1.089063795719774852e+00 -5.261799221838225904e-02 9.950457152068375999e-01
-1.085183514381226288e+00 -6.785258275266421446e-01 9.253386763511780577e-01
-5.982316459001632003e-01 -8.467637683969830853e-01 7.433984979423726713e-01
-1.055257694449126760e+00 4.861162948699984110e-01 1.578316684863702690e+00
-5.155939884051983224e-01 -8.809094635808336626e-01 7.044053595262586009e-01
-7.830754715867208615e-01 -6.019184251219700243e-02 1.648585019679752739e-01
-5.790967950791060526e-01 -2.974906199822704433e-01 1.795770797039963229e+00
-7.080257593698262575e-01 -1.127149025863654508e+00 1.442911930035145174e+00
-7.864462163140654161e-01 -9.736446787014971793e-01 1.079218776610217256e+00
-5.701115411305023306e-01 -1.136813372246642029e+00 8.163116598701636306e-01
-1.179759088328089511e+00 -4.277499309448915543e-01 1.735336747141176916e+00
-9.512867576598671437e-01 -5.371467118300425891e-01 1.321720281991760171e+00
-1.154872851543621737e+00 -2.426823371768276338e-01 1.152353465902172802e+00
-1.081666920420238931e+00 -4.830246350913292019e-01 1.996514859872457581e+00
-6.843480472518475022e-01 -1.270844009990706569e+00 1.327253186041988942e+00
-1.050928659640336660e+00 -1.402334801354781613e+00 7.877465423621775598e-01
-7.943121853733544624e-01 -4.978677420311039548e-02 6.854099788612776356e-01
-6.571532330732692273e-01 1.469145088171437408e-01 1.992351481885585862e+00
-5.312060872818545887e-01 4.476519119460635743e-01 1.241158851421044318e+00
-7.798995823617884682e-01 -1.474686108630695269e+00 1.297755175755805013e+00
-1.021585233609271226e+00 -1.345705108222197133e+00 1.063916984626789075e+00
-8.770419969893344936e-01 -1.206375684422054118e+00 9.233343525127030160e-01
-5.234914804361965324e-01 -2.046049662741644681e-01 6.980184219790356304e-01
-8.929248809511161067e-01 -6.304606104663925681e-01 8.893101536790800621e-01
-1.190614717843796466e+00 4.094984236294021418e-01 1.794555662055146827e+00
-1.276087835545646643e+00 -1.151465731756813327e+00 1.840298558717543553e+00
-1.203514611773145448e+00 3.066310393652462718e-01 6.652058128165210249e-01
-6.958164466771912249e-01 2.137128362000475512e-01 1.614204861314132655e+00
-1.203978249731099348e+00 -9.812895900652012227e-01 7.977761541075497620e-01
-7.717017966170405252e-01 1.203915479983834746e-01 8.646803613400103616e-01
-8.199824818889243083e-01 -5.504821145882259348e-01 1.511399985355022180e+00
-1.032457377511478924e+00 -8.202859321104534196e-01 7.612193778963581847e-01
-6.302581428238194228e-01 -1.372862996034780902e+00 7.969648906288857582e-01
-1.121074137464921794e+00 -8.727108781606105481e-01 1.208724742973225963e+00
-7.771332447059596804e-01 -9.740038343577859248e-01 1.484183241526621178e+00
-1.240556492701336611e+00 -7.556123046578555602e-02 5.248491703512054851e-01
-5.327946053500862700e-01 -2.504800891646317140e-01 8.037985469874315836e-01
-1.228352659389475798e+00 4.366325600193337042e-01 1.548684421260583921e+00
-7.311632355671190409e-01 -1.152071692428304761e+00 1.306479972348406626e+00
-8.134410930685167518e-01 3.355178532731266650e-01 3.032632974081750366e-02
-6.531413909001269058e-01 2.952852366231772940e-01 4.884998141993797116e-01
-1.160072765543673778e+00 1.299186604366231457e-01 1.968607860519636876e+00
-8.889402738307021767e-01 -6.668526558147167549e-01 4.472680385016850613e-01
-6.307949863276990365e-01 3.427628870143020201e-01 1.627945855225082950e+00
-1.087924167276443255e+00 -1.135592435653342225e+00 7.773456367965956293e-01
-8.436687850052663196e-01 -4.166810808272192190e-03 1.251448114763370256e+00
-6.422235458980718459e-01 -1.479177026727126032e+00 1.782925187889513596e+00
-1.243081070612332972e+00 2.383419652064213690e-01 8.096496386000840983e-01
-9.361866567176297949e-01 3.973458463124768247e-01 5.650236587578421066e-01
-9.388885241926017144e-01 2.570541011546401133e-01 1.086099508818162862e+00
-5.847746718089072981e-01 -2.661104379856493729e-01 8.858634296414551468e-01
-6.992338186368171060e-01 -9.274701076659668253e-01 7.344958972213071480e-01
-8.267925549276540220e-01 -1.332399621943463730e+00 1.886989309602124631e+00
-5.695412281501865959e-01 -7.997155652142240445e-01 1.562467129079129435e+00
-9.171771316259873519e-01 -4.960632952625303460e-01 6.727411685527429075e-01
-9.087281389255721376e-01 -1.417986827117259097e-01 1.777484519452654788e-01
-9.522267256582797046e-01 -9.822193300099690827e-01 1.061654810716782915e+00
-5.726225932913575623e-01 -1.187838060186059863e+00 1.212458814463940993e+00
-6.252880383370094108e-01 3.809045247425935088e-01 1.239051280806532651e-01
-5.470714231581926823e-01 -1.189116908972086550e+00 1.262175519415099423e+00
-7.470293265936545080e-01 9.888932613939527272e-04 1.515699319159382830e+00
-1.112921107214697392e+00 -8.991322977842133302e-01 1.508137876515978304e+00
-8.949547732315246140e-01 -4.419008166540685512e-01 7.954790523042668537e-01
-8.089490160087067228e-01 -9.710559932531070970e-02 1.820882053265493461e+00
-5.527469973053664720e-01 1.299521427094265658e-01 2.662315078122902134e-01
-5.870874279101151449e-01 3.047335057312250406e-01 4.285005428623966939e-01
-6.085792922276782591e-01 -3.486022381896740630e-01 8.933213516031924817e-01
-1.119326726489231705e+00 -8.584245649733088790e-01 1.967799375148957530e+00
-1.265021287923673077e+00 8.624220622757339250e-02 6.468678521585951025e-01
-1.021329998460344335e+00 -2.632614579676115785e-01 1.671439196656292703e+00
-8.469060914054979960e-01 -1.279734964295822230e-01 4.491040608070401285e-02
-1.118844762587305919e+00 -1.416898946843271112e+00 8.536913956545901794e-01
-1.105113996396081655e+00 -1.365161246432255115e+00 1.024068800462310636e+00
-1.058431553843262485e+00 -9.020312047684162504e-01 8.879791733091055850e-01
-6.023004456265661499e-01 -5.466594284399852732e-01 1.556967275969268316e+00
-1.019614280849733046e+00 -1.297785425665298531e+00 9.165252470870789425e-01
-1.117821587489600255e+00 -1.351995822303924344e+00 9.426424495690287619e-01
-9.953543344884343558e-01 -1.141345539028965739e+00 1.891559365673966209e+00
-1.024195547950857987e+00 -1.253743089689232981e+00 1.312148673033106006e+00
-7.664060302971423821e-01 -5.860816603591763041e-01 1.693479470016804989e+00
-7.370057976594431848e-01 -1.080970981438633016e+00 1.994793816209680326e+00
-9.438482687657400172e-01 -2.260449591269189096e-01 1.910113717023471214e+00
-6.851859451490036612e-01 -1.868449095256576875e-01 1.479859109179680221e+00
-9.772581977973435752e-01 2.671440047270268181e-03 1.029018108466044801e+00
-7.535387441282886956e-01 -1.197166553961530600e-01 1.818569868989788008e+00
-9.280773062934413176e-01 -4.276052359628801369e-01 6.606359432391546438e-01
-7.085226026381765685e-01 -1.042289855607416715e-01 1.879839282038753945e+00
-9.032509600453334508e-01 -1.406873041217854059e+00 1.384197498600721277e+00
-6.317678437750900988e-01 4.473204392968055387e-01 1.649477763612560377e+00
-1.044936209914217207e+00 -9.803531679924446518e-01 1.291295059687155966e+00
-5.049871155446601367e-01 -4.177521338275265173e-01 2.245397133339841755e-01
-1.141913302553899445e+00 1.144842492572875070e-01 7.687754554809926866e-01
-5.611842346044467744e-01 3.014274771925109508e-01 1.095978210452554613e+00
-1.271844204345624618e+00 -1.232173653809067293e+00 1.304621803798197810e+00
-1.096963166794013844e+00 -9.772982314932783243e-01 1.335918438826137145e+00
-1.292349710552217479e+00 -1.015539553286969543e+00 8.669241421220704735e-01
-8.115837873618119147e-01 4.834411823271087538e-01 5.341075326556721237e-01
-7.476397256604252473e-01 3.463881794656102908e-01 -5.633800813444995309e-02
-7.632766277240582431e-01 -1.284238830890603200e+00 1.595079103108990148e+00
-7.493913246595739208e-01 -1.209262830637523711e+00 1.711083369527259812e+00
-5.344979276293305714e-01 -1.365119153691148890e+00 1.650265815937137059e+00
-5.181131751938078400e-01 -1.519912204255511323e-01 1.010674420423235853e+00
-7.515657138276108373e-01 -5.006886496570113199e-01 1.852850054511655076e+00
-1.254169072100736138e+00 -8.619644159292816354e-02 1.368208811785020629e+00
-8.393976529959955579e-01 -1.186834581742106653e+00 1.877036458383250395e+00
-6.424440867473195649e-01 -1.217601754989942053e+00 7.250384336903432647e-01
-5.137372404580978769e-01 1.593521933771957499e-02 1.528824327606428390e+00
-8.470409477241847007e-01 -1.156194695062129352e-01 6.486299114797849930e-01
-9.899670665040722906e-01 -6.768168867911830144e-01 1.094203401926384434e+00
-8.966789920655947599e-01 6.487146396816356742e-02 3.121647192823123751e-01
-6.041085019124093902e-01 -8.009554747648428563e-01 4.451988581017107816e-01
-1.215070596274346437e+00 -1.080401365126351543e+00 1.680543824449896473e+00
-1.258037440845193977e+00 2.652122105238756689e-01 9.630706927639055559e-01
-9.524542032010879788e-01 -2.917419915361463278e-01 6.825284532440363261e-01
-8.358457447773589566e-01 -1.025085624853177890e+00 9.385672249049580307e-01
-1.272795211276683824e+00 -8.569350738687717683e-01 1.537992245684055126e+00
-5.341780276481084000e-01 -4.865282259926835273e-01 9.256011746614311031e-01
-6.665021275594914529e-01 1.771255153434088125e-01 6.043179869465605814e-01
-6.171806714942563721e-01 -3.003836292066484059e-01 4.358687319709628749e-01
-1.024788542110499412e+00 -1.052600938956642640e-01 1.328477348582062234e+00
-7.120132640750495012e-01 -2.935703908286877439e-01 1.775589179961931219e+00
-8.909848422345976182e-01 -3.847781065595365924e-01 9.523208057867925680e-01
-9.794321722617209680e-01 4.571243541884084660e-01 1.309860305907129208e+00
-7.312520930321894097e-01 -4.227201103231925661e-01 1.171148673798256601e+00
-8.575138704147702295e-01 -5.067492506310009581e-01 8.169043577848322801e-01
-6.381782172881085291e-01 -4.968629665021242481e-01 6.045070236859697577e-01
-5.279003076634316560e-01 4.763097577267227933e-04 6.750984301091046413e-01
-8.129369817237515061e-01 -1.101877353022101103e+00 1.064539959684661863e+00
-8.731717957795762652e-01 3.433041645709684619e-01 1.701808311003105700e+00
-9.339362974970677467e-01 4.152130325463863070e-01 1.517030364572490964e+00
-8.009093332720644831e-01 -1.211116381079926363e+00 1.802881139698691459e+00
-9.157659729646306923e-01 -1.341212324555361102e+00 1.777682201641924919e+00
-8.523863764470982485e-01 1.076953163957803383e-01 6.436487982562189014e-01
-9.912669523990114140e-01 -1.162697515434810258e+00 1.296384395068761908e+00
-1.097671364678914685e+00 -2.536009443798081797e-02 1.384709852255657792e+00
-1.193029115249153227e+00 -2.932817748322438245e-01 1.904917433698745999e+00
-9.697441744517398821e-01 1.623682929854532997e-01 7.657154228773412896e-01
-5.747865331797374910e-01 -1.305939376641784833e-02 1.146451108721714851e+00
-5.582913187091784746e-01 4.677340134921721404e-01 5.911895789617008790e-01
-6.016544785080627511e-01 -2.932030040808077942e-01 2.661365551372304461e-01
-6.582219407572419412e-01 4.113742945241836146e-01 1.412545261311701550e+00
-9.556130241318763208e-01 -1.402501110020534236e+00 1.346458963319128399e+00
-5.953853763275962496e-01 -5.091191855033840863e-01 6.941804900893153718e-01
-9.461575875167620442e-01 -4.176982511009073029e-01 1.478877447741722806e+00
-7.210072199283380501e-01 -5.693914347780872909e-01 1.796400837098097503e+00
-7.353823665477594584e-01 -6.751214861818179980e-01 1.023198092158239314e+00
-1.191009156869711871e+00 -1.198251556936821505e+00 9.534414083677084095e-01
-5.454441812171296755e-01 3.362087436676026719e-01 1.477041477195130570e+00
-5.610973721987277951e-01 -8.932550262200695812e-01 1.899984071418252540e+00
-1.131637363805214846e+00 -9.391105965017132462e-03 1.999368529698680952e+00
-7.541578262003483246e-01 -6.123061816587926920e-02 1.780437226636584436e+00
-1.178947687284551682e+00 -1.365833802991633039e+00 1.829623012482082034e+00
-8.194880181305281841e-01 4.195347606956199016e-01 1.613939314443439521e+00
-6.667449310365989312e-01 -1.064261536263495289e+00 1.260867598705659898e+00
-5.486594059550919944e-01 -8.532813929185960600e-01 6.006149513164706910e-01
-7.825974628919846188e-01 -5.236377589875720329e-01 1.975851438048163544e+00
-8.884411278244648269e-01 -1.539861604861711974e-01 2.284141787868500806e-01
-5.441270790413007541e-01 -5.776468368888885152e-01 6.786902941170143144e-01
-8.285670259054289666e-01 -7.975091938299838645e-01 1.720619318516729779e+00
-9.161884789027833209e-01 3.932107119307746146e-01 6.377721054358848063e-01
-8.499134251492296288e-01 -7.331393727232482505e-01 1.840829067158502363e+00
-1.022724402318026637e+00 2.761472304345109485e-01 1.121255161564913339e+00
-8.491505627038160586e-01 3.774033998769470433e-01 1.236501434773515928e+00
-9.764883452779519191e-01 -1.194920620293993263e+00 1.362405162884629206e+00
-7.923876275920734846e-01 -6.291576055329175521e-01 1.480885710508276887e+00
-6.632697083710954455e-01 -6.961229595081319665e-02 1.738842131334228602e+00
-8.968231177765937367e-01 -1.374081308884995689e+00 1.118289015814132537e+00
-1.062624039864270120e+00 -1.462948995043092726e+00 8.642942792361034687e-01
-7.483366671531953562e-01 -2.139160872106367073e-01 7.758479377620768336e-01
-5.263192468485017317e-01 -7.344284017913813578e-01 3.188821835931646698e-01
-1.101947494618932932e+00 -1.266756187779624732e+00 1.071850513894283985e+00
-1.123221814600292578e+00 -7.260235124954483865e-01 1.197414638243694984e+00
-1.262702917924013457e+00 -6.806928838648445002e-01 1.381698562705090838e+00
-8.477477838726277248e-01 -1.466493557722076568e+00 1.662294144278978925e+00
-1.008229557300823309e+00 2.196665387380036805e-02 8.695948555933136204e-02
-1.076125388006151873e+00 -8.403015202436745490e-01 1.948307112597300605e+00
-1.057814107471533926e+00 -3.909038389984480499e-01 9.828875961170474573e-01
-8.802777993303165793e-01 -1.349523164884154580e+00 1.009661606441397463e+00
-8.588400114505856386e-01 -7.254318228631506660e-01 4.339304432205650652e-01
-8.876290467164001941e-01 -1.231655729798003307e+00 8.313524108614369634e-01
-6.651585875431107464e-01 -1.376078382820388191e+00 1.854711021922639258e+00
-8.994096292941833326e-01 3.473008839446003471e-01 1.847700949681415405e+00
-6.344862213327464584e-01 -1.000473893368076794e-01 2.444438778848281035e-01
-1.080232164927071192e+00 -6.212022156928467265e-01 1.940653348036940340e+00
-1.096134960765481337e+00 -8.589481235854612429e-01 8.376516799521520618e-01
-5.711723063086080465e-01 -4.660615384657662563e-01 1.574817957022796699e+00
-9.930841151931470989e-01 2.152875874292980996e-01 1.008484698677753144e+00
-9.754692492661847236e-01 1.141002765750993575e-01 1.518768476888751717e+00
-1.232458513197760785e+00 1.084952564334100700e-01 6.891864644543106433e-01
-1.106875254288282040e+00 -1.259753597503476819e+00 1.033525879774979561e+00
-7.603908173787158331e-01 3.244050055246259223e-01 1.318949069260346940e+00
-5.583119189862508769e-01 -5.932180772475466046e-01 1.566936207026426775e+00
-8.333229333475047351e-01 1.212022523198252877e-02 1.149835054604133378e+00
-1.151241888127108259e+00 2.423569831699958765e-01 6.405840303594136920e-01
-1.286575181740956308e+00 -9.891454401742141300e-01 1.433068253774734790e+00
-5.626162145376329971e-01 4.616835088923743058e-01 1.287951624603135503e+00
-7.146882783940035067e-01 1.305658988325075764e-01 1.235521799327083725e+00
-9.523622490140211116e-01 -8.944276427982815747e-01 1.100578943063465154e+00
-1.237858206504726777e+00 -7.599472148576726926e-01 1.542498758017619043e+00
-1.036230478600399296e+00 2.111461020245495313e-01 1.101904664855017035e+00
-1.172162643022917061e+00 -7.062441415730535965e-01 1.521957631384913245e+00
-9.046090053772455342e-01 -1.306268820146184950e+00 1.582220864663962612e+00
-8.447633022025048399e-01 1.362782946060125955e-01 7.062233468386071022e-01
-1.049428723099729899e+00 -1.278525642424501285e+00 7.252965846584001897e-01
-1.221009479231398798e+00 -4.630871161523189006e-01 5.681884617762014145e-01
-1.254857482196464868e+00 -2.490097472488628227e-01 8.113081602048988206e-01
-7.996232482300864586e-01 -9.799095618716813227e-02 1.845152973824787379e+00
-9.776342694745125961e-01 3.621036875559882073e-01 8.607010548742917155e-01
-1.227501915596677540e+00 -5.316471632102022227e-01 6.831954919562257533e-01
-6.748847658886562018e-01 8.223001783646211038e-02 5.542983051441315867e-01
-9.889937124726470019e-01 -1.095498558440944903e+00 1.001452216004049989e+00
-5.373185748683451113e-01 2.018923185667311770e-01 1.492536987853419150e+00
-9.015685707812860494e-01 -3.448656032145129835e-01 1.653917190167438989e+00
-6.481004434924323432e-01 -9.931391540211500502e-01 1.856401472456710611e+00
-5.132036881674651996e-01 -2.446562710916853067e-01 1.886505619844623727e+00
-1.007984061840184298e+00 -7.509315378976135769e-01 1.378874817327260471e+00
-7.992743258418220087e-01 -2.008812176971930263e-01 1.743369207855921532e+00
-1.104089652243137820e+00 -6.146389217474421685e-01 6.522326317108567695e-01
-5.186138378696044660e-01 -5.201451439291271406e-02 1.518977856682038885e+00
-1.116910272379404878e+00 -1.322424118015898875e+00 1.632949849265553199e+00
-7.078769033373283337e-01 -1.235421139086032571e+00 7.331738030294918662e-01
-8.842768551969033552e-01 -1.391984713085995473e+00 7.474379156189022710e-01
-1.245693732393417852e+00 -8.016340428615391644e-01 1.859601082429055863e+00
-9.693203799015195354e-01 -2.802507795771629340e-01 1.714625448128552776e+00
-7.570360014132855309e-01 4.989257128502664340e-01 3.067330045769497970e-02
-9.985352284499994235e-01 4.844864420793195681e-01 9.662818225139916395e-01
-5.037796361020360214e-01 -6.367982997094721043e-01 1.985068317335535681e+00
-1.275848071422506003e+00 -1.053912736596708477e+00 1.127331275977110581e+00
-5.467589252981166492e-01 -1.843080151486169438e-01 1.908512872853247444e+00
-1.054166842766681711e+00 2.965394673354098121e-01 1.011655103591409643e+00
-8.164272956964446770e-01 1.176386772252369095e-01 1.473037414008363521e+00
-9.636483798348791652e-01 2.860093393584812738e-01 1.048282777472953953e+00
-5.598527871658058874e-01 3.621258998470300305e-02 -3.363451598165034806e-02
-6.034031072817287455e-01 -3.743209798314834913e-01 5.954800255678960319e-02
-1.162874149014958114e+00 -2.887401890325635989e-01 7.543290490084512134e-01
-1.177234084018695226e+00 -2.834580132595325708e-01 5.582517800464141811e-01
-1.146310065369153142e+00 -6.656663528258490725e-01 1.914231682338229490e+00
-7.159308786658222790e-01 -8.895241427956230851e-01 1.019527771942585259e+00
-8.454983562730800095e-01 -5.902030708680097160e-01 1.782924953894713616e+00
-6.045757101172180015e-01 -1.286643894006270328e+00 8.723211322747279617e-01
-1.195613653753594186e+00 2.982430508716873430e-01 1.726208484326225090e+00
-9.520263971325247931e-01 3.522413966781174910e-01 5.080925219747011168e-01
-9.668745329671539768e-01 -9.144865962676254068e-01 8.568728835418849554e-01
-5.587914721260542894e-01 3.903420708552320928e-01 -6.670726335195209522e-02
-7.993168039700649929e-01 -7.491294655053211127e-01 1.275666473550996605e+00
-9.049944417197264279e-01 -1.110505587087689205e+00 9.080440154026817590e-01
-1.172767020115721870e+00 -1.038507019486307303e+00 1.499299158968528722e+00
-1.084030325487919999e+00 4.047037781529274625e-01 1.524247626203578454e+00
-7.562712473782073896e-01 4.535943437533989098e-01 1.073178638149397734e+00
-6.387467597041406320e-01 -1.352369440400837952e-01 1.884825567238606059e+00
-1.276441922528455786e+00 -4.890825293233906912e-01 1.678388746821465549e+00
-6.134604701451900066e-01 -1.002411074331989616e+00 1.929301642455301113e+00
-8.624551839242059481e-01 4.589583716905309974e-01 8.911064849872829541e-01
-7.018646168126626561e-01 -8.239648761517364139e-01 1.131431787166795155e+00
-1.178564026395683140e+00 -9.701546150566353610e-01 1.664671612259371880e+00
-1.176411616297855289e+00 -3.572965121051168147e-01 1.764080404718647355e+00
-5.081301516055264367e-01 -1.166338037265400196e+00 1.150593944708059091e+00
-1.070850364097181373e+00 -1.621212142926102828e-01 7.118299784812319730e-01
-9.164269223476894100e-01 -7.213159789954008971e-01 5.360721332295268482e-01
-9.800653105186865055e-01 -1.302531437316749141e+00 1.013823243083901149e+00
-6.819014424264423502e-01 4.707615268089402338e-01 1.951650574593688514e+00
-7.958364532693030791e-01 1.274092076949251418e-01 5.164558411567923280e-01
-6.912763070494771789e-01 -8.867606989011398433e-01 1.029783963760472654e+00
-5.469853903591990196e-01 3.097321864434299243e-02 1.052018117591990709e+00
-9.432028792936906214e-01 -1.135853014703222197e+00 1.825171788643962900e+00
-7.469907875866591551e-01 1.572944944342433704e-01 1.985981712614626638e+00
-7.961824739952357843e-01 2.532070735415850038e-01 5.471424499824402155e-01
-9.140936915563946386e-01 1.627474575579086480e-01 1.097879100471571112e+00
-6.833601338721705387e-01 -1.237551491852221464e+00 9.358649973416265366e-01
-1.010596343732389268e+00 -1.338535662813564731e-01 1.448831849411742034e+00
-5.282061384392736647e-01 -4.751202714454347831e-01 8.313831904381233651e-01
-8.928790183531704061e-01 -3.492725678864561090e-02 1.495573595902777608e+00
-1.168343333437050324e+00 4.212276189453805220e-01 3.048474185835419181e-01
-1.123815271062353460e+00 -3.751118091980008007e-01 1.885723318287645167e+00
-6.291107793446402141e-01 8.256154041194996296e-02 -7.168026075433471533e-02
-8.258724270103043885e-01 6.886968986026698047e-03 1.962478031544097945e+00
-8.767921774294278325e-01 -1.354550980957395234e+00 1.310388625888816660e+00
-5.526319947560285328e-01 4.719733571238931003e-01 1.458376480607919579e+00
-1.158153793632155759e+00 1.299653072790338815e-01 6.131911067802793269e-01
-7.024462214383766501e-01 -1.602891437055529167e-01 1.778074638447677103e+00
-1.238714157012753780e+00 4.537707762497724673e-01 1.233615143441774364e+00
-6.522174683013474139e-01 -3.214485083098315155e-01 9.428408453441198267e-01
-1.276833556814609194e+00 -1.399754698988856072e+00 1.445726132135827902e+00
-8.245738964443243280e-01 -7.073074949096247455e-01 4.507962969755036076e-01
-1.292338124116384490e+00 -1.123974685285396014e-01 1.795996407618338120e+00
-9.915746945517525113e-01 -1.002175658690491744e-01 4.128935026355486926e-01
-5.712215853719617709e-01 4.574931629145839729e-02 1.975110725893571395e+00
-9.064872485868806784e-01 -9.583557853434803153e-01 1.780478864337155853e+00
-1.245089045382885784e+00 -1.359009349284116874e+00 7.398523067882804005e-01
-8.159119909738303811e-01 -2.342538036673285085e-01 1.452632297842249232e+00
-1.276666464707157500e+00 -9.942535522988005248e-01 1.719604948165758040e+00
-8.567530154375201379e-01 2.823785236917901731e-01 1.484938301020945151e+00
-9.280436748287337334e-01 -1.110789116932237031e+00 1.780878383048254188e+00
-1.035249154404010330e+00 -1.726702942579725342e-01 7.933939756725688630e-01
-5.742699516543002813e-01 4.322499047094743307e-01 1.416533659523485866e+00
-6.429398783020083830e-01 2.541866830596448690e-01 1.077315238479389370e+00
-5.951228620699264837e-01 8.396893507558456093e-02 3.289501563793507666e-01
-1.009085794474107844e+00 4.142651318462515775e-01 1.761119032359258041e+00
-8.415099363193019322e-01 4.001172654021198927e-01 1.911970149739555147e+00
-6.123977746997463223e-01 -2.758785784920667616e-01 1.026677434185385984e-01
-5.914103905956334950e-01 -9.135289929764609518e-01 1.446854646354569063e+00
-5.728818553499631649e-01 -9.920622398667597874e-01 6.375008253882793463e-01
-5.078486756909044164e-01 -1.230219226577973224e+00 1.478471649033778812e+00
-1.267468567351540010e+00 3.939852795003297992e-01 1.897411990225577050e+00
-1.179086091910741319e+00 -9.497460848857408600e-02 1.680049245364143351e+00
-1.207470623434462542e+00 4.911767815278182958e-01 1.344844905963193948e+00
-1.193363016232170448e+00 -1.284478947138067539e+00 1.587007470479217863e+00
-7.507435970784349655e-01 1.119501813133523260e-01 2.751114931875328073e-01
-5.915027405931724269e-01 -3.181114654851735501e-01 -4.776083282023294019e-02
-8.618643332026412196e-01 2.442807696615862945e-01 1.428866160731564916e+00
-5.816955455500417704e-01 -9.026735125614249178e-02 3.204742061271054210e-01
-9.256704579951091638e-01 -6.071934634363937988e-01 1.709495585485351299e+00
-6.535183824574223310e-01 -9.188786679942750890e-01 1.797713081158075266e+00
-1.133443609572839739e+00 -2.410438421988070345e-02 1.025411283601331380e+00
-7.824974930918285887e-01 -2.907718132635868091e-01 2.782324819135343352e-01
-8.371342650603570412e-01 8.877899108187170540e-02 -2.624072378321869181e-02
-5.711762382771563562e-01 -7.366635146833786507e-01 1.815649154834728440e+00
-7.074090168894586750e-01 -1.430194132783608740e-01 7.758066349751918667e-02
-9.266722652462706655e-01 3.938757352193484884e-01 9.270815825226595974e-01
-7.881297666915662026e-01 3.249939381184403508e-01 5.372073634067506820e-01
-7.800926106147388905e-01 -6.888174456232687426e-02 1.763958683795297855e+00
-5.930370143518026715e-01 3.338567671197072428e-01 1.492209327948322617e+00
-9.829079304589380950e-01 4.205320016075737577e-01 1.949678017641454097e+00
-1.049113939967079023e+00 -1.750550638980441498e-01 7.332072765467005926e-01
-6.722149206103870123e-01 -1.592498964631623437e-01 1.792753880491881668e+00
-7.622561426698661879e-01 8.851588417459144154e-02 7.558788997408633081e-01
-1.156259061055951998e+00 4.938875908153177452e-01 5.844241009021532429e-01
-1.124176009889446215e+00 -4.668570414546444614e-01 1.647378824506604111e+00
-1.053019341730236924e+00 3.382058621873071935e-01 1.550904665941105876e+00
-8.575827266054627529e-01 -1.085194864079814803e+00 5.545946486653601237e-01
-6.691852018293442672e-01 -2.049496736423790377e-01 1.005659763301377962e+00
-1.071789347810593096e+00 -1.477700586786971471e+00 1.921642606408981546e+00
-1.290486257024357819e+00 -1.187755286190551818e+00 8.222920465854521854e-01
-1.231695495350290548e+00 -1.449995747748482611e-01 1.549131460603810906e+00
-9.294676067569884736e-01 -1.307332642589803084e+00 1.530284015542636933e+00
-1.135539624548620230e+00 3.052680892508270460e-01 6.665183068481470574e-01
-7.213779586524475818e-01 -1.213274989988959884e+00 1.071374617753002134e+00
-6.987183694309977433e-01 7.727126441681964053e-02 1.094136299187627559e+00
-1.265764279437674222e+00 -6.059150889320388256e-01 6.822359667919236648e-01
-1.256512327370215010e+00 -3.411243482594212839e-01 1.664461068237087060e+00
-7.020367602400005014e-01 -1.091125601867548589e-01 3.958848702829693700e-01
-9.826877427401365939e-01 -8.265352342188228008e-01 1.957395487703849302e+00
-1.134860203366615750e+00 -4.748993962918146572e-01 1.344023184151146966e+00
-9.214734813398278712e-01 -7.433262171256223017e-01 1.711945223145672212e+00
-7.355967815380155539e-01 2.077757952826653209e-01 3.037367797745916809e-01
-9.264835757389731086e-01 -1.284782141979615044e+00 6.043793731835863658e-01
-5.003677177703466095e-01 -5.427332417135644071e-01 4.370608844278091043e-01
-7.317522189139464839e-01 -1.541740891133978053e-01 7.396816700415544954e-01
-5.786018338001046590e-01 3.063925105012759165e-01 -9.525503291976761266e-02
-8.864285453879432453e-01 -8.104431788424082406e-02 3.006804132343625646e-01
-5.264530665884220584e-01 -4.966986539734330464e-02 4.996459010401168577e-01
-7.772210532834982200e-01 1.860039640562354268e-01 8.432105202772766095e-01
-1.021608359621387407e+00 -1.241699949313085138e+00 1.433420380093727298e+00
-9.007898950996655607e-01 -6.954904999573829905e-01 1.044373198011643744e+00
-1.264403790304345465e+00 -5.560454304807913584e-01 1.619507066340754031e+00
-1.154459496581326627e+00 -6.135730309272326988e-01 1.402649316707831328e+00
-5.736729422627802055e-01 -7.852492088198148590e-01 1.311719484850538020e+00
-1.262719322298980318e+00 6.257091795659008859e-02 4.748007218549946673e-01
-8.497949008127211323e-01 -1.264031153531658180e+00 1.267637848025109371e+00
-8.213030256456668177e-01 -1.083530482764081260e+00 1.108227442744956548e+00
-6.040046536093901519e-01 -3.176297006429411596e-01 1.296290484429286183e+00
-5.696236554325818657e-01 -5.434546006472271706e-01 1.055071762752655129e+00
-8.339121640491522491e-01 5.812663627401382094e-02 2.586244011835587830e-01
-7.891318633851659436e-01 -3.058127256882796630e-01 5.551208412476688059e-01
-7.736475441028842770e-01 2.839413563807609009e-01 9.240140620194664534e-01
-1.114267532403326877e+00 -1.213675239333981803e+00 1.189061967484702942e+00
-9.811602892772004481e-01 -1.689110907740745127e-01 1.434499493372342727e+00
-7.693135285545331659e-01 -1.333207864231679363e+00 1.726376676866273385e+00
-7.971298214841303631e-01 -3.979043224475755647e-01 1.605472074825471829e+00
-5.276713836515070088e-01 -1.468702510336561851e+00 1.727993839078362237e+00
-7.783890241402366961e-01 1.037854304321557120e-01 4.013116129337012117e-01
-8.347827565359910995e-01 9.379714543585326858e-02 6.192078148552051520e-01
-8.061131220595756375e-01 -3.930782769393232901e-01 5.546575782720281067e-01
-9.728840665057207904e-01 1.218075558719671214e-01 -4.620098261499810260e-02
-8.435631225065487460e-01 1.760124209967894870e-01 1.315062110523003369e+00
-6.379991045601087762e-01 -9.702451423423923416e-01 7.242695442388987770e-01
-1.162300384686067334e+00 -8.087208575686177792e-01 7.287085445305632181e-01
-8.049488309316299439e-01 4.391072178169934670e-01 2.580791075677590918e-01
-7.871399545775087381e-01 -2.972664327300540421e-01 3.472152716884102652e-01
-7.615870742488727307e-01 3.498294283476888200e-01 9.495806458740146949e-01
-1.273489476267946063e+00 -9.265777806717205856e-01 1.246853797856321000e+00
-5.059102218204687418e-01 4.450863023398143881e-01 1.958504990899157860e+00
-9.110368778497910380e-01 -6.204684313631825265e-01 1.975951271577068180e+00
-8.679520352327694255e-01 4.626718853905957829e-01 -9.204436497660867245e-02
-1.272517589651885439e+00 1.149693071526318722e-01 1.131731787205378481e+00
-8.634847039742866714e-01 -1.016559133395838588e+00 1.824286868153902619e+00
-9.678486349704435998e-01 -3.414869902255917022e-01 9.373675801756279347e-01
-7.950177081030050941e-01 2.489585660811433065e-01 1.789795905602394877e+00
-1.028453085856119387e+00 -8.067683775670675406e-01 1.943232175585392518e+00
-6.787424133419319716e-01 -1.283732721254364550e+00 1.655842366148706946e+00
-1.123467327176471464e+00 -1.296740970017868921e-01 1.755623339503262104e+00
-6.137947141741533219e-01 -1.232335760167553973e+00 1.683925853912930037e+00
-9.082250938887993508e-01 4.629048627836307439e-02 2.188902762801517021e-01
-1.041311241030808077e+00 -1.309231358910744936e+00 1.981605849987636780e+00
-1.222217572461452573e+00 4.680732460849337251e-01 1.305480368067350572e+00
-1.050333150174138863e+00 -1.070814930299206269e+00 1.570932785024677480e+00
-6.728222426299312886e-01 -7.582586159669837400e-01 1.460518789901151582e+00
-1.270848874662191319e+00 -1.235444953282734293e+00 1.819537758794943949e+00
-1.054498594758452423e+00 1.295440135451542130e-01 4.740611497918912898e-01
-9.871610894595268526e-01 -3.517386981963268600e-01 7.175695103505861372e-01
-9.137076747860894965e-01 4.900888899336843796e-01 1.280052838737567589e+00
-1.260110786395977733e+00 -1.220070895767864094e+00 1.028387203267761674e+00
-6.225105778861090844e-01 -1.174464977088817585e+00 1.422714970683739422e+00
-7.771468270986882088e-01 -2.844588247676678172e-01 8.258485996849039834e-01
-1.003380058586840873e+00 4.547289108586898276e-01 1.512106825778388730e+00
-1.036253669979951830e+00 -1.200167674814924590e+00 1.174452123359691180e+00
-1.188167770041985927e+00 -5.966138734906578645e-01 1.444008382212773389e+00
-8.652028917656180429e-01 -3.222331264804318973e-01 3.032816129423803186e-01
-9.177739448954211898e-01 -8.543408646174026622e-01 1.127197168139123518e+00
-5.163670585729087659e-01 1.702048697693381296e-01 1.314769162704305661e-01
-6.641514229027870586e-01 -1.125978123727626734e-01 1.132759710989322821e+00
-5.356312068397555137e-01 -5.246983832186074004e-01 4.707020265548618188e-01
-8.123025881177561303e-01 4.436057005630360539e-01 6.001558805307481981e-01
-1.011288658892452563e+00 1.168250733730571422e-01 5.087517921241320185e-01
-6.480506254896559737e-01 4.668971854962378210e-01 1.988603059091672343e+00
-9.947329562440404560e-01 -1.209544565227542723e+00 1.006503036485209224e+00
-6.871357327823940375e-01 -1.246368536080950662e+00 1.476958936970138137e+00
-8.468840193430448027e-01 -1.180874377508209783e-01 5.085611446058715956e-02
-9.422446048487649328e-01 -3.293147348744345226e-01 9.246610782589083088e-01
-1.224427480350382735e+00 -4.570387754036382422e-01 8.676372834566699055e-01
-1.185333588678509242e+00 -6.451631626889837712e-01 9.368220562441119670e-01
-6.751452289744703794e-01 -1.486200145964942099e-01 1.459284436980536226e+00
-6.205857129787656357e-01 3.053671105834219190e-01 1.544947351882298925e+00
-7.742893266303958466e-01 -3.418330559785081046e-01 1.600450691480771181e-01
-7.041974144536852220e-01 3.043673405726845527e-01 1.094623500421449291e+00
-1.046040292282742312e+00 -7.327589265235008309e-01 1.708178082117521424e+00
-1.023189406498338672e+00 4.662295165855716572e-01 5.766602836115189978e-01
-1.202897954557427873e+00 -8.608838580257891504e-01 1.213172308558231327e+00
-9.468227577786989535e-01 -2.377422467094625347e-02 1.831749451808960982e+00
-7.341643099184533838e-01 -7.943770781065828679e-01 4.952984219459587445e-01
-8.134330195940324693e-01 3.463744583480075079e-01 3.460556646236692124e-01
-1.243265078345953123e+00 -1.454081687615664809e-01 1.759551850655364014e+00
-1.184911259894840807e+00 -2.394348508406407561e-02 1.045569570865403364e+00
-8.653835306537764893e-01 4.235868371466278148e-03 3.057609445587212704e-01
-9.737039623114365217e-01 3.838540051647447715e-01 6.653275912328687758e-01
-1.151923006888281975e+00 -1.274454054987157914e+00 1.381361961291525553e+00
-5.395304290906688394e-01 -5.445746331120298045e-01 6.497568017986550259e-01
-6.665534525378550290e-01 4.290511945638897373e-03 1.462138365816983976e+00
-7.817578916390391930e-01 4.761814230166625528e-01 5.110355290594847943e-01
-9.045807102551928214e-01 4.676097530008147540e-01 3.033933572078607588e-01
-8.848684053473652167e-01 -3.745652620994204263e-01 4.908560904999047514e-01
-5.631798373812443304e-01 -3.462649182764245825e-01 1.551136499704403926e+00
-7.268649643465945331e-01 -7.434849751859242684e-01 1.024661805733272812e+00
-8.295792488313147306e-01 2.526345017821880479e-01 4.442127776746184198e-01
-7.129987331457691146e-01 4.543559672312218467e-01 3.244852921732128692e-01
-9.229783431809679417e-01 -7.550277351252250302e-01 7.277518231594107823e-01
-6.873549985084523861e-01 -8.540243143214043542e-02 4.065227655112964023e-01
-5.543890266421102053e-01 -5.609048632662481104e-01 4.969435455010068337e-01
-1.245882754191209862e+00 -1.274123723787718543e+00 8.421220624437887325e-01
-1.059252467645217077e+00 2.799418612775508297e-01 1.335898924470371174e-01
-1.077318434044967521e+00 4.224323407408587805e-01 1.454689288735549146e+00
-1.162792554515070798e+00 -1.135138036923963645e+00 1.113178027862201214e+00
-7.617922593335378911e-01 -2.075965073131809113e-01 1.024449259428772407e+00
-1.187055119518906743e+00 -5.396253055931352627e-01 1.002461474142840370e+00
-7.676793120541489657e-01 2.282723874011931553e-01 9.466877153200773387e-01
-1.219762103721885094e+00 2.510611865555656408e-02 9.787832193320119556e-01
-5.437193054535002235e-01 -5.353627974630650321e-01 9.976312811940756253e-01
-8.363161368533293949e-01 -2.159307939698886791e-01 6.935258542852358321e-01
-1.062978917269296053e+00 -3.517132471139796657e-01 4.347937636918830506e-01
-6.435285040054986583e-01 -6.048478966347168306e-01 6.216463210406670825e-01
-1.156614068309468335e+00 -8.614596716697524581e-01 1.429280846550039286e+00
-8.503235837210296744e-01 -8.840106099864453171e-02 1.723013094745011298e+00
-5.166522739198253777e-01 -8.613375915546661599e-01 5.731362678215831119e-01
-7.961876941343623004e-01 -2.198041098813530159e-01 1.600762425321347049e+00
-7.375279323074166449e-01 4.763592106791842973e-01 8.107041037541901085e-02
-8.042321872034479124e-01 -9.568382735923397497e-01 1.545144964891219441e+00
-1.042127732663739259e+00 -2.873911258450752015e-01 1.229125963690496093e+00
-7.269706244568577835e-01 -1.193693013305825446e-01 6.885540797939980751e-01
-1.193205091062878420e+00 -5.430312340976537477e-01 9.045911298664260913e-01
-5.194022550075999556e-01 -1.328657218004303253e-01 3.586430868647170200e-01
-9.728024983502074896e-01 1.438725992177929403e-01 1.804518494181952093e+00
-1.273895192418587508e+00 -7.731296281947468430e-01 1.310727010751672639e+00
-1.091747964210401545e+00 -7.492735216666956966e-01 5.988550902546628807e-01
-1.185155195427460617e+00 2.121837259966596889e-01 1.987571389456583848e+00
-8.502346092712890213e-01 -6.997172368675672605e-01 4.036169037315177066e-01
-7.778018629681399121e-01 8.426401062830368716e-02 1.852188522991315534e+00
-1.019593264231725360e+00 -4.598645595071886305e-01 5.397179398869063061e-01
-9.101249941279740963e-01 -1.439098649161823396e+00 1.167572995197662555e+00
-1.179071591796779783e+00 -4.664569596491914272e-01 6.905118942774387536e-01
-1.178209047828121747e+00 -5.130445943290573574e-02 7.523906901376291589e-01
-1.206404997530307277e+00 3.712906311886436939e-01 1.937420048060363165e+00
-8.635155725371337354e-01 -1.292927391333555498e+00 1.604340990189228267e+00
-6.738189557294966825e-01 3.414681981413982825e-01 3.974351782603620098e-01
-1.273511173834345422e+00 -4.302753039624147569e-01 8.352149671359162530e-01
-1.055719883877573428e+00 -1.425805289414032506e+00 1.939363043428923739e+00
-1.049829390253098405e+00 3.052773316146850657e-01 1.846662339976851808e+00
-1.267591365348847088e+00 -1.285189660575567494e-01 9.954569811193777484e-01
-8.305519366505762502e-01 -8.037887135694576912e-01 6.682042594757372500e-01
-1.223585867739018118e+00 -1.253562722555932041e-01 7.527099118805116174e-01
-6.990549955217308931e-01 -1.518756813111103998e-01 1.724345031890406110e+00
-1.212696928956764397e+00 -9.958446575391921574e-01 8.404251198435752634e-01
-7.832622269871801768e-01 -5.300726073217567613e-01 1.980538826960814180e+00
-7.118208412732012214e-01 -1.486538895694009099e+00 7.641426942432203440e-01
-1.272403098489665929e+00 2.307389351155293422e-01 1.553738484855074375e+00
-5.163276514052447252e-01 -1.501202276860986728e-01 1.543903701574579568e+00
-1.034560698779340981e+00 -3.754438971600284614e-01 4.147683333138566519e-01
-5.964321251970901017e-01 -6.163920484339535655e-01 4.256306455354578189e-01
-9.151543591398141331e-01 -1.298856209307450715e-01 1.106637714032118636e+00
-7.993896034371380521e-01 -3.623372663165373986e-01 1.028954967197387882e+00
-6.192592383534639700e-01 2.272190526680442080e-01 3.223190014681525106e-01
-1.128735493415410795e+00 2.593659325462629450e-01 7.795225304368577079e-01
-1.110178411903801399e+00 -1.115806852325706311e+00 1.844735003332962586e+00
-9.950200794117392000e-01 -5.107119837592863920e-01 1.623911081232087383e+00
-1.081355448154866838e+00 -3.182917315916191647e-01 5.707319617998403150e-01
-6.880297464496097914e-01 5.551035470167398067e-02 1.874376712915580612e+00
-7.678991711616679483e-01 1.538890295377617345e-01 1.258485351343586467e-01
-7.778104460522228258e-01 -1.092097808664939995e+00 9.720236224840875794e-01
-7.867622458421030807e-01 -8.434038570696933412e-02 3.667003312439000018e-01
-1.150917712407770965e+00 -9.328774368461727473e-01 9.657173823615839980e-01
-9.555226645881141900e-01 -1.493647871323413590e-01 3.556946706386127088e-01
-5.479956837177466511e-01 6.409262599653953174e-02 2.701814990696784768e-01
-5.836267217125656881e-01 -1.021827579568941102e+00 7.944180806813826434e-01
-1.052956248963825781e+00 -4.761682062209593447e-01 1.590542960966944364e+00
-7.935743875136015424e-01 -1.293905920416027477e-01 1.191746751665015314e+00
-5.039042614886355409e-01 -9.090806057279428032e-01 1.368053496923492318e+00
-9.819170536112571401e-01 3.574449163758586234e-01 1.727572791199603719e+00
-7.352935351639491302e-01 -3.314561640911346529e-01 1.899829241601140417e+00
-5.843053069235768504e-01 2.640930506453842419e-01 6.963242022479525506e-01
-9.132734072661241598e-01 -3.632681548923679671e-01 1.471956787440378500e+00
-8.054108176208716330e-01 -8.517629237929658093e-01 1.564491588868462069e+00
-1.012334847678844962e+00 2.499600751065054194e-01 4.427463902737382995e-01
-7.095375785663887713e-01 -4.368274677966066388e-01 1.724707442626857379e+00
-5.741003514617114556e-01 3.209242515731736134e-02 1.437973899766434860e+00
-1.031104543153345876e+00 -2.117741231298189142e-01 1.574912078269653737e+00
-9.956136644108635192e-01 4.626368599518380087e-01 4.283511076518088379e-01
-8.226985138226576844e-01 -1.347192837761549633e+00 1.586253702126654508e+00
-1.138460879008541982e+00 4.501287544331307178e-01 9.777727859956669709e-01
-1.100057652684245602e+00 -1.328396809727089956e+00 7.756191370753973136e-01
-1.212307721146784312e+00 9.098778057565759525e-03 1.036949172700491806e+00
-7.848600448970989296e-01 -1.421514272903112497e+00 1.702124817193354511e+00
-5.930342518254019257e-01 1.930740764084737382e-01 6.360344143169192055e-01
-5.270271337060197236e-01 -1.097521429802125192e+00 1.263429767149954586e+00
-1.181692067191946860e+00 -4.083858227253658324e-01 1.451590459921503484e+00
-1.051755241389911388e+00 -6.481894181664258348e-01 1.345765073753782959e+00
-5.277820698768029839e-01 -1.280002749480535496e-01 7.725083727428863067e-01
-5.460430056412577393e-01 -6.165178493228702372e-01 1.038816660263050640e+00
-6.376393322719460244e-01 -1.351132983274104582e+00 1.328702958583721339e+00
-9.621309706242506810e-01 1.560639159611012516e-01 1.404608484519699774e+00
-5.765055938666460156e-01 -6.188669541975482247e-01 1.866009824589411670e+00
-1.151472528904632142e+00 7.690220016393300995e-02 1.858815464365121350e+00
-1.291400136392232056e+00 -1.102986877399647181e+00 6.828948149380172916e-01
-5.871427245167718523e-01 -1.303469483674590812e+00 1.380453584719556481e+00
-1.077860279090984363e+00 2.934546270452518257e-01 2.262954563884127246e-01
-8.292822565080413266e-01 -6.103170360288732166e-01 1.116228221080035610e+00
-5.446816437904046238e-01 -7.198885922247779678e-01 1.601050441569730198e+00
-1.086198532565701536e+00 3.434462907515765107e-01 1.291184483311750952e+00
-1.146078639085518658e+00 2.667336124447490242e-01 1.814041439607831707e+00
-5.863455910721658837e-01 -5.115675636262275727e-01 1.630365269728905941e+00
-1.223931695500087846e+00 3.831889793425680146e-02 1.287474987102465995e+00
-5.946288231751293285e-01 4.080947097885734287e-01 4.307185729585426559e-01
-5.870251348356501087e-01 -7.565639177490519618e-01 7.404499238113025905e-01
-5.361905112743224899e-01 -4.612548316742519638e-01 8.955298283215362698e-01
-9.503751922127141594e-01 -2.387983832827189623e-01 7.617513818813520521e-01
-7.183785139519656138e-01 -5.859510436347252771e-01 1.111706656447154939e+00
-6.814564996468883695e-01 4.539037025126044789e-01 1.220580365852987015e+00
-7.337854784244161044e-01 -1.406958698056696822e+00 1.701583929477018309e+00
-7.471984883409626965e-01 -1.063615407256117695e+00 1.544412626932355037e+00
-9.003120823331399736e-01 5.503888099048293014e-02 2.392430135719253725e-01
-9.290379008130369431e-01 -2.079688971773712147e-01 1.554482220233540879e+00
-1.193568751132171535e+00 3.595269271972092451e-01 1.406324606938148758e+00
-6.611573117602308480e-01 -9.914818734854620175e-01 1.590600024572478732e+00
-8.064791170398617481e-01 4.862893140879260834e-01 1.636205122766150488e+00
-1.046781366996890839e+00 2.413046730884034208e-01 1.390655107373645505e+00
-8.423335279938514164e-01 -2.681181455137862102e-01 8.929150988240306397e-01
-8.717160655655347146e-01 -3.682821879139568377e-01 1.373538492519259524e+00
-1.139294153525710840e+00 -5.132657579183990126e-01 1.170606634169099491e+00
-1.242968542756709427e+00 -4.865417699155338838e-01 1.165551821299399826e+00
-1.078945714684391266e+00 -5.916539293194762461e-01 9.059753489550895766e-01
-5.392010812661292007e-01 -6.823956483804081152e-01 1.486688976463083511e+00
-8.715610774659212634e-01 1.301414998270742363e-01 1.919704332200883989e+00
-6.441766113267080041e-01 3.416437265491811814e-01 1.152075888813226312e+00
-5.348173580451440756e-01 2.717811046284377419e-01 1.391980082119727680e+00
-1.117443374032932590e+00 -2.422776669924830983e-02 7.464630798876396023e-01
-1.284535470992749895e+00 -8.538051450190708991e-03 1.065214043218463136e+00
-5.237664732821565305e-01 -1.280653766899546575e+00 1.214767849264481558e+00
-8.921748290703330753e-01 -8.091023213034429507e-01 8.589229687175788941e-01
-1.274498407383545695e+00 2.004196664245183612e-01 7.667453736683166321e-01
-6.391819679799933818e-01 -1.375308121298737696e+00 1.527579866868812308e+00
-1.214287178573445258e+00 -7.420312288067272277e-01 1.727707568917413949e+00
-9.698407242947093554e-01 1.553185776783652106e-01 1.369359441831401902e+00
-1.063650390361234876e+00 1.820015650075967883e-02 1.968541638902506996e+00
-1.044028301795687952e+00 -7.488949138424902952e-01 1.443139989615915830e+00
-1.148139398636180752e+00 -3.447111620649236929e-01 8.970444346699137927e-01
-7.412101307264868932e-01 -9.154972793090530025e-01 1.318802982010433444e+00
-5.483826505719984201e-01 -1.386016473464608767e+00 7.330104040870449866e-01
-7.231426444327011538e-01 -1.299007031035458448e+00 1.219034599465961488e+00
-1.178766726349520733e+00 -2.884129344466024314e-01 5.926256997752741285e-01
-7.019901318141553714e-01 1.504855637140347646e-01 1.817463851235289196e+00
-1.242685547529049472e+00 -1.441067543735070400e+00 7.736805200235601365e-01
-6.377931668365151019e-01 1.979689671568096720e-01 3.016335894816751795e-01
-1.250566996158201993e+00 -9.258407020998706827e-01 1.651937599792785871e+00
-7.404546007074185310e-01 -9.672083053195630331e-01 1.534805418993276271e+00
-7.415195418900428770e-01 4.012666514596245904e-01 1.500549119982679258e+00
-1.143752272201846054e+00 -4.119042560897840932e-01 1.000413415600218459e+00
-1.094353034974138827e+00 -9.991786861569433853e-01 1.817008323490742816e+00
-1.222789645845131501e+00 -1.257000894109960853e-02 6.026556321175067232e-01
-7.589514933146803699e-01 -1.255593377134320843e-01 1.095761071163276368e+00
-1.104189361556562110e+00 -1.049470415737203677e-01 5.393350100554882287e-01
-1.062717257552040051e+00 3.706344970640407244e-01 1.307716141656539710e-01
-6.915490477559597116e-01 3.012942393416362385e-02 1.620770991138630990e+00
-5.901246539827080806e-01 -3.651701077174218657e-01 9.481619446288075403e-01
-7.406455919717760406e-01 1.019216743032842487e-01 1.967432602339964198e+00
-1.223795777929038708e+00 1.925476331115798523e-01 7.272650003458960288e-01
-1.258658381418430672e+00 -8.115753333504709399e-01 1.228816085162999672e+00
-1.030647117203528751e+00 -1.193621351041717071e+00 1.885392203429782532e+00
-5.669483226901796957e-01 4.339970228856493417e-01 1.689442851760214248e+00
-5.579306225310007861e-01 -1.296126576746340797e+00 7.840100475705986671e-01
-8.829312557258159888e-01 -3.472590258481873526e-01 1.839176916904709191e+00
-1.162209971767760752e+00 -1.365390046400692503e+00 1.922622641853016567e+00
-1.286743738747347932e+00 1.598298448503825409e-01 5.664186245018402177e-01
-6.018532137257994741e-01 -1.052753943846967744e+00 5.023380672531415625e-01
-1.247450065712799372e+00 -1.073825822443552624e-02 1.258953774441037288e+00
-9.986766651580368803e-01 -6.911526354043942000e-01 5.038336539236800693e-01
-1.254537461239539686e+00 -1.271054828561336336e+00 1.101656874330142921e+00
-6.214236075706514040e-01 -7.068833228786530753e-01 1.376790331310542070e+00
-1.097802035699558809e+00 -1.155876233733753811e+00 1.853461766740872596e+00
-7.668166606738877622e-01 -6.549267771578897168e-01 6.908756047450170801e-01
-5.463915106996021231e-01 -1.408093841687707792e+00 1.650905037313467494e+00
-1.237513162994142712e+00 2.939726416025818523e-01 7.768896189295935173e-01
-1.111498246489412089e+00 -1.383962787312589926e+00 6.956679073189396822e-01
-6.310165984302583686e-01 -2.179290304534937661e-01 1.840478725928575754e+00
-8.301777391946185691e-01 -1.221019340680491894e+00 9.502849010940693786e-01
-1.284475546160550818e+00 -3.492512987165190541e-01 1.801684849037313185e+00
-5.033126697978906883e-01 4.089976410121460848e-01 6.370960229977057354e-02
-8.210203465063035111e-01 1.557407851438756818e-01 3.091961164554853925e-01
-1.108324426922594697e+00 -1.371531559567747971e+00 9.476219831282809425e-01
-5.386285770526191286e-01 2.807265772539202509e-01 5.099475561633052267e-01
-7.700299796389424856e-01 2.835238003092259707e-01 1.231227138233541574e+00
-1.260617600003468342e+00 -8.096218451929397819e-01 6.997488889922225397e-01
-5.727625860309347727e-01 -7.972134641045918180e-01 1.902511390733603314e+00
-1.060283474757655497e+00 -1.355500848984476647e+00 8.836807136771167581e-01
-7.187375752257618711e-01 -1.004929946745201086e+00 1.102639621488362476e+00
-8.667815224328214718e-01 -1.000462188130101904e+00 1.821054146072051738e+00
-6.188851566843033281e-01 -1.497681595842277780e+00 5.825956405008964056e-01
-6.256641872376959013e-01 4.661868409374119171e-01 -6.859621217857594933e-02
-9.524653790974855205e-01 -6.513970073895092305e-01 1.422736645708359005e+00
-7.316331860484751592e-01 3.630720732008030360e-01 2.450368271355254923e-02
-1.175796059910960256e+00 -9.796795857416467079e-01 1.642563138943270662e+00
-9.788251220387707008e-01 -6.387559837248497630e-01 5.630705074256500131e-01
-8.427880982692694811e-01 1.633042193803126985e-01 5.519608705906673407e-01
-1.017224518316743875e+00 -1.044581153294303011e+00 1.494192520572789951e+00
-8.384904170277276414e-01 -1.491263332916336726e+00 1.716388446112723676e+00
-7.681090270448779345e-01 -1.086530156317249141e-01 1.167001024154351363e+00
-1.260665189336174663e+00 -7.734786978395193913e-01 1.340243115034306376e+00
-1.117411354413746727e+00 -2.207358297684534065e-01 1.750219807635658098e+00
-1.222823487180415114e+00 -1.400733491797061303e+00 7.365304874803824120e-01
-1.224288140116426282e+00 3.326932129523845205e-01 1.487862543570044993e+00
-6.693078851203542179e-01 -4.217558086089716607e-01 1.856345550712921177e+00
-8.170718605617156571e-01 -3.439346830154155210e-01 1.165280157759161384e+00
-1.193034501549940618e+00 -1.598103890036850494e-01 7.797502493680381619e-01
-1.239728374094735353e+00 -1.169562168355775533e-01 1.112037084351960470e+00
-5.024212932393627984e-01 -8.330054323688582674e-01 3.354681112657503794e-01
-6.535310057435101960e-01 -1.241701077358239091e+00 8.747602300736113667e-01
-6.382507018958644140e-01 -1.873741112018594279e-01 9.070086844825590022e-01
-7.472914144520818036e-01 4.554044311568117287e-01 1.616275216574319940e+00
-1.025973117774799714e+00 -1.280746197852096202e-01 7.302308870826377252e-01
-1.059287024231114094e+00 -1.384525512214483500e+00 1.241212011494243095e+00
-9.831724097139160623e-01 -1.161692689304310466e+00 1.759227948989270596e+00
-8.708657675901011475e-01 -7.720351093223196681e-01 1.493120803875919833e+00
-7.699052331572996399e-01 -1.324720597214990470e+00 1.569881121518346578e+00
-7.030928251357931869e-01 -6.846015842422339404e-01 1.697429117798190834e+00
-1.041589859338857504e+00 -3.756280848178110698e-01 1.212159361314240513e+00
-5.960865283358021127e-01 -1.023335138925334675e+00 1.810867506214541400e+00
-7.355028258675218034e-01 -1.489666672699161643e+00 1.639826052745731122e+00
-1.200777310504182793e+00 2.076581676754005734e-01 1.125122365930517176e+00
-1.086109158545740305e+00 -1.289131719410358201e+00 9.994148307044908863e-01
-6.379324228011732378e-01 -9.611606556563918602e-01 1.179083876852769830e+00
-1.239513325380716902e+00 -4.549795999637762378e-01 4.862225085373927946e-01
-6.969364713277067525e-01 2.028707363822008780e-01 1.702150243510638594e+00
-8.417925328898162585e-01 -4.823758244285196728e-01 1.922480718919855835e+00
-5.035590109725310848e-01 -6.400913014183535754e-01 1.026705350694580909e+00
-1.145914939246951203e+00 -1.161541103412184528e+00 1.413897255551821441e+00
-6.822227976235522018e-01 4.768838717856764831e-01 7.119220213569387168e-01
-6.473508766537201531e-01 4.844964428057827455e-01 9.915404077648463099e-01
-1.211710929500103173e+00 1.153700501844370230e-01 1.703152049364614395e+00
-6.763876901589455093e-01 7.309952701847155510e-02 8.493068326214290309e-01
-9.002533545159919770e-01 -1.409686995690566436e+00 1.835171494738186748e+00
-1.249973308931766391e+00 -4.594115209090841034e-01 1.541973147735770988e+00
-1.204408850341483594e+00 -8.580006431166313785e-01 1.742580810417048820e+00
-1.281913041742731574e+00 -7.410301277843447387e-01 1.585447909765577590e+00
-1.250247707468902458e+00 -7.927315970605310902e-01 7.079175768376065880e-01
-8.197545141433268956e-01 2.722488544166916657e-01 1.747163589682036111e+00
-6.750889997576507984e-01 4.692076513067480192e-01 1.591832095533916025e+00
-1.218741030643321732e+00 1.181678408867912200e-01 8.079254109035263198e-01
-7.555020889407574325e-01 8.602003509553823868e-02 4.398736723138189086e-01
-1.024529244278807427e+00 -8.510754698554867659e-01 8.232350455444209514e-01
-9.937875529391244633e-01 -5.289794261225022609e-02 1.354014672596536961e+00
-1.248703781763680576e+00 -7.005900373455735686e-01 1.224989919611441769e+00
-1.221747624893036566e+00 2.852244126111740385e-01 1.185356974213654269e+00
-9.303249632935881586e-01 -1.193057324488753013e+00 1.975755760481757495e+00
-1.114583032763828196e+00 -2.898175746116782303e-01 1.416033348624850197e+00
-7.629896293109948990e-01 5.639417590166106997e-02 1.103735039693678255e+00
-1.137393290628059050e+00 -6.767839485363782437e-01 1.857060593650220692e+00
-1.269981210371025515e+00 -9.679039730869614111e-01 1.534119076391941006e+00
-1.004718908365392016e+00 -9.602408196178804367e-01 9.226489682737971654e-01
-6.607640662906624218e-01 -9.477174420051617254e-01 1.457703422125670167e+00
-6.266309931956139945e-01 -2.307869955963848252e-01 1.476091088879637025e+00
-9.562293507606294263e-01 -1.334432830678095705e+00 1.857383646753688611e+00
-1.063593239799927703e+00 -2.390541617175914180e-01 1.408653653516987569e+00
-1.294974052052365376e+00 5.549321188576938901e-02 1.040272148691845588e+00
-7.422013829850633293e-01 -5.006562596685506517e-01 1.117751488862343878e+00
-7.074318979703488885e-01 -1.171164841546282087e+00 1.425911833488785474e+00
-1.141979867026586160e+00 -8.542369620512779704e-01 1.800747273161300344e+00
-1.157854010409464562e+00 -1.059202646836819195e+00 1.561450289542871239e+00
-7.392328586399871115e-01 -4.524949667555728805e-01 1.990734500705051868e+00
-1.243541542092607477e+00 -1.374838711007253522e-02 1.849934253013535201e+00
-1.030730423801494045e+00 -1.395080362540085162e+00 1.657220254601081244e+00
-1.246193498831914548e+00 8.115970492004165315e-02 1.123429431691875591e+00
-6.196254595446010205e-01 -2.838132661131242962e-02 1.804832912447170701e+00
-9.329174852147552599e-01 -1.454320124831721017e+00 1.851169989271368888e+00
-5.776685532496148578e-01 -4.787341463015317711e-01 1.756568625569471687e+00
-1.169280814767869936e+00 -6.047186009628886527e-01 1.048845189587435334e+00
-7.998035492742259223e-01 -7.905498217971484998e-02 7.265580013333183818e-01
-1.008358724996821554e+00 -7.866138288003214907e-01 1.313020791607949933e+00
-5.886278503708015641e-01 2.264480397531252187e-01 1.056504296056129499e+00
-7.322616968427084760e-01 4.246926819792957719e-01 4.528263508741706134e-02
-1.004143465299849325e+00 -1.492175227626125089e+00 1.406154641313249298e+00
-1.230693518289209809e+00 -6.604675552471592770e-01 1.201280452308855606e+00
-9.757497885539178073e-01 -1.119658018933764820e+00 1.814639363893378210e+00
-5.284412165149134921e-01 -1.007518980209487269e+00 7.556752895465038700e-01
-8.817542473443134021e-01 3.081504638030962973e-01 1.106195354503754835e+00
-1.280385256873149302e+00 -2.738054619028655878e-01 1.347543728853711542e+00
-6.830772022016657896e-01 4.336029234177205538e-01 5.109906609359745611e-01
-7.588977896330904027e-01 -8.891283645765255539e-01 1.368571988990263444e+00
-7.112180857652520283e-01 -5.378488403677992302e-01 8.198816785439225763e-01
-5.831249547565893199e-01 -1.417663668155916046e+00 1.873347732394465615e+00
-6.846458104940851275e-01 -8.877225643819919298e-01 1.989936080715286160e+00
-9.520230757262193588e-01 -8.220206007246309010e-01 1.627044050584918633e+00
-1.202570888529695070e+00 1.867457976884501214e-01 1.088166850460196455e+00
-1.069923596733176607e+00 -1.210782185864938132e-01 5.768001349020100976e-01
-1.149394962703560452e+00 4.205093414974407917e-01 6.497684731574016048e-01
-1.189056777183465696e+00 -5.318751663850951328e-01 1.589579611075373711e+00
-1.021182258006367860e+00 2.704119663979764887e-02 3.977146986195831957e-01
-5.796150266930732986e-01 -7.426841433760147382e-01 4.392055132202703494e-01
-1.043056427153666643e+00 -1.419432258533815938e+00 1.112543149258783393e+00
-5.276501178281580717e-01 -1.433732504658523643e+00 8.904297941781966763e-01
-5.355146550070477574e-01 -9.678164579363328635e-01 5.201158859049280769e-01
-1.182949371803507788e+00 -8.051206086022602015e-01 1.035368117384902087e+00
-1.204905920806959685e+00 -1.038379635645949817e+00 8.034201467182403578e-01
-8.380177560398436309e-01 -1.323635329101079172e+00 7.416904292818314870e-01
-8.756982135741158135e-01 -1.092194962291897387e+00 1.825645478176983527e+00
-9.894734317306107529e-01 -6.861966782121555752e-01 1.121830166890839253e+00
-5.615593371917624310e-01 -1.406148746559213070e+00 1.117120364005173672e+00
-1.273929833443464110e+00 -7.552819680624149878e-01 1.795567293774591455e+00
-8.222398139673634532e-01 4.637270525580614589e-01 1.914626551563660239e+00
-7.637671975526791890e-01 -3.230739043336174898e-01 1.501410738070657613e+00
-6.862520980651433122e-01 -1.204138392535992752e+00 1.417653056199450257e+00
-7.253495196605180828e-01 -9.092452673326101298e-02 1.689749994427163893e+00
-7.794115185279801850e-01 -1.339586751999133130e+00 1.236933074625811368e+00
-5.541884105014091011e-01 -3.760061766067657185e-01 1.856110082968588149e+00
-5.469331625797325680e-01 4.009692581813044665e-01 7.316134186354279478e-01
-6.348416639607424861e-01 1.462436116400946950e-01 1.451870800765144187e+00
-1.008474070550222201e+00 -1.487512232524585754e+00 9.079062132945844299e-01
-1.011988751936053532e+00 2.486930625765648717e-01 2.171593956886427035e-01
-7.958286372721469215e-01 -6.079552589380645689e-01 1.902909834557062752e+00
-6.232992219862625305e-01 -4.073662839062195395e-01 2.888269734671718991e-01
-9.576612894097371598e-01 -3.071245299740938961e-01 1.106008140008183593e+00
-1.085929259590917795e+00 -1.706623723839242324e-01 2.687041150733194828e-01
-7.832998411046551146e-01 -2.567437030515502538e-01 4.814029761598154211e-01
-1.151605566218729448e+00 4.963372153253866603e-01 1.495771044712133291e+00
-1.205712163753201338e+00 -1.036253120562394603e+00 9.413777984109888974e-01
-6.782781013157637151e-01 -3.998313107838988856e-01 9.085013153496813709e-01
-6.938107312458380305e-01 -4.127114307567225637e-01 3.129736319363773944e-01
-6.357640333768675989e-01 -1.118088108625783228e+00 1.516394351441037847e+00
-6.463845868793640648e-01 -8.421584029045803277e-02 1.253834588464274535e+00
-1.024967383036551327e+00 -1.008807337505211787e+00 1.776358175606974399e+00
-5.210509855059537454e-01 -1.423504162098260029e+00 1.343446250572137401e+00
-6.141529702738106611e-01 -6.118258987066720334e-01 9.365620070870931402e-01
-5.399188247610184899e-01 -5.294322480927728947e-01 6.478411879245690175e-01
-5.839146121682998736e-01 -1.020555274873311324e+00 1.833925976611429309e+00
-1.048393820838626977e+00 -7.151060045688870659e-01 1.832826972434545620e+00
-8.986650386860031148e-01 -4.617607502719911494e-02 1.214551019363039996e+00
-1.198649510822130893e+00 -1.439366239194834751e-01 3.577605536984151957e-01
-1.239159799585319854e+00 -5.419369158777576079e-01 1.066805452254678599e+00
-6.436611252807847849e-01 -1.259673665151517685e+00 1.545365180992668730e+00
-9.722434631229935897e-01 -9.277445057017983387e-01 1.860149171449405392e+00
-6.429699731909672700e-01 5.846496400628842238e-02 1.303471787967801776e-01
-9.719290494603428643e-01 -5.273349878823219150e-02 9.253056959029158923e-01
-1.065829981662441917e+00 -7.124588211032432117e-01 1.465119091161752207e+00
-6.258109878275356364e-01 -1.319986293672110067e+00 6.884362516422568579e-01
-5.741303884500497112e-01 -6.433032738937014550e-01 1.693795097314365616e+00
-1.075903613682804183e+00 2.781957031585990947e-02 1.710117337155589112e+00
-1.003084961656039775e+00 -1.343098995826589537e+00 1.049180873804925085e+00
-1.088307682297189327e+00 -1.264266201324239614e+00 8.904701177920882893e-01
-6.806297721061380646e-01 1.377739271042401903e-01 4.297058636265109755e-01
-1.198491579809054963e+00 -1.114527404312120940e+00 1.661734455170948976e+00
-8.847029155154209068e-01 3.182983175530715858e-01 7.511913490618399303e-01
-8.267519325472685310e-01 -6.260320022144731933e-01 6.235832159618109882e-01
-1.146133732905994185e+00 2.253493488828404168e-01 6.961067938645084663e-01
-9.236772983364047729e-01 2.374206034523700382e-01 6.822767555924587057e-01
-7.958950070004051636e-01 -2.826224939807531200e-01 1.797954025530752731e-01
-9.995041689970316501e-01 -3.300452640648561253e-01 5.197583155397093035e-01
-7.300116290618263726e-01 -1.160354148771441496e+00 1.847548638449304503e+00
-1.094506563117570330e+00 -6.943138236673584984e-03 1.396326395313784330e+00
-6.425842500627807485e-01 -1.410937423652939060e+00 1.153092631053536543e+00
-6.109608707756397639e-01 -8.474303691321434240e-01 1.520072514167090993e+00
-9.802352453533949017e-01 -8.977411329429039188e-01 1.733208266340813264e+00
-9.158665451757874720e-01 -8.681322585323065777e-01 7.478166914884145644e-01
-5.586624154054412594e-01 4.366985577358761805e-01 5.953125543511578188e-01
-1.130545562297502915e+00 2.618483869594829816e-01 1.843435327593137441e+00
-1.083418078353003189e+00 -1.482022346931539225e+00 9.799302207994456948e-01
-8.079125275301768383e-01 -1.756285629500371481e-01 1.072311790264828923e+00
-1.090225582546677785e+00 -7.929061307752141019e-01 7.085108147695987624e-01
-9.921968356553496626e-01 -9.060807214230484075e-01 1.568636042915403594e+00
-8.818524005031893598e-01 -7.191525949846044874e-02 8.980765501051269917e-01
-1.068827189658956511e+00 -3.481049133869686951e-01 9.894366851231123361e-01
-5.711463912968465229e-01 -1.457097000092545613e+00 1.020053425724839480e+00
-1.049912123702869460e+00 -1.097243767981741280e+00 1.015882912298722962e+00
-1.021540745537064421e+00 2.884388574329481703e-01 8.306147546232695023e-02
-7.066563262877133544e-01 -1.455633887601802234e+00 9.225982604270969167e-01
-6.103426829287497135e-01 -1.889524023481927717e-01 3.759250961865574503e-01
-6.918509447463017104e-01 5.596903467402514210e-02 1.928436917351331825e+00
-7.399412668002717242e-01 2.963858315451179948e-01 1.144524762150026964e+00
-1.195975467514400314e+00 -1.433326522731801056e+00 7.661354708046672624e-01
-1.125418648392916499e+00 -1.237534250091346211e+00 1.699731644776378170e+00
-5.079398607031324619e-01 -7.629904146663386566e-01 3.833491221159406326e-01
-1.149470962720872791e+00 2.182839497068931323e-01 1.521309872771134497e+00
-5.733641099981205969e-01 -1.077450616073185596e+00 7.148765838105508585e-01
-5.307163129206795560e-01 4.775757626861549809e-01 1.497449476252571854e+00
-1.151459408526418704e+00 -2.026021247138480863e-01 1.316746709897329115e+00
-5.448248208223643863e-01 -8.853976851860787534e-01 1.113937734484790276e+00
-5.546023884460605791e-01 -6.107000391841863607e-01 1.504311581141715592e+00
-8.438404383308339973e-01 1.125475002297577909e-01 1.040423596511294679e+00
-8.992003070465917069e-01 -2.286547737801789548e-01 1.598235832409939938e+00
-1.170339807092975137e+00 1.490957309874119119e-01 8.816432600587137403e-01
-6.262222470271212593e-01 -2.539562118151841297e-01 1.560579699124046815e+00
-5.603887452021945048e-01 -1.459674486212517941e+00 1.274647464051159362e+00
-1.162929613418863140e+00 -3.508920068486263144e-01 1.652234608192253207e+00
-7.550433337709860915e-01 -1.241967100030246796e+00 9.565076995307039143e-01
-9.483185228391342037e-01 1.902136682818760249e-01 4.291839429239209247e-01
-6.333202141997719137e-01 1.592854006479349493e-02 1.901236068203846497e+00
-5.083423358080947363e-01 3.873769769024049126e-02 1.219136611017970218e+00
-5.433173263266807274e-01 -3.366582577570120804e-01 5.070109178469670574e-01
-5.253932135197745268e-01 -1.451042739207661469e+00 1.777885773370495581e+00
-7.832266318549159223e-01 -7.380341142166537693e-01 1.957783640896010091e+00
-9.177539013954634228e-01 1.948140814728491765e-01 1.722384682828008051e+00
-1.115129406155478620e+00 -7.586786801034586247e-01 1.936560247513491984e+00
-1.204425519154512125e+00 -3.284576501868095022e-01 1.044354021902216045e+00
-5.975017446103436658e-01 -3.550583818353869603e-01 2.009461448854847621e-01
-9.741220731857627158e-01 -1.088806982610253327e+00 9.868356276439932406e-01
-1.170615724653469858e+00 -1.215732711087546658e+00 1.148574480065621239e+00
-7.490659376415529369e-01 -2.195989700397715794e-01 1.509522966942601130e+00
-5.956585850802033066e-01 -1.382984467916045679e+00 1.725601178248591383e+00
-1.240500185999534821e+00 2.410067022250617086e-01 1.793168897025750441e+00
-1.135963295625230129e+00 1.704757012737374566e-01 1.918852141753967011e+00
-9.252053829587493228e-01 -5.450251858767902746e-01 8.543618289289067746e-01
-7.398584149865400361e-01 2.803640937754949825e-01 -4.801112109195343480e-02
-1.239210442797603617e+00 -7.387198208625320728e-01 6.286164473308815115e-01
-5.672429642753541446e-01 -1.437312618452872615e+00 1.679710214844637894e+00
-9.004758757292334881e-01 -6.701240659093596896e-01 4.372698546669961939e-01
-5.455485822976788857e-01 8.311319340644418574e-02 4.723032228069004024e-01
-1.008047094179664427e+00 -1.497018643012210326e+00 1.085389287169955086e+00
-1.200967228277327159e+00 -3.822318502660935202e-01 1.081757215460146027e+00
-1.203646767590808020e+00 -3.569482310551008730e-01 9.439923807207318829e-01
-8.773988692476597517e-01 -1.040183497379044475e+00 8.744152735204949733e-01
-1.278833988204828964e+00 1.090826997069376247e-01 1.134090284619266198e+00
-7.087143051344010347e-01 -1.296828426933154255e+00 8.706543219668221312e-01
-1.082185105399067426e+00 -1.260506567339425565e-02 4.795996834888682780e-01
-1.059883425524253298e+00 -6.855617799822377734e-02 9.937357507515570676e-01
-8.735186614569236951e-01 2.874596626060277327e-01 1.599883639654420708e+00
-1.162587184543769858e+00 3.698471395485627422e-01 6.292295001384460296e-01
-9.328825553550814664e-01 -1.231739125991799799e+00 1.900369646937230428e+00
-9.139798423501895863e-01 -1.217124606305882484e+00 1.003057331284483045e+00
-7.046515038448093460e-01 -1.101138924313422640e+00 1.698619369367660337e+00
-6.348846733766553285e-01 -1.084530753278625248e-01 1.367447059790478425e+00
-1.075565791775666913e+00 -1.039264814269078130e+00 1.789288533663285330e+00
-8.261543394008065144e-01 2.283561625353707214e-01 8.337613683683581245e-01
-1.240742518600986166e+00 -7.547870495654951384e-01 8.056697774457545203e-01
-1.277278407047770292e+00 -5.232351035198421485e-01 1.890722223176814598e+00
-1.050869923924504068e+00 -3.810186801692145853e-01 5.867383521700695326e-01
-1.003438975251301990e+00 1.062140091903771566e-01 2.221288150569530051e-01
-1.151165807165128063e+00 -1.250097653620905191e+00 1.831963520806281442e+00
-6.046825834776822228e-01 -1.014051282132842902e+00 1.388347249702725827e+00
-6.941734216282020586e-01 -9.901116157816112207e-01 1.316575101719541063e+00
-1.086032936474647270e+00 -5.472898903419429750e-01 1.424958746887227790e+00
-1.167807109492295714e+00 -4.570842396757412995e-01 1.006749214012141236e+00
-7.846939563299043519e-01 -4.335513092941793989e-01 1.023480342127507159e+00
-1.225092701581232069e+00 -3.272839736073018813e-02 8.521268783106821232e-01
-8.426276715066602918e-01 4.261308201761899728e-01 7.208761595458077487e-01
-9.866439540679323716e-01 -5.089600930412994106e-01 7.731063415403561789e-01
-7.876164830394739580e-01 4.905165296299029976e-02 1.053448926665877527e+00
-1.035894863192452053e+00 3.722194702181633730e-01 3.036050009859225796e-01
-5.247809128948173196e-01 2.602450560277922431e-01 7.836278180692421436e-02
-8.354554243138712089e-01 2.241989283559298052e-02 7.089965892212550802e-01
-1.114435800822961564e+00 -9.394595180513811705e-01 1.593343543813479757e+00
-8.041401576047064736e-01 -2.068009769008873899e-01 1.353556763349101466e+00
-8.774870122176097187e-01 -1.489156228363418322e+00 7.974854381608343923e-01
-1.090905539179846340e+00 1.966567258779006178e-01 1.219059219593315646e+00
-1.257724913236475617e+00 2.843954313361827246e-01 1.543539182352150263e+00
-1.001418976127158800e+00 -1.116456555118580107e+00 1.552907031295635454e+00
-1.094078904703138511e+00 2.082382359189878240e-01 3.298534638593761947e-01
-9.945970051090431419e-01 8.410567200416974032e-02 9.988130946132193211e-01
-5.246362427094583003e-01 -3.572621963348932006e-01 1.948993726007219429e+00
-7.730087076156091364e-01 -6.884253116001151085e-01 9.348537824781985028e-01
-1.256326824485273663e+00 -5.320514648499119481e-02 6.626882423686391022e-01
-1.037902722363077679e+00 3.966686143511066742e-01 7.450782166299398934e-01
-1.227274849209922802e+00 -7.779503678017298807e-01 1.486590032519244264e+00
-1.102235164048172233e+00 -8.666292796993892988e-01 1.203778113448241038e+00
-8.009377214090838137e-01 -1.360492005689541983e+00 1.035146368113741389e+00
-7.138819479349539643e-01 -1.069804029692673852e+00 1.030706549582308673e+00
-9.346231339591977161e-01 -8.023128073821395034e-01 5.698520998832006246e-01
-1.017833068947581854e+00 4.604145606113525524e-01 1.318033772247636515e+00
-6.669326782672402310e-01 -1.318155247504184002e+00 1.927430913844266236e+00
-7.197277935509762692e-01 3.011484981050278620e-01 1.467817878064830994e+00
-9.947925270679218723e-01 -4.796624380895808670e-02 1.403645387721346394e+00
-8.193545972258365895e-01 -1.200438703150112918e+00 1.832592542211848530e+00
-1.250180403411425001e+00 3.213125905578109176e-01 1.773640055366954682e+00
-9.348763838559295269e-01 3.368294398015290181e-01 9.434237970656648153e-01
-1.174403304179413077e+00 -3.916272221471803761e-01 1.502479671319724153e+00
-1.017843549731615393e+00 4.598198685748982051e-01 5.639074652173551305e-01
-1.298095265946689336e+00 -8.550574834647555189e-01 1.506791698931905454e+00
-9.335753615555819618e-01 2.558289506405375668e-01 1.926913025209883390e+00
-9.461246892487733540e-01 1.647531853111199318e-01 1.954720218070686411e+00
-8.274707536730039337e-01 5.004757225395439768e-02 4.443091978035703660e-01
-1.218454607196810757e+00 -8.161044807265631640e-01 9.285441905017516317e-01
-9.668410327387146896e-01 -1.458286881942409074e+00 1.531630618715824177e+00
-7.359006046551401781e-01 -1.378167738274544973e+00 1.742919539587499678e+00
-9.883776382765191437e-01 -1.293046383151659429e+00 1.532044826626366207e+00
-1.273146524563527837e+00 -7.734316118712381005e-01 1.587145039922497558e+00
-6.327280743493246540e-01 2.761120080971051216e-01 6.237882801859382376e-01
-1.133978807508357445e+00 -8.306804922919892586e-01 1.310190687785981911e+00
-6.055423123109361372e-01 -7.744262879421521806e-01 9.352025337044630460e-01
-7.126873862079711186e-01 -1.434757829772075777e+00 1.969639879584135667e+00
-6.602105685623900211e-01 -1.131523506951284341e+00 1.153500376685764106e+00
-1.209192234758392770e+00 -9.338334299921871029e-01 1.251645424271792040e+00
-7.325330530736939849e-01 3.280808461834627821e-01 1.899405612846508440e+00
-6.713936400453927034e-01 -9.526416762887541800e-01 1.736051287630038908e+00
-6.780439757228728936e-01 -1.382724223174729650e+00 1.055732416584499678e+00
-1.028991749952839374e+00 4.341365277977267123e-01 2.005870630122016662e-01
-9.087986547222498546e-01 4.101127282539382968e-01 9.579104892504354263e-01
-1.112826401035154511e+00 3.309788785454064186e-01 3.981727439356473885e-01
-6.910429472216079727e-01 -5.775222463556113350e-01 1.230677121368887406e+00
-7.242198952504178555e-01 -6.660956662083892255e-01 3.697227345742754023e-01
-5.149972823902770891e-01 -3.310432204755202612e-01 1.773709863169338430e+00
-9.748775759244066030e-01 3.137467956108364042e-02 6.450211422893679103e-01
-8.337033649054044204e-01 -1.158450079599740112e+00 1.342019768361173426e+00
-5.518445157941450629e-01 -1.367442115427672800e+00 1.921822822612693660e+00
-5.983154668313259705e-01 -6.591920933158776919e-01 2.600413632161708843e-01
-1.156168282913208722e+00 -1.445985006841346676e+00 1.926166454477940437e+00
-8.857072317189227384e-01 1.352302561938578673e-01 5.749820416273992985e-01
-7.542414567520665525e-01 -7.989487859359842847e-01 9.234020868936317905e-01
-6.649690410429458520e-01 -1.487298905919439473e+00 9.585898348220019960e-01
-1.217384606872797370e+00 -1.029480159075520485e+00 7.652469227689149278e-01
-8.643285386581036622e-01 -8.798840107349401585e-01 1.713052526622151461e+00
-1.191697144047780821e+00 -1.039559894348210500e+00 1.790387272453627832e+00
-1.065026025943567545e+00 -2.850680634751412423e-01 1.895861574307827313e+00
-8.518670009731106330e-01 -3.192261590025553541e-01 4.982751858929747035e-01
-7.060498797548404593e-01 2.929375465412282775e-01 1.219539557668985585e+00
-6.515054132414683785e-01 -5.755742800417553706e-01 1.417092921727786337e+00
-1.244577890065568626e+00 -1.146260187928126895e+00 1.933264770859737247e+00
-5.006268454957694125e-01 3.206320277177041600e-01 7.274543043521666807e-02
-1.295788548905098869e+00 -1.190477190144326070e+00 1.207514719492825073e+00
-5.430086948090985244e-01 -2.485186698854502385e-01 -3.288912290856611798e-02
-1.204743362046430066e+00 -1.197372287707224814e+00 7.997456278274445163e-01
-6.956810928796612892e-01 4.791120199015077574e-01 5.662277305107445979e-01
-5.844333459509255535e-01 4.395848950120653242e-01 2.369559947171830105e-01
-1.155544820674098139e+00 -3.186554372099088539e-01 6.665471935367395240e-01
-5.737329066895463514e-01 -8.429832928826797023e-02 1.156816338794368848e+00
-8.351177823806215095e-01 -1.467892744569949670e-01 9.102461223416885572e-01
-9.420735969287485911e-01 2.695814861880769797e-01 2.211956076684763739e-01
-8.450831853467211108e-01 -1.053433333118826587e+00 1.763536272432414176e+00
-8.322023464251673275e-01 -5.598725568874054481e-01 1.342935318477425310e+00
-8.639501203888493297e-01 -8.312513743460512305e-01 1.941808083992055067e+00
-5.773938013511309419e-01 -7.691689260404117601e-01 8.641769995650913083e-01
-9.394836503362309355e-01 -3.175202668706653686e-01 1.520735735149667311e+00
-6.192508130432907709e-01 -4.449704868090249565e-01 1.150252511520369225e+00
-1.147425119114733993e+00 -2.041943792788423195e-01 8.615944361708518517e-01
-6.703212183317186490e-01 1.869454887694919076e-01 3.625657756439298884e-01
-6.820359052768514285e-01 4.184264648724358437e-01 1.209679042379977698e+00
-1.067561166440381903e+00 -1.315249223553561775e+00 9.239591488565225275e-01
-5.454655571975669526e-01 -1.092714410757711363e-01 1.266102834940294075e+00
-1.283609564248854085e+00 -3.488249052125220739e-01 1.028107075451791808e+00
-1.285747106351071256e+00 -9.868938044522312936e-02 9.139275815071677966e-01
-9.765262512173629172e-01 3.822939069774966558e-01 4.513429649473378324e-01
-9.351358396349469526e-01 -3.050854651301171394e-02 1.855558683447120938e+00
-5.197594219708834284e-01 -1.064804033388677018e+00 1.547035563795197355e+00
-5.697486914968188376e-01 3.197607840330900508e-01 6.629648509195052997e-01
-1.205589485734024358e+00 -7.031062149703899422e-01 7.806988916029822256e-01
-8.369215839776735777e-01 8.317158225304810415e-02 2.568291967597002845e-02
-7.183146376670433986e-01 -1.304860854181422170e-01 1.478873105120141584e+00
-8.700813224233294729e-01 1.672874965880850606e-01 6.676881691002877206e-01
-6.966172907454429852e-01 -4.755968264683905211e-01 1.550303724482555934e+00
-6.403644697527934859e-01 3.387293496311902796e-01 1.125078737991913602e+00
-8.815423396535729816e-01 -5.645562145077003269e-01 4.182499881562603550e-01
-9.871244374112155828e-01 -5.494463352381826482e-01 8.522986363399360776e-01
-1.000768043725680290e+00 5.945484778769261069e-02 9.770348360327335557e-01
-6.324543597713329079e-01 -3.340801094256538040e-01 4.499992969055794934e-01
-7.154966580381801888e-01 -1.007459575192887646e+00 1.244488169817521639e+00
-8.500395899917645437e-01 -6.404848755435066376e-01 3.683691605115518852e-01
-6.738041554134488464e-01 1.652139436689308294e-01 9.152085722005650625e-01
-1.188726468766066802e+00 -9.474009203930162659e-01 1.851342239251966948e+00
-8.713990809180761632e-01 -1.060974908074620249e+00 1.587982266048403313e+00
-8.072028191835652899e-01 -1.167533557892693086e+00 5.722714117115682564e-01
-9.454598321825162799e-01 -4.917059374962338136e-01 6.666988145589596293e-01
-8.872884511654828277e-01 -1.497907091675821034e+00 1.536653876100228189e+00
-6.150003682549860518e-01 -6.025895058444796781e-01 6.075092162568591636e-01
-7.606320261819362605e-01 -1.369241965314234033e-01 1.313232551229901235e+00
-5.061846278526666021e-01 3.838958518490078742e-01 1.089743139379044656e-01
-6.249827098752424037e-01 -1.496979333145800339e-01 1.853865613558246306e+00
-1.189386608337574369e+00 -7.740747170596402604e-01 1.021357607479060015e+00
-9.303894693747942757e-01 4.075255972597193743e-01 1.887392228579090947e+00
-9.185386686473702156e-01 -7.224254038340389705e-01 5.787234636767359941e-01
-7.986988745751774088e-01 -1.377665973824283352e+00 1.637284331143618266e+00
-1.049671646601939790e+00 -3.749601572236054281e-01 7.940047786014513553e-01
-1.170138868594732040e+00 -1.116902212917484594e+00 1.956950284470012402e+00
-9.729902352043424685e-01 -1.742014080041380808e-01 1.819528692413998616e+00
-5.587657972278052831e-01 -5.461681984991124672e-01 4.835786358499092330e-01
-7.794160282781439353e-01 -1.299968142105401236e+00 1.654189590212745697e+00
-8.248484536080851193e-01 3.076861929308793986e-01 1.000245850074233944e+00
-1.016941749828877306e+00 4.413812172933040401e-01 1.664479523342952794e+00
-1.116806729024055977e+00 4.932998856593997505e-01 2.335351562611741316e-01
-1.072286443733986516e+00 4.870007617452798421e-01 1.825601714729454761e+00
-9.484025885858180516e-01 3.675200907453359811e-01 1.909109323133222791e+00
-1.093350225366136019e+00 2.385325817932055781e-01 1.428116791504945970e+00
-7.274668168289927239e-01 7.839160536039146976e-02 1.552942303159851600e-02
-1.001597047950816943e+00 -1.703287973088052354e-02 8.406594319312697960e-01
-5.281342728344120552e-01 -6.577488558396953344e-01 9.382427779704892723e-01
-1.275440694843539502e+00 -6.732793548095019620e-01 6.513795118510989912e-01
-8.384825570566852848e-01 -7.263145816758556084e-01 4.737321375822738379e-01
-5.263871335994876333e-01 3.794547735697597624e-01 1.913439578293221643e+00
-9.347488415094360459e-01 3.396629454463453435e-01 1.202545570994598412e-01
-1.050712240230821326e+00 -8.868177905445018272e-01 1.711018769608017021e+00
-1.001580071388629367e+00 -6.021060395882482652e-02 7.841416411710920853e-01
-1.107641963520733741e+00 2.700396375766995760e-01 1.718068454331433736e+00
-1.160122134486831103e+00 -7.057319621326567649e-01 1.855710551510176831e+00
-7.399441079222518480e-01 -1.271291448343569996e-02 4.724269642970065908e-01
-9.483528264228979765e-01 -3.715930235002564697e-01 9.054886779216800852e-01
-5.186232460737097982e-01 -7.617655372808251890e-02 1.568803148092786204e+00
-5.756300810843527627e-01 -9.722975388874988134e-02 1.554522039402022271e+00
-9.644718998714385538e-01 -3.098435091655660223e-02 1.210420089755101791e-01
-7.131593708592992575e-01 -3.306683928090046187e-01 2.680536861090077050e-01
-7.239576711867793390e-01 -8.596391237699396726e-03 -1.274920558783083913e-02
-8.257213081408416588e-01 4.565446684075467054e-01 1.558431017419243503e+00
-1.211637549847373263e+00 1.581762388344765125e-01 8.266856198284530111e-01
-8.558043136722446320e-01 -4.485226387026779449e-01 1.834014598272226682e+00
-1.074022113650002996e+00 -1.710451819521621175e-01 1.558203245235847856e+00
-8.998029499817117305e-01 -5.664271557352165143e-01 1.274574695604093089e+00
-9.244749755103043309e-01 3.521412744970686681e-02 1.049971958415113704e+00
-8.864628033279025043e-01 -1.413208393408958097e+00 1.756214687185825518e+00
-5.119943237607487152e-01 -1.494990426305297548e+00 1.401732349972576452e+00
-5.706751948195999402e-01 -1.449366660134406404e+00 1.017124965083568311e+00
-1.126167077729163468e+00 -1.685196001853070946e-01 1.253990012932825859e+00
-7.791189140459388041e-01 -1.004298938213633807e+00 1.121062654415303061e+00
-5.927088375029837541e-01 -1.777512017706706082e-01 2.229274029914811994e-01
-1.016432682733720227e+00 -9.767903219060165565e-01 6.234440925590678528e-01
-5.302533581805688456e-01 -1.271541055919126473e+00 1.600950735799747449e+00
-5.420091941265628988e-01 -4.376139006692441047e-01 1.902847837539888509e+00
-7.637974822496923499e-01 5.302433557865526836e-03 9.821928310117679084e-01
-9.752966636807000045e-01 -2.952598567567374932e-01 1.038935198405200211e+00
-1.288060707311964981e+00 -8.869831900592128893e-01 1.704922647454566009e+00
-7.511798578956251360e-01 -5.113873673209761161e-01 6.805874173434823815e-01
-8.088856784777652686e-01 -1.078507461356127406e+00 1.724250575363719173e+00
-1.234441428714685651e+00 -1.519593069574196598e-01 7.469537235812794274e-01
-5.728700107093100957e-01 -9.249983991401844463e-01 1.407035271501754892e+00
-1.114791523851901278e+00 -5.150090097113377841e-01 1.441039447402710394e+00
-1.229320339298722420e+00 -5.373325438404275012e-02 1.927323552125542960e+00
-7.484247100426374422e-01 -1.455671472729617388e+00 1.806148697128352465e+00
-1.197709193165624741e+00 -5.874110841340522970e-01 1.297950555188629007e+00
-1.071898628710325596e+00 4.477306068939841399e-01 1.909639970330942127e+00
-1.085813539969487262e+00 2.735233513690180640e-01 1.972852672822441367e+00
-7.215264271831673959e-01 -7.041676207902320961e-01 1.950250549013839318e+00
-8.003989308507675204e-01 9.060145955155296527e-02 1.015327705539577074e+00
-8.558093268562050326e-01 -1.143547414994931621e+00 1.992067808760056735e+00
-1.063927760079937723e+00 -4.640519240765321740e-01 8.345631691375425820e-01
-6.330039360920254321e-01 -2.327238843347121389e-01 1.406928672508914735e+00
-1.112258083339579651e+00 -6.954580760572988130e-01 1.894628402334993744e+00
-1.089326815157181993e+00 -6.763149249995326073e-01 1.215674161946294740e+00
-8.590472101568625840e-01 -4.309123949441400203e-01 1.711810086865858116e+00
-9.104766708016851506e-01 1.264978401325154156e-01 8.201828427545576616e-03
-1.261512894414462904e+00 -1.481353048211891066e+00 9.352445512772350478e-01
-9.998276300413375672e-01 -4.854297155881299730e-01 1.262176992490004368e+00
-1.083830186020197761e+00 3.416214474525114397e-01 1.788098073857468107e+00
-8.514068294227965517e-01 -8.994694486485443896e-02 1.476528333471094356e+00
-8.182770078104453226e-01 -8.552500961507574218e-01 9.168985496451457218e-01
-7.813408051058355897e-01 -7.841674456138436611e-01 9.776944202651675075e-01
-1.108226963705750467e+00 -1.362564458867581152e-01 1.262777404797885694e+00
-6.717286036314370490e-01 4.129488126650517898e-01 1.072563693620109282e+00
-9.844148022970018452e-01 -9.590868091418760510e-01 1.719605480233310946e+00
-9.963852736270240040e-01 -5.748707729943778322e-01 1.971984140759149184e+00
-5.109684492963675329e-01 4.285750011507494239e-01 2.669991510861882134e-01
-6.995535963913537270e-01 -7.463152670313799586e-01 1.010098508479348345e+00
-1.073856318641451368e+00 -6.658531691279288012e-01 1.287219967927765829e+00
-1.041445967670625361e+00 -1.105444256956182869e+00 7.634880318323277182e-01
-1.005257993109374137e+00 -1.110463272465694207e+00 1.720119293202650113e+00
-1.039094775059779430e+00 3.844902441310769081e-01 1.709237308663670740e+00
-7.824291825614898555e-01 1.656899282471089307e-01 -6.321664452444133997e-02
-1.261073163618186888e+00 -7.363200796769620027e-01 1.386580508919831978e+00
-5.182946989591469267e-01 -6.642271233736456448e-01 1.646944590744567671e+00
-8.096589068564390423e-01 2.615016825899423303e-01 6.101759792659549042e-01
-5.297640769379261538e-01 -1.023789012188013325e+00 5.417429286820389933e-01
-6.492058263295266141e-01 -4.862597269997648297e-02 1.284075324550913777e+00
-1.023518494981536353e+00 -1.171311381091838522e+00 1.883761399764054989e+00
-1.199003438938903709e+00 -1.477565398022624210e+00 9.155061392162754386e-01
-8.139390966505926084e-01 -8.094272624906528879e-01 7.106921018765702813e-01
-9.098163289393597086e-01 7.774508649711897590e-02 1.433021634066149019e+00
-8.268595554872645303e-01 -3.227227326069539437e-01 1.810657519186706921e+00
-9.856439787732915736e-01 -8.324628805023113198e-01 1.291564141009597488e+00
-1.170088046499130341e+00 -1.080886062772719036e+00 6.765947643410523682e-01
-7.774619649791548737e-01 -1.079328452804861671e+00 1.699825176658783965e+00
-1.062672983973961927e+00 -9.963628983641183989e-01 1.994304235385025326e+00
-8.515247336578158910e-01 9.872213936147655744e-02 7.062565166147298790e-01
-1.083352582238202411e+00 -5.332640909714891908e-01 9.936450054508608742e-01
-6.616724177979459443e-01 -3.554735098526651260e-01 9.310115143897571555e-01
-1.288349114469380163e+00 -5.429973820632432169e-01 1.490799508918669858e+00
-1.196086412993866421e+00 -7.488164082509278785e-01 5.853649842234115441e-01
-8.644676063666529853e-01 -8.818093380244091950e-01 1.598864624417112079e+00
-1.261476041167755691e+00 -1.043950838373786771e+00 1.932790527790242407e+00
-7.533295565917493830e-01 -7.227164848900988758e-01 6.237907838423755180e-01
-8.129790380810195671e-01 2.953938049962383516e-01 5.946447076860896797e-01
-8.775342598286024476e-01 -1.386345401193458615e+00 1.841212838191951473e+00
-5.864488344500193850e-01 -9.621949308844757187e-01 1.440362662003999539e+00
-1.206669542828447517e+00 -4.552313167910044811e-01 7.127097757724152327e-01
-5.832144747137021357e-01 -6.538833809779427408e-01 7.983235977067020261e-01
-7.890919178968596182e-01 -7.913108107609660991e-01 1.663095623998772643e+00
-5.868140082839882199e-01 3.936923870445829809e-01 1.855800598020953540e+00
-1.299323709193134668e+00 3.567482393771312932e-01 1.821358426638504113e+00
-1.020233739964610198e+00 -1.168114841452542851e+00 1.925961703402586878e+00
-7.809993551053779903e-01 -4.379971642001254661e-01 1.236768398857049034e+00
-1.070632737110443822e+00 -8.622071745311865598e-01 1.796980276528009846e+00
-6.834203590088153701e-01 -1.338796989556439332e+00 1.878143820536696706e+00
-1.226036923478172946e+00 -1.398124361155558049e+00 1.179641728003609780e+00
-1.054215906522370183e+00 -7.874840944644476703e-01 7.044059628794229200e-01
-9.801729431778684054e-01 4.016909525838632256e-01 8.707927203576879549e-01
-8.617989721987640017e-01 3.751805029755315157e-01 1.521769639640823124e+00
-9.548391916866287854e-01 2.339172667327797939e-01 8.462973396811886984e-01
-9.003868569605020244e-01 -1.199103781508600974e+00 1.990743046881681799e+00
-8.320652686349938598e-01 -2.895437856367892859e-01 4.411286318607576806e-01
-8.439414147169752578e-01 -1.466912956653222633e+00 1.079787497906592231e+00
-7.925982089710202905e-01 -6.460018890777621259e-01 1.147716525317411751e+00
-6.172405038709285474e-01 -8.592189760071928806e-01 4.604883095595243558e-01
-5.860911787577028909e-01 -1.161123256352061928e+00 1.615105197182580943e+00
-7.282832808588208806e-01 -1.166496669050529178e+00 1.380951580403241952e+00
-8.912475168861475616e-01 -1.007229516857820473e+00 7.846316693105879203e-01
-7.830384989665245543e-01 -1.605992011030101807e-01 2.286188200050290054e-01
-7.221897767547421632e-01 4.164366138876862689e-01 1.785589265411084314e+00
-8.380653328760128140e-01 -1.219325533644356918e+00 1.236756107131844029e+00
-5.976546368880562010e-01 -7.685404678041665161e-01 1.479320391317123340e+00
-8.577601421584852837e-01 -4.732401004503963282e-01 1.501198478979380857e+00
-9.394189671620101212e-01 -8.003308005992033625e-01 1.724804331902706878e+00
-6.538929990911248602e-01 -1.481558057321624045e+00 1.811842530605563217e+00
-8.081317560843410686e-01 -6.641413108411082789e-01 6.446400249736587984e-01
-6.018805293540254731e-01 3.277626094496504106e-01 1.950623133520399843e+00
-1.012702898940685436e+00 -1.340974771130862164e+00 7.841732870877317074e-01
-6.554686648709562302e-01 3.955840660141365372e-01 1.926637524183162586e+00
-7.553105431712998641e-01 -6.380829839478754373e-01 1.584353625359743001e+00
-8.301565128292811568e-01 -2.490686587742423352e-01 1.706159850385542187e+00
-1.100484073838198684e+00 4.565237204932306447e-01 4.559151603600383185e-01
-1.147751557372848508e+00 -1.078423225801394381e+00 1.019530078360186831e+00
-8.619355643533916922e-01 -7.639067656747964286e-01 9.341727098609041713e-01
-6.597122415551026631e-01 -3.643610215137604857e-01 8.019801366008781907e-01
-5.837176983871467106e-01 -1.030770989481095912e+00 8.788296304773435264e-01
-1.032823077072564821e+00 4.923511055772529232e-01 1.478591871575753336e+00
-9.967982809457321958e-01 -1.019627038384451234e+00 1.252870488296161655e+00
-1.067891064202718621e+00 -3.425953774562506826e-01 1.251076900332382724e+00
-6.792853012630241105e-01 -7.453854194449487380e-01 1.119801989674199749e+00
-5.597795747214178164e-01 -1.233510897118470506e-01 1.327559293610691693e+00
-5.190604890088946766e-01 -1.191761143951946433e+00 1.576357098577730875e+00
-1.144738377513369043e+00 3.758426640876297853e-01 6.180883840041194732e-01
-8.699571394718297324e-01 -1.103793726222974669e-01 1.254269038395376512e+00
-9.073711021413763955e-01 -3.372439413035257516e-01 1.807831666566619866e+00
-8.743243036476087138e-01 -8.177203672791888422e-01 1.383358203719345703e+00
-6.385185523766635507e-01 -5.561621803072203107e-02 1.573934351945107668e+00
-6.744640889157451635e-01 1.382918676537978619e-01 2.709633499182816374e-01
-1.178502564150093912e+00 -1.424577470531485757e+00 8.054636311648190050e-01
-1.148060289127465605e+00 -9.875563215483116331e-01 1.447836512431977418e+00
-9.430972486408937261e-01 -1.497500045160474080e+00 1.296636865297574381e+00
-6.888410376312235073e-01 -1.244456051474798874e+00 1.956364695133972376e+00
-1.262918329428795561e+00 -1.277671668699782437e-01 9.484615981229415071e-01
-1.260830183195700060e+00 -5.580486316869697205e-01 1.002137062631567321e+00
-5.730119300447045205e-01 -4.473623773833608208e-01 1.439726739941319833e+00
-1.195055799928690154e+00 -1.041858378250296369e+00 8.159931427449629293e-01
-6.881948604589231966e-01 4.467622255973924261e-01 5.310615673669952241e-02
-9.581356128744848988e-01 2.044994065614327283e-01 1.603762570948676247e+00
-1.257418688115024663e+00 -4.624335535405419417e-01 1.526839085552432085e+00
-9.581160889696250793e-01 3.925831083317807835e-01 1.795416036572889285e+00
-1.219627798605311231e+00 2.042313476321555576e-02 3.735782804735345852e-01
-1.145382000820618362e+00 -1.240832660036921276e-01 1.196481472530733337e+00
-1.007719936519342108e+00 -7.556686763052997691e-01 5.179988872473013650e-01
-6.400453150747248410e-01 -7.263747140488439058e-01 6.616288331040385273e-01
-6.848462355172543203e-01 4.107454109267738573e-02 1.187343533363445669e+00
-1.225946433037633509e+00 4.452000676923784095e-01 6.012252199569582123e-01
-5.881039976146720250e-01 -9.855394146288776192e-02 1.151802335851716430e+00
-6.937148125816041677e-01 -4.738114031659579339e-01 5.762712770415543417e-01
-1.108291411248133684e+00 3.541512813938341164e-01 1.704585789989374378e+00
-5.537890888992287319e-01 -1.144494290755009969e+00 1.714081304662396832e+00
-1.237020888307351685e+00 -1.159101904239719039e+00 6.402458507165380563e-01
-1.122570123519548657e+00 -5.803867313846711173e-01 1.802094503973592943e+00
-1.112919731717651128e+00 4.532592570549931477e-01 1.137514184082901281e+00
-9.304674644544488338e-01 -5.827510965316540226e-01 1.738178177593619811e+00
-1.276018813844181476e+00 -2.601663236689590875e-01 7.840691329390194753e-01
-5.576962048346085776e-01 -1.744789574535301480e-01 1.563266762676298605e+00
-5.804248233776967414e-01 -1.027676166390662837e+00 7.653952175563042415e-01
-1.184229031671439003e+00 -3.610904309435007953e-01 1.173276249906083368e+00
-8.552454541283369682e-01 -6.160765872865319182e-01 4.011876435620279624e-01
-8.998837779830290984e-01 1.036371389751966632e-02 2.357057084705778960e-01
-5.575484472151781556e-01 -1.372296037907789756e+00 6.585045073195731069e-01
-7.713447574746672419e-01 -1.084259599603828894e+00 7.380187714008570321e-01
-5.189481269047016010e-01 2.188649752829401329e-01 9.844296909681445884e-01
-8.916143368370957889e-01 3.942176502209269184e-01 1.560560538235930439e+00
-1.191016502062730353e+00 3.661950364109147760e-01 1.919680604672490354e+00
-8.190247246403843384e-01 -1.094242239545522910e+00 1.105054858596757006e+00
-5.385972164503527448e-01 -1.204343707971147648e+00 7.874514258918559051e-01
-7.929282792648233436e-01 -4.153460842343768000e-01 7.019129454327502904e-01
-6.841304690614842254e-01 -8.387180964623162094e-01 3.922479847560822463e-01
-8.009209909893479917e-01 2.134328708924935203e-01 1.363395167733833624e+00
-9.770399458361753720e-01 -1.280058959407890828e+00 6.944666596660480362e-01
-1.244292006080754964e+00 -7.855296627261501019e-01 6.514476627664742558e-01
-1.232084175878748189e+00 1.413159663822041168e-01 1.524451877108315312e+00
-1.048324236017824651e+00 1.890965144567542389e-01 4.830260179800386355e-01
-1.280055092113669524e+00 -1.478764938010659558e+00 1.056975048928024963e+00
-6.540805534798529441e-01 2.707297231306355911e-01 1.727945125757010647e+00
-8.171789876895596549e-01 -1.261608014374109299e-01 1.354771428886853091e+00
-1.152128556007021132e+00 1.770794113357951893e-01 1.381738373572368506e+00
-5.055863800230211424e-01 -1.032485318665224527e+00 4.905468402832551256e-01
-7.329362578486428026e-01 -1.297923998290705816e+00 9.447252204576094270e-01
-6.490051064271715742e-01 4.405768189508987298e-01 1.289900120218169466e+00
-8.632470131007834446e-01 4.472595930711273926e-01 1.791841851732125956e+00
-5.175380255857956469e-01 -1.440395717236575335e+00 9.551275578933325905e-01
-7.213773508122380829e-01 -7.003417700311878047e-01 1.533566637791035525e+00
-1.150791521654821015e+00 -2.928093128914903698e-01 6.190460581317976940e-01
-7.251392497798548886e-01 3.277449277581578890e-02 3.387746629731192005e-02
-8.595559458889417970e-01 -3.916520623467307782e-01 5.584769741250029673e-01
-6.980594727820744749e-01 -1.434498698483860801e+00 1.633670475335101679e+00
-1.219261701649406504e+00 -1.681697966001587385e-01 1.571062630356181433e+00
-1.059949555016270972e+00 -5.326399529826331136e-01 1.236635933016430045e+00
-6.862716808989138828e-01 -2.029890098849116420e-01 1.383250517913698685e+00
-6.507137663479969358e-01 -7.602100317013733566e-01 4.677984394496780274e-01
-7.163007659145343986e-01 -1.308154742641511659e+00 1.815612566676779283e+00
-1.078167909704726313e+00 -4.206623814612342471e-02 1.422211006573464331e+00
-9.106139750601633942e-01 -7.014556073867475039e-01 7.609930367982106203e-01
-6.478615568676620029e-01 -8.255578586721539214e-01 8.944450646106031355e-01
-5.142587077823719266e-01 4.687354261745626527e-01 2.628714792126990440e-01
-1.256200737689037616e+00 -7.959985339669743976e-01 1.128345459815837337e+00
-9.639603010437124420e-01 -1.301751916630483175e+00 1.432759244561732981e+00
-9.285584216197335650e-01 4.324142310611005513e-01 -8.176443114204061391e-02
-5.357589793417664170e-01 1.178688014813686902e-01 1.540469259249842127e+00
-1.212717612837228565e+00 4.081496566676412474e-01 1.520564688705113632e+00
-1.242273959843300135e+00 -1.102511498252372490e+00 1.810071529596002593e+00
-1.097408194983096275e+00 -3.504155031156459543e-01 5.729821867575430883e-01
-9.249292287375012744e-01 -1.024583035939444775e+00 1.502569273107522863e+00
-7.761778267103781603e-01 -2.653824368144312995e-01 4.272507152947975229e-01
-9.819014708752129561e-01 -6.843025217389346881e-01 1.690260349653593508e+00
-8.702922549791811679e-01 2.017330472714071732e-01 5.439453692694419251e-01
-1.233863463024583274e+00 -1.119882692515538514e+00 1.878740363276468539e+00
-8.099181925977141372e-01 2.160469885946181279e-01 1.874044743828483517e+00
-1.193291800797329882e+00 1.072511393980790650e-01 1.741519348389008570e+00
-5.543051993196332905e-01 2.527511637274766354e-01 1.716645488033294864e+00
-9.288974363005499946e-01 -5.379454727211261389e-01 1.662257110611864430e+00
-8.783953205335729431e-01 -1.469694508545614342e+00 1.319052265449488948e+00
-1.067767374845455031e+00 -4.782870306955773199e-01 1.034796381730168857e+00
-1.261161951381681634e+00 3.226422684506811134e-01 1.773211709345596798e+00
-7.565185819093401820e-01 -1.095799794331149268e+00 5.287211794990424041e-01
-5.420921954486023209e-01 3.564374608314710979e-01 1.421981990476438140e+00
-1.174966370930697890e+00 -1.435932145080477174e+00 1.100115644341681298e+00
-1.250267229702967109e+00 -4.256890414913661047e-01 1.098605650999824102e+00
-5.885594742830255743e-01 -1.757507060059488868e-01 1.585297470210471182e+00
-8.192073018120733519e-01 3.700085457823607538e-01 1.854692022422637310e+00
-6.262271524720592897e-01 4.040003757626531300e-01 1.390668126056974874e+00
-7.205476817739506767e-01 -1.757330136976975599e-01 1.087456328307177866e+00
-5.341280874794596123e-01 -1.027451247532046530e+00 1.937131608310203479e+00
-9.178910342398625133e-01 -1.320027488900740176e+00 1.689835410344826983e+00
-1.025301441034619065e+00 -1.947851317099722479e-01 7.528421128263891315e-01
-5.496607593888918064e-01 1.739876227072920667e-01 1.042605501511444599e+00
-7.540919102164903576e-01 3.699215450336659217e-01 5.079248032440456528e-01
-7.420920981399655725e-01 -1.203311366355827472e+00 1.150379126417518938e+00
-8.268045514984432298e-01 -4.831382568613600270e-01 1.233554830255798818e+00
-7.911808647329244826e-01 -4.492239969208582373e-01 1.340698806383050057e+00
-1.080427861512501364e+00 -7.477375417372318367e-01 6.160931532827982338e-01
-1.223975732332835520e+00 -1.670752160341433257e-01 1.981463267273759765e+00
-1.185285810848688559e+00 1.736409349330947371e-01 3.413681521113797190e-01
-1.003791730466506271e+00 3.108044601217196945e-01 1.388017540486008672e+00
-8.926766946151267756e-01 4.602385004926183854e-01 1.315069458994993501e-01
-7.664308361741685172e-01 -5.624803867634173837e-01 6.587201232709178900e-01
-1.123274423931349908e+00 -1.476789585083298828e+00 1.743478697479829087e+00
-7.271830450536479473e-01 -9.402944046955024060e-01 7.141197127425272795e-01
-1.233985038785996524e+00 -4.229506315403754879e-01 6.729087996378377845e-01
-9.468132176718442317e-01 -8.916061161395130163e-01 9.845639436520915444e-01
-1.255211459571424326e+00 -1.235530832546689606e-01 1.896754998508608514e+00
-5.204669932861822890e-01 2.633510325884413916e-02 6.028657903708910526e-01
-5.701260047689274968e-01 2.838685670486280621e-01 9.534929975002105484e-01
-1.076436099643448774e+00 -7.242191125277441799e-01 1.108419989921217264e+00
-7.159112032442660478e-01 5.069093780941247296e-02 1.676056728547784258e-01
-8.043675222523278823e-01 -8.025318739496107856e-01 1.776866390139826501e+00
-6.924611654297593288e-01 -3.720265857193529868e-01 1.461704655813434783e+00
-5.327290448362751452e-01 -4.286280509848539033e-01 1.917658130750175438e+00
-5.365887124031148980e-01 -1.369655176250461626e+00 1.451159220093466207e+00
-6.127273191520449247e-01 -1.952414394277701692e-01 4.178064595266560710e-01
-1.194886305914980351e+00 3.323118000771541070e-02 1.514687552170204343e+00
-7.933243074264448857e-01 -8.397761188672223653e-01 1.530381507245654360e+00
-1.286422382163978639e+00 3.848817887645477054e-01 1.060805497202156111e+00
-5.114556755396029164e-01 -1.163745707146867758e+00 6.084435944653795447e-01
-7.544681914830224656e-01 1.756832851619005709e-01 1.085998392056708228e+00
-9.355818774717612474e-01 -2.731309169012572369e-01 5.876761204056638599e-01
-1.216337483860798541e+00 -1.256470454823051641e+00 1.524113052926186596e+00
-1.032609138010326610e+00 -1.119235464350521791e+00 1.540205706966732757e+00
-6.093358319556609892e-01 -1.282781340810842829e+00 1.324628702261262836e+00
-9.099682046053592099e-01 -5.577671667480719186e-01 9.780508058000864091e-01
-6.393483888905543422e-01 -1.378604277218495877e-01 3.369199396689756543e-02
-1.047071298586610633e+00 -6.377569830112894689e-01 6.089838757794441282e-01
-5.030078188381945647e-01 -1.315268701034935095e+00 5.891554107164069798e-01
-5.242957577562096239e-01 2.364323285867959701e-01 1.578159202727140276e+00
-7.052950516115387147e-01 -6.402640124313001557e-01 1.716788319219678227e+00
-5.483638100506511570e-01 -1.017507495481187130e+00 4.490918422615249872e-01
-7.558888088216438872e-01 -2.303402304399577716e-01 3.096797085785021331e-01
-7.339195616135224531e-01 -3.670314849943463464e-01 6.776130023327313623e-01
-7.561736897243361843e-01 -1.063214930501533262e+00 1.057055153579153917e+00
-9.412053670200173361e-01 -6.595220407812945052e-01 1.185140007665395068e+00
-7.599524350557005370e-01 -5.308375572099339745e-01 6.971145777804701460e-01
-5.827917911275160012e-01 -1.481419351556634956e+00 1.343239231653371668e+00
-6.301276709415556398e-01 -1.839305559585882044e-01 1.480627575280578645e+00
-6.203647914522719686e-01 -1.884335022068379661e-01 2.994622448508682533e-01
-8.522124010178739884e-01 1.604899112575668418e-01 1.996778689390329653e+00
-6.858515121054342689e-01 -6.520254265121896431e-01 3.999346254796216638e-01
-6.301981032401231531e-01 -2.573739622656237014e-01 1.705573064060855515e+00
-1.050133433019585061e+00 3.370433301158708428e-01 1.611684657075293625e+00
-8.760804850233894214e-01 -8.541914414528497534e-01 1.328849010833727418e+00
-6.283664613258975740e-01 5.823448248663121163e-02 1.675546906610080100e+00
-7.905989033276917821e-01 -7.254129357168885850e-01 1.818725023939135266e+00
-5.684476985641319091e-01 -8.635464082528496732e-01 1.368449245146371451e+00
-7.425725667460993940e-01 -3.110040783635903416e-01 8.987382584801590912e-01
-7.278573879195511243e-01 -1.457971136090792763e+00 8.696683234625579573e-01
-1.098641829100999390e+00 -1.137664555806810140e+00 1.958226211019457708e+00
-8.833266738790155337e-01 -1.205850521784592511e+00 1.879803713341529292e+00
-1.056511389894864816e+00 1.785452872119765999e-01 7.159172961500765986e-01
-5.845133224713378040e-01 2.347065221787669742e-01 1.633753508111302599e+00
-1.251734194024255009e+00 -1.486565777824159218e+00 1.270727292751324233e+00
-1.142243965656898119e+00 -4.812426646287042420e-01 1.493928604175537522e+00
-1.220078924044984747e+00 -3.605883417848454453e-01 1.764568270373728209e+00
-1.212522878777533286e+00 -1.968234781677979939e-02 1.644251113906497253e+00
-1.114653222277546485e+00 -1.320910631902525667e+00 1.480284955750489351e+00
-7.578198499872261795e-01 -2.839452914528433070e-01 6.305964602008584663e-02
-6.456718765158596662e-01 -1.901854785558614314e-01 -3.183732806419047046e-02
-5.590356842343380261e-01 -6.038966793488715901e-01 1.964180567345204853e+00
-5.101140493967151190e-01 -4.216347144347663001e-01 8.256303225960643921e-01
-5.375266667697893297e-01 -1.216817042334711552e+00 1.650165598181517979e+00
-7.437273087745883693e-01 -5.514999053807876361e-01 1.344120815379405309e+00
-7.402079937343789551e-01 -1.303022174358028806e+00 1.867397717181027206e+00
-8.785630301912292772e-01 -7.990647205332346292e-01 1.767194327315924740e+00
-1.054272787856135540e+00 -3.676763536314451297e-01 1.030453618878214295e+00
-1.130111507229403900e+00 5.709909992475181717e-02 1.745381665106808589e+00
-9.865702070260775614e-01 2.037727655326029286e-01 5.243705038195237700e-01
-5.142002241164634890e-01 1.478942186011196203e-01 6.618941609870901965e-01
-9.370700582254496425e-01 -6.059308955549045361e-01 1.614270930726446007e+00
-6.242932244954315646e-01 -6.422542295515873967e-01 3.089711264307642979e-01
-6.608389426758736196e-01 -1.435170638747442995e+00 1.156909314422819302e+00
-1.131559848005429636e+00 -6.704445999819359514e-01 1.266143731767481517e+00
-8.392730287077394546e-01 -1.966256110024449111e-01 1.553811277380669598e+00
-5.671670993426511931e-01 -4.700554515245038978e-01 1.283000435699194419e+00
-5.825767832531435486e-01 -6.119729772860433847e-01 2.045585245367101124e-01
-9.714895825591847167e-01 -1.075037455588155000e+00 1.368300609517725697e+00
-7.541862973542284854e-01 2.333606436427055897e-01 5.011599473545860217e-01
-6.989976522829174366e-01 -1.110387375751366479e+00 6.520819964551477499e-01
-5.179657580750048895e-01 4.500132403891443644e-02 2.159897751418272394e-01
-6.163847557317531090e-01 -2.663847151005265257e-01 1.931710902756078152e+00
-9.853201943382862149e-01 -1.354616148621465621e+00 1.445271082769945981e+00
-5.960293153981142122e-01 -5.955675233315105288e-02 1.597689455081821475e+00
-6.670529002552588738e-01 -1.270489396206872401e+00 1.795779938745909243e+00
-8.033183698356123337e-01 -5.134006613026493859e-01 5.250135627421145257e-01
-8.015968288004629017e-01 -7.154249909970429311e-01 7.921880850249325423e-01
-1.181956577659738716e+00 -8.479828852497035552e-01 1.718517198337816909e+00
-7.147099275521037187e-01 -4.298725767911353302e-01 4.004485875840363418e-01
-1.213527459328494373e+00 -4.627823139287872145e-01 1.460603706761599563e+00
-5.660107114020960228e-01 -8.234835791579011577e-01 9.706469340356048692e-01
-6.741924303682703679e-01 -2.308076237865246405e-01 8.754677934336190237e-01
-1.296404275438163722e+00 -1.261405250926776134e+00 1.055710943436233951e+00
-7.992686913745773447e-01 -1.034528083213667848e+00 1.375837578292453012e+00
-1.268220312694711804e+00 -3.210159534139900295e-01 4.809164670115904094e-01
-8.792426137413236198e-01 -1.398316312571434183e+00 8.263395344252344454e-01
-1.190423750363497790e+00 8.535877544546743856e-02 1.221717452911109669e+00
-6.083916932811045397e-01 8.427640925618051781e-02 7.189089724982226093e-01
-8.682480475135714304e-01 -1.278034954331275230e-01 2.621221064913717980e-01
-6.041151509418614118e-01 -6.718877144671633328e-01 1.462389929523469689e+00
-5.117759864543981463e-01 -1.867583839253419420e-01 4.851784780214496440e-01
-1.238353793284487248e+00 -3.451682717482649210e-01 1.587632547747438450e+00
-9.984202437560548704e-01 -4.667275634163448039e-02 1.020979207783982989e+00
-1.147602509662440262e+00 -2.084582001701695830e-02 4.948409611819397647e-01
-1.175661179696825043e+00 -2.366506240258756666e-01 1.226340317272331504e+00
-6.525801575636818175e-01 -1.093573780543379170e+00 1.782784882435666685e+00
-9.399259568036433254e-01 -2.735227167634661782e-01 1.293664007216290157e+00
-6.493090410221198372e-01 -9.556891809344003619e-01 1.241398799800441211e+00
-6.825770529466617109e-01 -7.358152793000862779e-01 1.334472785929351257e+00
-5.230101246590116437e-01 -2.724484887073672645e-01 5.073914748487864390e-01
-9.567193605746321383e-01 -3.479301022700422852e-01 2.704439877031346029e-01
-7.727021957951075715e-01 -8.534675182548141503e-01 6.573745468486080767e-01
-7.918739893396512519e-01 -1.026741140834250832e-01 2.909667840453693533e-01
-1.023343153639065806e+00 2.378390547287998480e-01 2.499912982250243332e-01
-7.240980930066148735e-01 -3.018284579176706561e-01 3.519382866863554060e-01
-9.369349214067015374e-01 -1.112298179160444045e+00 1.289282596844758544e+00
-9.054332427536679884e-01 1.154485996951466475e-01 -3.648871905162419382e-02
-1.123302620866581947e+00 -4.903512995217758075e-01 1.715402683762041081e+00
-8.854885165285799609e-01 -1.872483794284509617e-01 9.068172955396690549e-01
-7.567544040614914147e-01 -1.247590999054239536e+00 6.923102996775412077e-01
-1.210907196289368271e+00 1.022120975526776832e-01 1.794423122120022196e+00
-1.285056144821327573e+00 2.874265122670101036e-01 1.277591237572567540e+00
-6.762190696235103049e-01 4.093768257380234754e-01 1.834759902340799664e+00
-5.022829943615396697e-01 4.048062787174757649e-01 1.472011138336444036e+00
-6.996351855366342853e-01 -7.682226803543916738e-01 1.566080944383570372e+00
-6.514401515880822169e-01 2.561207734903110378e-01 1.872477920906238769e+00
-5.893786933246556448e-01 -5.651371743819892934e-01 1.949723710662718545e+00
-8.578950486322867164e-01 4.366088634968470217e-01 8.077658480652533113e-02
-7.000140075307169640e-01 2.548654385568809300e-01 9.655998227850609572e-01
-1.202457015701410281e+00 -2.524464576609672939e-01 6.927482328230893938e-01
-9.361927258422391152e-01 -9.530164239935543513e-01 9.919355519107994068e-01
-1.134451911562148307e+00 3.646809992057506999e-01 8.187773530427334689e-01
-6.991233065171575944e-01 -1.323999074939071097e+00 9.827904551359992746e-01
-9.602886028791308703e-01 -6.969672613822655016e-01 1.380525018488469646e+00
-8.575151282988359158e-01 -4.949402874813997322e-01 1.405462530196289084e+00
-5.166794818765789721e-01 -1.224354066896107263e-01 9.339559602686254847e-01
-5.450869360223782323e-01 -1.607648162451240648e-01 6.219425559690657801e-01
-5.631421174270181407e-01 3.798500910821940302e-01 1.666620815857156490e+00
-7.192230705690078052e-01 3.414477308808212541e-01 1.367437227923171239e+00
-7.268174473247202005e-01 -7.300723638323427522e-01 1.152402100689978059e+00
-8.227947929715497821e-01 -1.267833282434920550e+00 1.438122273973816867e+00
-1.130966460853033873e+00 -9.697881118014561874e-01 6.629194631889399059e-01
-9.586285633076379042e-01 -2.403523349536553777e-01 2.053469123208933322e-01
-8.226941487359584748e-01 -1.187247250666858989e+00 5.915459681898321831e-01
-9.230789393480804961e-01 5.337856937516960443e-02 1.273416596759765484e+00
-1.124220382808968521e+00 -3.751245913289329437e-01 1.445070894978084386e+00
-8.154088283506318868e-01 -6.220218140443529720e-01 1.119053630557254042e+00
-5.545244992013457219e-01 3.101397806635592946e-01 1.758102400685886746e+00
-5.994190807671596621e-01 -1.074529108925171395e+00 1.280375191633589038e+00
-6.926120590276988453e-01 -5.160239888297830646e-01 7.259645640379155385e-01
-9.737469766101278790e-01 -1.380471996800345602e+00 1.994887279637783006e+00
-1.057001145313432700e+00 2.517146434833905655e-01 1.734720808667534753e+00
-5.540456880255543171e-01 3.713983016702324669e-01 7.109446725696666469e-01
-1.135045068613012242e+00 -4.442612371636165403e-01 1.747577287018106107e+00
-7.284148177491400755e-01 -1.238579112231643631e-01 5.358364094803241828e-01
-8.905338445645711865e-01 -2.149795006254624496e-01 3.062869073052747471e-01
-5.256057090358704498e-01 -8.653631844652509564e-01 4.821627842169432521e-01
-6.729295404768144140e-01 -5.167647912227324447e-02 3.990331251527109435e-01
-7.205843814009131876e-01 7.943595511819445676e-02 1.354550335076578182e+00
-6.421261402828113418e-01 -6.847517475972444423e-01 5.865896094550586692e-01
-1.254026016704965496e+00 2.774555425363960381e-01 8.630545065576969987e-01
-6.948754734303964620e-01 -6.691214641897444970e-01 6.919341372268468238e-01
-1.160834107583674113e+00 -1.322932307239621075e+00 1.388635310953994173e+00
-1.268837584532742868e+00 -1.933248755509464623e-01 1.657745339804479467e+00
-7.128772426816259999e-01 -3.750314415641307075e-01 1.166980214470847654e+00
-1.133752014199900238e+00 -1.210244070967577912e+00 9.267379933743097320e-01
-7.780014194222122370e-01 -8.814906733999969823e-01 1.612207604586576304e+00
-1.023046236380399598e+00 -8.362576360750020310e-01 1.906971379960581192e+00
-5.924917840145953463e-01 -1.449075647939772615e-01 1.693413911174225683e+00
-1.162724597243419700e+00 1.065760991973181415e-01 1.962183117527933174e+00
-5.284458847926789549e-01 -8.076379262466069076e-01 1.458338853457050499e+00
-1.096669685495921032e+00 2.339181907586618259e-02 1.190181198505676496e+00
-1.215012599318290532e+00 3.960392477542569178e-01 4.263140815309495180e-01
-1.008390153116471399e+00 5.691694344000364225e-02 1.154178608191300248e-01
-5.884517058490705832e-01 4.065210982670743878e-01 1.982006854604127177e+00
-1.004200489153856068e+00 -4.971035940800376807e-01 1.677562756614634942e+00
-1.178698862137676828e+00 -1.729844681445147359e-02 1.407261858147251576e+00
-1.239000411168056148e+00 -5.090513666524663083e-01 8.404908663908186028e-01
-7.878193323618182253e-01 -6.395158463645782554e-01 1.547828894636943620e+00
-8.638810542393848824e-01 -6.137728785891622962e-01 1.689287756894594539e+00
-6.152686989757467639e-01 4.392797743879188754e-01 1.439479555478164086e+00
-5.386716862511852222e-01 -3.903768971362908680e-01 1.617302370529228428e+00
-1.048286974308975106e+00 -1.161212312416332937e+00 1.411918333255206992e+00
-1.150105636770695217e+00 -1.077624254468428688e+00 7.513989060441783607e-01
-9.140215637514168545e-01 -1.170568916594132869e+00 1.730048532851272691e+00
-8.416747951891940804e-01 -3.634791715598526540e-01 1.573816185337909568e+00
-6.729280849455659963e-01 -6.237834494592862100e-01 1.396342622192368044e+00
-1.295420841361354602e+00 -8.094164482667964844e-01 8.184156198223868639e-01
-7.202645092200274934e-01 -1.033707218462177169e+00 6.196297319395285275e-01
-8.891312301414204811e-01 -1.262231172490127395e+00 1.543224964636075391e+00
-7.942146648608552351e-01 -1.295260604338682953e+00 1.344798302537349333e+00
-1.251452419824681916e+00 -1.235726265708877225e+00 6.865425686752700818e-01
-1.246866032019504633e+00 -8.312655826212607124e-01 1.061766234465910230e+00
-7.479060274808149167e-01 -1.056270234646552453e-01 1.888902771186873775e+00
-6.286495333422869036e-01 -4.483026409128196832e-01 1.003405230113095126e+00
-8.740402412593699655e-01 1.861609053040100825e-01 1.643037090134272349e+00
-1.177772211892101462e+00 -1.280066958299852509e-01 1.815529028325188143e+00
-1.038680714922327608e+00 -7.611378406609288216e-01 1.254733250163472702e+00
-6.859100009552978605e-01 -2.673911166584472809e-01 7.819136671093496194e-01
-1.134638177319543306e+00 -1.610387615544057738e-01 1.302720818248379819e+00
-7.050642894582643816e-01 -8.846951115345280670e-02 1.616134357981652947e+00
-1.136988158840379626e+00 -4.322471785381425402e-01 6.867193092597028148e-01
-5.824052074026004888e-01 -9.097175654356683960e-01 1.482386136976236335e+00
-1.054301534992579725e+00 -1.154029034745072124e-01 1.087060483598156324e+00
-9.878415106704827586e-01 2.494934884437511879e-01 8.636890943139933219e-01
-6.878401166055307936e-01 8.924768839794317010e-02 -1.761361824241133855e-02
-5.969541754276407319e-01 1.670987289568337530e-02 -4.389896645468495395e-02
-5.166649562280773988e-01 -6.447910051747509641e-01 7.695990395675994522e-01
-6.484096016654127270e-01 1.390649656443960769e-01 -1.099300450931078865e-02
-6.618044941994758457e-01 1.069138605564290412e-01 1.169509388386331450e+00
-1.031223083090182069e+00 2.535626566267745741e-01 4.972930027046957857e-01
-5.257484474248037554e-01 -7.923375708502309323e-01 1.800798963502443284e+00
-1.120977711287235223e+00 -2.057207756686563194e-01 9.676470409180294441e-01
-1.123841681943637649e+00 -1.193231076583191275e+00 1.716972297053932506e+00
-6.834561518553504689e-01 -6.007209099412795794e-01 5.028679328080373212e-01
-5.906991892093842456e-01 -2.413718503924613401e-01 9.395503959561287699e-01
-1.076471010589653998e+00 -1.395567164572091290e+00 1.362138304966702851e+00
-7.417989443818161499e-01 -9.445714010959449514e-01 1.059739757788157100e+00
-1.259632980939316749e+00 -1.802863416728508472e-01 8.368732457828887972e-01
-8.866103786762470351e-01 -1.431933030844210419e+00 1.129424320588633179e+00
-1.044442655705559719e+00 -1.461755664975533886e+00 1.077649198456342994e+00
-9.478542597440844375e-01 -1.064073422123873236e+00 9.418761327903920622e-01
-1.120002329834185462e+00 -5.566135288445082097e-01 8.320905759622477804e-01
-1.057938303994524709e+00 -8.513673497300076054e-01 1.500922361055142762e+00
-7.767342688224138092e-01 -6.195984205189908334e-01 8.988240324812579729e-01
-8.322497141853246738e-01 -1.439795655894302584e-01 1.903242180754295632e+00
-1.156693862651283711e+00 -3.794462577113513202e-01 7.163224547504791762e-01
-5.359987925527127661e-01 -1.352896123817677765e+00 1.577047792474286725e+00
-8.751386925856193821e-01 1.566963721653189534e-01 5.134600427910992471e-01
-1.080351247408831261e+00 -1.474699344825098901e-01 1.118863342042924813e+00
-1.175357762985634436e+00 -1.382206830121568863e+00 1.577058962459506830e+00
-9.673538839630759778e-01 1.544900111695390876e-01 1.218627835986584529e+00
-6.772759513273195475e-01 3.245762198960389089e-01 1.355550003207421916e+00
-8.585184677860997482e-01 -1.231499808514288308e+00 8.973858694542036218e-01
-5.970287072310878074e-01 -1.013410556452431832e+00 4.501178763522959425e-01
-1.172534208836338410e+00 -1.188512042716289852e-01 1.001472101016099847e+00
-1.034034397215948031e+00 -1.485246405778901879e+00 1.510138155469334054e+00
-6.977994598826700035e-01 -2.030127073896375034e-01 6.936176733135609451e-01
-8.620045569572628574e-01 4.345849382166135921e-01 7.386218561980023578e-02
-5.696903137602663536e-01 -6.562776562309495798e-01 1.461310780950621613e+00
-1.180361667021281757e+00 3.912282099375141708e-01 9.154116238156747576e-01
-6.695325143458690231e-01 1.521371290427864231e-01 1.299384641173839228e+00
-5.067834292436286248e-01 -1.126636794030257960e-01 1.752457810255905635e+00
-5.993293157714734143e-01 -7.608425393564262063e-01 1.857828335665574926e+00
-6.892664096716167865e-01 -4.465426033644113168e-01 6.165817884807835991e-01
-1.026024770473893621e+00 -1.296381817662408009e+00 1.219519809414342015e+00
-5.928094758705260148e-01 -1.973677259110886428e-01 1.539515389303024451e+00
-1.119473815279438345e+00 -6.977334217410691153e-02 2.958323254177274153e-01
-1.113781411497638985e+00 -6.823306128042700980e-01 9.509109679617119282e-01
-9.014403120861900209e-01 -1.197256960958869243e+00 1.487820650006856260e+00
-6.521037706323322691e-01 -8.878750212916008966e-01 1.258124841497115565e+00
-1.230293616930086875e+00 -6.242015203278055147e-01 1.502469757620952251e+00
-8.001958342448074468e-01 -4.573159868403327000e-01 1.673520080569755430e+00
-5.687597940536261998e-01 -9.405605768563101154e-01 1.566169043308143438e+00
-6.377888549926291617e-01 2.346960002779576726e-01 5.158295790201747333e-02
-8.050122930001651911e-01 -1.286958342491003382e+00 6.130427605492515530e-01
-7.178284387538366174e-01 -1.173781841882142851e+00 1.860715492444983354e+00
-9.959530504237934512e-01 -4.014712914776767949e-01 5.392879588343644226e-01
-1.033132198125362944e+00 -2.795730231446065250e-01 1.511690329061845306e+00
-7.157581861044339799e-01 -1.089196475359623273e+00 1.672869800030568843e+00
-5.476685018757587731e-01 -8.019637180353844652e-01 1.026913928277542354e+00
-1.157755836384718906e+00 1.845484380484752052e-02 1.670916872928505104e+00
-1.014802133803183626e+00 8.636775730712464849e-02 1.267201279333995290e+00
-8.239166727702725845e-01 2.326195374400972238e-01 1.635713801022105729e+00
-1.043004600384305203e+00 6.975777618925227408e-02 1.033996748501356366e+00
-1.061595081091800452e+00 -1.053154788530535679e+00 1.631083220691657898e+00
-7.032399606682576687e-01 -3.327416341031488312e-01 5.346715347464767731e-01
-5.520854730942956756e-01 -7.108489392828709619e-02 1.719005651462450546e+00
-1.140198119524524545e+00 2.523608851739431724e-01 4.849643985468907736e-01
-6.124164245656944505e-01 1.929467838302731941e-01 5.377514183129952219e-01
-1.196896120364234317e+00 -9.329346244682052980e-01 1.413956210450049822e+00
-5.802259987694128318e-01 -5.219978938965161852e-01 1.310763178000658336e+00
-8.538389304620308540e-01 2.165598450606176506e-02 1.485346554506921990e+00
-1.270305001086756258e+00 -6.415620918948250484e-02 1.305515806534347956e+00
-1.195832603682247974e+00 -1.087484322032400197e+00 1.400286950876439729e+00
-9.259206303572196095e-01 -8.454704447110843457e-01 6.394870084739413540e-01
-5.387330208675040755e-01 2.469194498243896252e-01 6.624670403421630827e-01
-5.288740059176939567e-01 -6.444271637139376008e-01 1.802993056731867050e+00
-6.696694592618630537e-01 -5.879007231756607776e-01 7.993554444186057317e-01
-1.018241315076965137e+00 7.415211506329733027e-02 3.517171263162668371e-01
-1.060042368025171822e+00 -1.396272227920884124e+00 9.074757296381240623e-01
-1.125100515186241878e+00 -1.404691848570873702e-01 1.643411918675810712e+00
-1.230167784084722937e+00 -1.293604616077082214e+00 1.458949977473092297e+00
-8.538961048606343862e-01 -9.467653739558605785e-01 1.446733277408762453e+00
-1.074796170311604460e+00 -2.393990279880553462e-01 1.134340330087065807e+00
-7.139762531370311693e-01 -9.193495822941757378e-01 1.329946042071710410e+00
-9.037352011118187090e-01 -1.134100909131410262e+00 1.373380971672744977e+00
-7.743191285075029517e-01 -7.425944081627333659e-02 -6.950417263310763871e-02
-6.905330064383202737e-01 -9.822213383869711212e-01 1.745281731501650890e+00
-5.521678545509017821e-01 -6.060666314715468239e-02 1.007941889721470030e+00
-7.378967558487938838e-01 -4.845665461148591646e-01 6.376073574014157197e-01
-9.616692479376280911e-01 4.123066886451964841e-02 3.636553583909943876e-01
-9.948870005389032212e-01 1.928148577619026582e-04 6.285164686346575436e-02
-5.964161544356468836e-01 -3.806930099822869451e-02 -6.812836055035381699e-02
-1.265538628037554902e+00 6.639559109977644091e-02 1.118628316349524976e+00
-1.090087638616580534e+00 3.344586417706387760e-01 7.845128210726821649e-01
-6.477523568567982171e-01 4.413482669422474913e-01 1.863630108758171477e+00
-1.121582091783808410e+00 -1.361975509326657452e+00 1.311849562103616140e+00
-1.275742162111024758e+00 3.787490147209757740e-01 1.811125263656122364e+00
-6.892245132580294698e-01 3.026774421583446895e-01 5.869799881972106448e-01
-6.055816644968005091e-01 -9.237865861969618564e-01 1.728562829427165104e+00
-9.435279317841677171e-01 -1.632334242568371785e-01 1.340114563971396500e+00
-7.600090450989502866e-01 2.683951391776637774e-01 4.715335047362798626e-01
-7.123242084550309716e-01 -4.671729013307042155e-01 8.494236204127072476e-01
-1.209877861599957027e+00 -5.094942850658004119e-01 1.007302227274896600e+00
-8.608968451919158937e-01 -1.834454571035288861e-01 5.442297056698273128e-01
-9.937950560523789445e-01 -2.744548015799523899e-01 1.457927271543608683e+00
-6.087742333969817787e-01 -4.344512645629363679e-01 9.489360913626890270e-02
-1.164289119284902085e+00 3.218228375028187038e-02 1.167554540022559983e+00
-9.244297850044356224e-01 -7.329441189380025978e-01 6.953603883740693270e-01
-1.181143626128273061e+00 3.573565571688839260e-01 1.766635724596057111e+00
-9.943943190241888441e-01 1.667818421795159711e-01 9.930040013301334456e-01
-5.772064128660545634e-01 -6.191089138622820620e-01 6.346264853503446046e-01
-9.527142406363893201e-01 -9.321648035895395701e-01 8.258844320122454841e-01
-7.053289417505277381e-01 4.071915762314946008e-01 1.155388814593250046e+00
-1.240412465841261191e+00 2.066303726901921323e-01 1.095211382252819554e+00
-1.066905327666843428e+00 -3.935767705579265030e-01 1.627235888305597511e+00
-1.005271412919942930e+00 -1.306801220241314621e+00 1.693024693580753803e+00
-1.053940786408811281e+00 -1.432675360700135236e-01 2.489506728427007543e-01
-1.023121697046020184e+00 2.444735084611113773e-01 1.296915949697839965e+00
-1.122787489019840823e+00 -6.416505506421226190e-01 1.295574940012600873e+00
-5.176018219116701458e-01 -5.558970510481164862e-01 1.893855497122653775e+00
-1.079559031889220533e+00 -7.301628362677041739e-01 1.229992747546776455e+00
-8.509878619426545221e-01 -5.460190428911473326e-01 1.583433911689236417e+00
-8.955625428109872388e-01 -1.257500298744528067e+00 1.404977606960189584e+00
-1.114979745307698833e+00 -1.145203077936808533e+00 6.601254570313174197e-01
-8.240591253855573672e-01 -1.032295180861432682e+00 1.415541445164063106e+00
-1.123074376962263754e+00 4.429260524790794573e-01 5.986050589176780123e-01
-7.380320707251387669e-01 -5.563008025033577830e-01 1.892698665638632205e+00
-6.343916689131752218e-01 2.781845127549464891e-02 1.478115347292179527e+00
-1.143565523151708785e+00 -2.164833128138679008e-01 1.333871901839940088e+00
-6.488369483289249118e-01 -9.472855683239256308e-02 6.711230114369627353e-01
-5.860550055261889435e-01 -2.846648702754488447e-01 8.145748292646225464e-01
-7.786143576113363496e-01 4.185344510401474150e-01 5.039740863800132864e-01
-1.182590153820767709e+00 -1.597936241032953397e-01 6.732741591566231421e-01
-1.073257140932472486e+00 -3.529904983805558505e-01 1.030211861865163891e+00
-1.250969230727765558e+00 -1.328332333287972844e+00 1.661286894446830198e+00
-1.132484164639984581e+00 -4.272826042981214822e-01 1.772648472182636548e+00
-9.114048601130970706e-01 -1.025180031992394936e+00 1.776496026984458521e+00
-1.012404152997403495e+00 -4.305808917268343361e-01 1.782324891255814725e+00
-7.912104036235056981e-01 -1.163760128474841338e+00 1.961627838060211459e+00
-7.277374570176365909e-01 -2.409761490803208339e-01 1.428537214243659204e+00
-9.310821918180367529e-01 -4.590561452242258866e-01 1.194826067237413803e+00
-9.900864410761800460e-01 -1.185005965484174917e+00 1.471638396713449204e+00
-9.383983816612669893e-01 -1.121148608909306343e+00 5.726901349740097791e-01
-6.841033604486680408e-01 4.823018841989978878e-01 8.196957765473380508e-01
-1.009306838084436109e+00 2.413274539425729337e-01 7.560390426746524950e-01
-1.092865697475474906e+00 4.433928473797972281e-01 2.495213419717259018e-01
-6.115175218080237673e-01 4.456704361696917083e-02 1.915383347837428030e+00
-1.187611689416335992e+00 -4.555231791836864552e-01 1.256100319259954023e+00
-8.386820009389450714e-01 -1.323157995661716768e+00 7.773546805150950423e-01
-5.618932041251164522e-01 -1.350321024951860460e+00 1.782117790453329853e+00
-1.113650090995117026e+00 -4.224181026684932228e-01 5.544690050737284270e-01
-6.151308472664552829e-01 1.145062620359456051e-01 5.186308549474678564e-01
-9.345750701194678323e-01 -8.470217446965624397e-01 5.091213702713007772e-01
-1.255570707420163412e+00 -1.382767655783219807e+00 1.756752059243679609e+00
-1.105260165886670976e+00 2.413181997365063669e-01 1.789194312007767351e+00
-7.113957606697555169e-01 -9.123230177620276216e-01 1.032644707132683193e+00
-9.693695059135740699e-01 2.429690487055018444e-01 1.201800266077260426e+00
-1.224485162016219375e+00 -3.610400384897418657e-01 1.842851524886033987e+00
-1.184942222531032874e+00 1.048829427614135223e-01 5.056002368124793422e-01
-9.538605566982611972e-01 -7.231200939143020978e-01 9.601078894705535882e-01
-9.492543455934758789e-01 -4.369419165591608145e-01 1.257107593713783666e+00
-1.223516700230359966e+00 -1.412162541925318537e+00 1.262551623661783307e+00
-1.245191989750430661e+00 2.151056205059322934e-01 1.290008653260900306e+00
-6.760469500065634518e-01 4.404303957324484653e-01 1.819231150319398749e+00
-5.112605003775275714e-01 -1.057365936930414474e+00 7.867608222052138167e-01
-6.520690926824745937e-01 2.149257807726498992e-01 -2.769556810270039360e-02
-1.130353706090323263e+00 -8.763812414845697507e-01 7.351104814624215278e-01
-6.931659656923891966e-01 -1.082214129363141542e-01 1.575603452465773158e+00
-6.301861477603253325e-01 -1.639862241380063423e-01 5.455364851467910947e-01
-1.147093283722972590e+00 3.759157279061706713e-01 6.979097862288009546e-01
-1.057564982517581020e+00 -1.023775866804971013e+00 1.262912397873038328e+00
-7.747561743096188502e-01 -1.015536861540173419e+00 7.527486248827818249e-01
-7.399008081551724514e-01 7.312669835508289751e-02 9.341761822504458523e-01
-7.233942967100501775e-01 -2.316135743549496695e-03 5.410234009894746565e-01
-7.708762468064072060e-01 1.150578426193844539e-01 2.381055269478372927e-02
-7.502230368468613131e-01 -1.135190984355638477e-01 6.294340516014417242e-01
-6.369279485109008432e-01 -9.152225685604631344e-02 1.411538660150833735e+00
-7.663678199540883140e-01 -5.608141274286897460e-01 1.818176093859695142e+00
-1.152166293434284450e+00 8.609407001489999267e-02 1.563189889363511220e+00
-7.434322265355325365e-01 -7.015040778830510249e-01 1.867105035676773772e+00
-5.110433792765514127e-01 -5.091528234160325184e-02 8.744668335026878347e-01
-8.871329090624844316e-01 -5.391097733980698692e-02 5.994958534542771389e-01
-8.631812428427310113e-01 -2.490267658150058239e-02 1.855365729400711094e+00
-5.126767083669577785e-01 2.765259177600229989e-01 8.667945723042260742e-01
-1.074675072288673316e+00 -1.323348415229695041e+00 1.094020063726278913e+00
-7.763064523238458747e-01 -9.891042040048103612e-01 1.715905870428157121e+00
-5.037371344122653083e-01 2.270198545255597278e-01 1.428945950896603478e-01
-6.996850857326959439e-01 -1.024427236528871132e+00 1.074116016269436313e+00
-1.152507037725351680e+00 -1.393870217079895557e-01 1.550897462146562100e+00
-9.546660177171395478e-01 -1.034202258235901839e+00 1.351011970416582164e+00
-1.077322805416613738e+00 -1.111983963381365959e+00 1.721335872480325602e+00
-6.677086460088421660e-01 -2.167814615620460295e-01 1.166104638122472226e+00
-1.284281398911199412e+00 -9.061206486810255978e-01 9.275071865918046443e-01
-9.467780285212268332e-01 -2.725391993630674747e-01 8.061551398396342716e-01
-7.071221511292570261e-01 2.538220148831242806e-01 8.238645025351108986e-01
-1.035630352735063875e+00 -3.188415972400235887e-01 1.004437609510517637e+00
-9.378956590251161796e-01 3.251961380686514413e-01 1.675650950280302143e-01
-1.213267717357675801e+00 2.513378204062803878e-01 1.005919757752560262e+00
-8.416246551258066422e-01 -4.678612547472278393e-01 1.165722924658906701e+00
-1.007069550209027664e+00 8.507526068578030731e-02 1.261985015464430315e+00
-8.709103033719688414e-01 -1.071338168675078251e+00 1.100235208034296974e+00
-7.609748930261143185e-01 -4.196717576285533546e-01 1.982246768852266694e+00
-1.275207923074820782e+00 -1.513706511259507170e-01 1.243981587371625119e+00
-1.264300633594618084e+00 -1.253806051893094686e+00 1.607374608413189687e+00
-7.507013750947495456e-01 -4.305715205922371336e-01 1.527506953989554495e+00
-7.032906452625001803e-01 4.199507418284038618e-01 -1.570759163634777300e-03
-1.161974097586968346e+00 -2.961778107437815777e-01 1.641001188725282445e+00
-7.780504351152043307e-01 -1.198836518339783108e-01 9.389251519135058954e-01
-7.690504547762934129e-01 -3.593076651029725177e-02 1.360606849903529536e+00
-6.360758389575076333e-01 4.391802827461923631e-01 1.568282876628045219e+00
-7.405231408432210172e-01 4.126723313587583597e-01 8.663470582822733190e-01
-1.062828473461422396e+00 -1.415631434946461376e+00 1.255502917494742077e+00
-8.121951516993375364e-01 -4.584795100773841892e-01 1.391103900562469686e+00
-1.164382840033582056e+00 -1.605418452690829945e-01 3.965428689977006371e-01
-6.616112032487090344e-01 1.805067238191266910e-01 -7.142719506934670781e-02
-8.050758313881274386e-01 1.311511116309376224e-01 6.218600073867786016e-01
-9.750003777232746360e-01 -1.196583762931361372e+00 1.002551063800534603e+00
-7.078861107385393536e-01 -4.224064857472253909e-01 1.946374429030906850e+00
-5.925403579059376202e-01 2.433804551877445377e-01 1.310792799167055156e+00
-5.128640644244456537e-01 4.636551861720763501e-01 6.786328795171919781e-01
-8.858799994630843777e-01 -7.169701233640912719e-01 7.721223200298821254e-01
-9.843778622881429463e-01 -2.501867472430037154e-01 4.806259194064079754e-01
-5.093736655133185298e-01 -5.927297845683756616e-01 9.299776059587739896e-01
-1.088644494974456478e+00 -1.129576118052814770e+00 1.889198894393184114e+00
-9.725896511252246635e-01 -5.317831065706131177e-01 1.590140655654784352e+00
-1.028790967041646409e+00 -1.133873473682675215e+00 1.106603422587500107e+00
-7.206835405532847627e-01 -8.740082711792640513e-01 1.735466294898996065e+00
-5.500446130469278661e-01 -2.588521996266139880e-01 1.168777799950664109e+00
-1.190157807485525021e+00 -2.960533775125984146e-01 1.258458189846312081e+00
-9.560110517348272552e-01 4.640737147289359932e-01 1.672659343823332145e+00
-9.503836176368907207e-01 -1.437339940672932581e-01 3.647993097699950837e-01
-1.103026817494161760e+00 -6.413219683430388951e-01 6.893626881102348225e-01
-9.119419793610094027e-01 -1.697726927843894451e-01 3.539715712525985936e-01
-6.214109054838384827e-01 -1.243210667311889894e+00 1.457852259205412393e+00
-1.170528055678928370e+00 -7.172033913913111736e-01 1.481519308576231708e+00
-8.319069335669209142e-01 -5.093563014546242940e-02 1.605402493647594353e+00
-7.557123741308283682e-01 -4.133389810063863301e-01 3.982555984354702039e-01
-1.137868915953269777e+00 2.264171927216049873e-01 1.928771822301487582e+00
-1.278034930115080181e+00 -1.151884744037065200e+00 1.746153181360412088e+00
-8.686630322539741211e-01 -6.816555104663599707e-01 9.769903046943245739e-01
-9.509913381005483668e-01 4.071802726717748122e-01 1.659279301928455075e+00
-8.616219971251579679e-01 -1.446047630281988239e+00 1.206927737247720289e+00
-1.139832049969407679e+00 -2.102163339057216973e-02 1.610881283635187788e+00
-8.094022695313278781e-01 3.843649351683300353e-01 1.278293103889434068e+00
-1.194251511613475758e+00 2.676758660313141025e-01 3.880155768605101363e-01
-1.124878557754358299e+00 -4.918835775918271036e-01 1.849710949299651741e+00
-5.470086105305235202e-01 -1.120405493829448318e+00 8.203521090478218536e-01
-5.271478604948129920e-01 -2.615359680084397009e-01 7.292889781262713589e-01
-7.324022363549675951e-01 1.769975354129367240e-01 1.596158822687402390e+00
-5.382267803075304613e-01 -4.777413561098426964e-01 5.443186761816722896e-01
-7.491699777417977213e-01 -2.048080414617781120e-01 3.013725938691720341e-01
-6.409622631202849252e-01 -7.956166345988671118e-01 1.050659330711819051e+00
-8.112661081556971077e-01 9.876071240292483289e-02 1.410572629120093513e+00
-1.021887941751476125e+00 -2.176623226755045604e-01 1.560218547914261400e+00
-1.193883534759821341e+00 -1.049786904796385034e+00 1.388233524488781567e+00
-5.912986401332706032e-01 -4.223286882705825640e-01 5.023926057854957716e-02
-9.569609281896367392e-01 -4.276222255123531824e-01 7.675864375064108680e-01
-6.175389386590942609e-01 -9.616003721377774927e-01 6.282907428196379263e-01
-9.748930252983893929e-01 -8.747376976962986106e-01 5.811578678819817600e-01
-7.526835736833449308e-01 -3.811987932024596404e-01 1.252736461882249186e+00
-9.187537447431595172e-01 2.036794894742066653e-02 4.576345940451880256e-01
-1.237675343889758750e+00 -5.654408849775156565e-01 1.638452017866391941e+00
-1.092996408734787206e+00 -4.369084889292738083e-01 1.895335195685263097e+00
-5.792082760042654987e-01 -5.159802023343977861e-01 1.350688432241981873e+00
-8.693051803682390055e-01 1.181716089331774633e-02 6.063821356929456341e-01
-8.455498589401557741e-01 -8.189963035845777561e-01 1.224479054809644252e+00
-6.972296595168488986e-01 -3.211627781136601190e-01 1.136233268240346650e+00
-9.117740695459302103e-01 3.710719678964686796e-01 1.634990185826087128e+00
-7.987245774574076584e-01 -6.273314445421873664e-02 7.360455957064093724e-01
-9.497803588461334323e-01 -1.373381083059964425e+00 7.135506569610386984e-01
-5.462563754024464258e-01 -1.432263107455594042e+00 8.129719442283036557e-01
-9.875444705340499230e-01 3.961954022559897037e-01 9.905597648227867369e-01
-8.346409739374333059e-01 7.214399398204118796e-03 1.786938914413898072e+00
-9.655189405924298196e-01 -6.418746451232999473e-01 1.647878526073923933e+00
-6.301454367031452675e-01 -1.200800058621891431e+00 1.395312543916646719e+00
-6.782232591024638380e-01 -6.154619934823173377e-01 5.275831769414133232e-01
-1.188356025224723833e+00 -1.201314513259986727e+00 1.621333237416011874e+00
-7.756985528518616224e-01 2.535176740318902944e-01 6.620401019156465505e-01
-1.205792157392547415e+00 -3.176989426293443941e-01 1.054423715229206859e+00
-7.355964651469805160e-01 -1.539824860790013350e-01 1.950876704146902174e+00
-9.115521736930671803e-01 -6.518265036515649147e-01 1.942105636367734700e+00
-1.259595448195219847e+00 -7.266127605723542437e-01 6.780899247405579588e-01
-7.962585562494021163e-01 4.108639263709648048e-01 5.531726568746085926e-01
-5.745831028752919067e-01 3.086023241912230208e-01 1.791207605333385855e+00
-5.975147037360333258e-01 -1.473575983135800183e+00 1.510115841131029590e+00
-1.023371974309788213e+00 -6.710316816112129601e-01 1.247649052079714105e+00
-6.882463673788249414e-01 -7.612678524120191081e-01 1.209944669433670184e+00
-6.879768263695396069e-01 -1.175887903170673932e+00 1.201915839631645833e+00
-9.081198021380132435e-01 -9.748377843285491728e-01 1.268799599435187941e+00
-5.221403159538846595e-01 -3.951700460502169943e-01 4.042113379261973449e-01
-1.293259296344926090e+00 -1.109753192276421219e+00 8.793565766453431687e-01
-1.277152650677084944e+00 -1.144751219477324611e-01 8.860664242640200472e-01
-1.131912795373397174e+00 -1.450054445547343640e+00 8.924536742756533636e-01
-9.676563722493465303e-01 -1.199108467649015575e+00 1.532975195375402722e+00
-6.181089061640779869e-01 -1.376982082909616878e-02 5.614241493436312735e-01
-1.228764596988143776e+00 1.356396464252627165e-01 5.909135363338404723e-01
-1.107426895304716830e+00 -6.421488524200518189e-01 6.095165862493046038e-01
-7.012796428639928026e-01 4.162308356336907877e-03 4.559928152277130664e-01
-7.846895009237061513e-01 -1.963006891052996306e-01 5.228302824480469679e-01
-7.004077336415023280e-01 -7.826785093838577456e-01 4.677710477205070383e-01
-1.267404505116780600e+00 1.597195958964485740e-01 1.056231413013689835e+00
-7.410726460788444880e-01 -5.678678286639362582e-01 1.755478304899820374e+00
-5.790526841517560364e-01 -1.051841762896326138e-01 -4.231323938554653469e-02
-1.249370682504998387e+00 -1.066417554175908444e+00 1.696617212087071280e+00
-5.246690332015864211e-01 2.418085409684542775e-01 -6.925333214028635276e-02
-8.359720651328809149e-01 -4.913443768510321608e-01 1.338546556782624242e+00
-7.096877552564537783e-01 -1.082319831948728828e+00 1.840837175201506026e+00
-5.710435914535467727e-01 -1.029813285536646861e+00 9.080153018155813216e-01
-1.205110998763315955e+00 3.020365913476388275e-01 1.203664728297489939e+00
-7.765289286574245109e-01 4.151728252182973478e-01 1.011888967359925395e+00
-9.524211185623783216e-01 -5.237493640625874303e-01 1.719656498627654573e+00
-7.976676564574017858e-01 -8.030236345375674212e-02 8.715292238735337094e-01
-5.088821661994262779e-01 -1.484494992234458577e+00 1.844216352557988881e+00
-8.224710467232100308e-01 3.544133039535983798e-01 7.299030927206170416e-01
-1.190714499208426203e+00 1.618875059043891618e-01 4.087544569822056939e-01
-1.241244745403674798e+00 4.541456174366609311e-02 8.601107092263632348e-01
-1.125616500888503069e+00 -7.923852713301693385e-01 1.877450372164879866e+00
-5.049245595149030041e-01 9.454723024947320198e-03 1.762592909834459487e+00
-6.589223065787394029e-01 2.909702025950771098e-01 1.006785317098566113e+00
-6.286746845465568390e-01 4.594558545556304274e-02 1.837707254062538542e+00
-1.244853049706893033e+00 -2.475756751354998286e-01 1.922457456772251216e+00
-9.682449976606424258e-01 -5.206791874056353464e-01 4.056736959014699551e-01
-6.473072323329334132e-01 4.891355487994490936e-01 9.963232439067903901e-02
-1.070837822186858856e+00 -5.332985183395333451e-02 1.717409011263391294e+00
-5.271060037969477197e-01 -4.117917102269641472e-01 6.947959878845322290e-02
-7.259674723749008907e-01 4.013907653005150955e-01 1.667818878589706622e-01
-1.032672651459052071e+00 -6.023423146440167741e-01 1.378334432172035662e+00
-1.068711891259302105e+00 -1.649485945490007932e-01 9.073605082334973426e-01
-7.590583655834310939e-01 -1.271390581479979964e+00 1.788316247123969971e+00
-9.209983586858694338e-01 -4.305380065149340130e-01 1.290574208973070069e+00
-5.982323598859295988e-01 2.910983428668343365e-01 -6.304870483821994886e-02
-7.312846628401502569e-01 -4.484346705519253184e-01 3.020425618177350335e-01
-1.166836223430403052e+00 9.310187251803836439e-02 5.409858831067188012e-01
-5.100447868578339428e-01 1.132670670587294648e-01 3.331011975177913254e-01
-8.752814484386131078e-01 -7.826921636634653900e-02 1.110243681852674413e+00
-8.211795645460635562e-01 -6.445384187093436967e-01 1.319295442116337203e+00
-5.516278869656420225e-01 3.619843729254736964e-01 6.439267982717183925e-01
-6.439075625673091885e-01 2.517349381983113865e-02 1.294017004606993759e-01
-1.025413634228355297e+00 2.660589217550317631e-01 4.528076340097253460e-01
-8.803105310528380745e-01 -1.043693282009300560e+00 1.867535159888328744e+00
-6.770950181131156764e-01 -2.746325025431768374e-01 9.348540095882843515e-01
-1.256568573911631681e+00 -1.265850101987535004e+00 1.012632881060766987e+00
-8.849387550786773637e-01 -1.233533577470293796e+00 1.226755524248350770e+00
-8.437863951547264207e-01 -8.737549718603263571e-01 9.566873199795381533e-01
-1.212529794441185027e+00 2.753020249996795954e-01 4.444404159188590775e-01
-6.130154419572834135e-01 -7.714845650870176819e-01 8.772852777837450988e-01
-6.407503432503156571e-01 4.659649065583233440e-01 -5.383273315901067335e-02
-9.812046579624126297e-01 -1.052481978139045982e+00 1.721499791720457972e+00
-5.343770376683670831e-01 -7.983336093575579273e-01 1.960617069128700596e+00
-1.253619569122231381e+00 -5.011034882294362891e-01 1.285765197902165369e+00
-8.624991010724760709e-01 -9.753071208863062225e-02 2.012014970686135940e-01
-9.351571124124462564e-01 3.659019891031718430e-01 4.675912300819218270e-01
-1.206137082005386274e+00 -4.191075523916061307e-01 6.483776396552612953e-01
-5.254276020231036792e-01 -8.760137107070051776e-01 3.279675768871138652e-01
-7.832550929412269713e-01 3.502161520784072835e-01 1.207305298000060367e-01
-5.363425882355365992e-01 -1.039416965382102376e+00 1.990104936398689794e+00
-8.973930487488985808e-01 -4.728922537060860076e-01 1.868109579039969326e+00
-1.224970365316709442e+00 -8.671417907526202118e-01 6.470615319494833484e-01
-7.284675512551949117e-01 -1.350303337839653395e-02 1.390883514542097465e+00
-8.263735595776459109e-01 -2.384101674462661968e-01 1.350866845350043199e+00
-8.329914587877548238e-01 -2.527569549987151998e-01 7.346229152452877775e-01
-6.291236266329086613e-01 -3.342210477731373253e-01 8.874405255520818603e-01
-5.812988973635542234e-01 -4.842528090228499504e-01 8.970362049560000051e-01
-8.158731666315653941e-01 1.717070538406020308e-01 2.446505192077758351e-01
-1.229699975188780492e+00 3.585559388717804996e-01 1.636248430651170205e+00
-5.469709977533081524e-01 6.815513993286237415e-02 3.816695287674444215e-01
-1.256874332351682444e+00 -6.429004014644190690e-03 9.988412732838399810e-01
-6.972670095652141464e-01 -1.489426756181458034e+00 6.508358020964162272e-01
-5.392620739308903177e-01 7.936960270785298199e-02 7.320255595621028011e-01
-8.867058206431734924e-01 -4.765884985691961617e-01 4.075071532736219693e-01
-5.095838210412015901e-01 -7.955432720295481097e-01 4.951328349369528148e-01
-8.366126168172260957e-01 -7.071170448916501705e-01 7.652709458701979495e-01
-1.002940065792016000e+00 -3.468805421910232667e-01 1.317734183285178773e+00
-5.414383052516485995e-01 2.036148590274875492e-01 1.627749533864600195e+00
-7.614611793907041237e-01 -3.337761248693247307e-01 1.082927440944302599e+00
-7.969337632698606511e-01 2.990034952949331970e-01 1.370086885713970082e+00
-7.783396836494226312e-01 3.652598229444303790e-01 1.543873011145852070e+00
-5.429658974014776041e-01 -2.946113404735146712e-01 1.781617178786380817e+00
-7.656851339568468973e-01 -9.825092396018104690e-01 7.719219941415851327e-01
-6.241202687522140469e-01 -1.244942534160492942e+00 6.336494241609673672e-01
-5.388906429958744138e-01 -8.189183261544008552e-01 8.339647133472087859e-01
-1.016350437578809718e+00 1.593692258936416639e-01 1.463947692325730854e+00
-5.259504277936787320e-01 2.136848061564082801e-01 1.476581130648180196e+00
-8.604807717200610995e-01 -3.420284946057194908e-02 1.654155138047114004e+00
-1.097959481343054211e+00 -4.519956655795485112e-01 1.639470710235978457e+00
-5.859207843263023463e-01 3.176181750314110985e-01 1.356912245836691566e+00
-1.084851721739110930e+00 1.670633245274628642e-01 1.572056530754585957e+00
-6.955651411728276390e-01 2.640774707428394930e-01 7.311716568876623912e-01
-1.149557382891803980e+00 -1.228411377894657486e+00 6.242166650460525545e-01
-8.215985448730278584e-01 -1.416374979308451021e+00 1.441311684827484729e+00
-6.038966352044254915e-01 -3.659971717181309536e-01 1.838198840244563925e+00
-1.250287850563095216e+00 -5.630796706161367293e-01 1.441540255573931839e+00
-7.654458163682453797e-01 -1.231188946698935638e-02 4.895201836316244171e-01
-1.015667449543691259e+00 -1.374417428214070869e+00 8.431883393250114711e-01
-1.206626191290769867e+00 -1.120480509815306558e+00 1.977067908849194033e+00
-9.105543552895201120e-01 -3.006859158541912436e-01 1.391399641532208076e+00
-9.311077284555655531e-01 -1.489896097048201584e+00 1.196913296562685192e+00
-9.294385923592496379e-01 -3.349804570344305787e-01 1.176423338429926524e+00
-1.167525425831538399e+00 -1.445812562681464186e+00 9.591217358372420287e-01
-6.734832460773080287e-01 -1.302363522079975189e+00 1.653140380649519070e+00
-1.188014118963454324e+00 -2.564807521709799865e-02 5.458788117489944414e-01
-7.138046633867022317e-01 1.381601414669502148e-01 3.394997464083776562e-02
-6.138818251551803051e-01 -7.973400403351016408e-02 1.672017582908395639e+00
-1.259603976223503397e+00 -9.111204067925919858e-01 9.067253055260767747e-01
-8.487939411710746507e-01 -1.033384428538531408e+00 6.282660230370296084e-01
-8.362603238432049224e-01 4.435023682634910980e-01 1.106057088602303340e+00
-5.225009330175429678e-01 -1.053439330199953838e+00 1.732248232235205077e+00
-5.810243905709706613e-01 3.126329333774449104e-01 5.815808222358783697e-01
-1.037942530725522561e+00 -5.147929053649131781e-01 1.826022020419696190e+00
-1.276764769562460433e+00 4.863324596396290111e-01 1.893343133591543159e+00
-6.752720962760853096e-01 4.940807283743631206e-01 2.686638434919944585e-01
-1.181595003493438378e+00 -8.719166115418541807e-02 1.982896027139685380e+00
-5.359256039355686507e-01 -5.507400165600155884e-01 6.443166006119543932e-01
-1.190287581105147874e+00 -7.147648906793340196e-01 1.124643655594325331e+00
-5.129355644140678461e-01 -1.645532146608514878e-01 4.984024646446308937e-01
-9.365699297714320526e-01 -4.911824057035008018e-02 1.319288638686534787e+00
-9.931604023388933555e-01 -1.061055345294636965e-01 1.407748104206390849e+00
-1.025555137194436917e+00 4.146778524192407112e-02 8.584490202567203188e-01
-7.824508969580197260e-01 -6.983278781244102174e-01 1.629808875235628118e+00
-1.248576076501467957e+00 -1.487907166041203100e+00 9.184535107836339085e-01
-1.083461523932242487e+00 -2.571816042782071321e-02 2.506514621798942022e-01
-7.387838248059075408e-01 -3.808757544914909143e-01 1.822590704651862348e+00
-5.969732469970615574e-01 -1.317177800550759503e-01 1.287554044169713530e+00
-6.510636144358934452e-01 -1.064219528058398589e+00 1.924691589430933991e+00
-7.959796954349805942e-01 -6.164359214689978383e-01 1.423278203887558879e+00
-5.679555719241899947e-01 -1.129325640518693774e+00 1.545477997699745698e+00
-1.063505979286073266e+00 2.697504008034781187e-01 1.989890980751244154e+00
-1.221153760412570177e+00 2.118862253525246597e-01 7.239086346935965643e-01
-8.446718242081794337e-01 -6.911192332591851173e-01 1.165423125609571953e+00
-1.011289411856258313e+00 -4.023655477469523234e-01 9.364996138341651344e-01
-6.178157114397994087e-01 -8.023183006137024620e-03 2.215991017248802042e-01
-1.082072741190444054e+00 -7.007376478410654030e-02 1.954037011894228293e+00
-9.209905687871178248e-01 -2.439530147296773421e-01 2.966767487254565738e-01
-1.299326644885454130e+00 -8.609147543760475862e-01 6.434220608003621278e-01
-5.959846683879430618e-01 4.811501426844386753e-01 2.949981831934850307e-01
-7.652998765040495144e-01 -1.108951668958261472e+00 5.648682534454734228e-01
-8.333860601661201573e-01 -1.324089769307332354e+00 1.823440618475482111e+00
-5.898535901586381414e-01 -1.026644384491768314e-01 1.061403159191418810e+00
-1.000131518637578987e+00 3.561182371132067814e-01 6.262447351717445043e-01
-5.965190867209664294e-01 -5.487720734901573305e-01 1.100483583105271279e+00
-1.219709529794549718e+00 -1.263532388473973311e+00 1.227682706053843109e+00
-9.733188399209375952e-01 4.287355366200682472e-01 9.374082177878938493e-01
-1.045437087032511592e+00 -3.003187985647870484e-02 9.138271163408163700e-01
-1.257730653249861108e+00 -9.137510821562138119e-01 1.610679169217763329e+00
-7.264325846374145579e-01 -1.001507410540672494e+00 1.016423735694451214e+00
-6.168917988287740961e-01 -1.839593245261950116e-01 1.488231600538864052e+00
-8.479808942961841733e-01 -3.557857415765064424e-02 8.870078648880411754e-01
-9.353483734939361804e-01 -9.937143408928417188e-02 3.118245417501240846e-01
-6.139665454980832715e-01 -2.052030449142463464e-01 1.107056489211021066e+00
-9.809845412206210646e-01 -1.340412358188463049e-01 3.409836889940494054e-01
-7.260718325046443544e-01 3.536376370151894655e-01 1.580680777088422362e+00
-8.286245239052598688e-01 -9.211395919673250887e-01 1.502318560874892794e+00
-5.477147336206171779e-01 -5.367040537588032567e-01 8.009813074841479752e-01
-9.515900765970348729e-01 -1.427700116600900238e+00 1.489844455982779703e+00
-5.380726923919622040e-01 -3.090860481444475116e-01 3.932173892350692146e-01
-1.258692198057616674e+00 -1.609958872547998521e-01 1.938821242780154996e+00
-5.764547460260814882e-01 -5.377682968785084672e-01 1.490737946358569266e+00
-7.153108306043906017e-01 1.010248341971429209e-01 1.450413497376391136e+00
-9.098244741466270380e-01 -4.415190196815408363e-01 3.450176329071157344e-01
-9.264679210276394183e-01 -1.389756300975688585e-01 8.622962140416943200e-01
-5.037213407625779071e-01 -2.770098294075249434e-01 1.881736213780803357e+00
-9.524269602282593450e-01 -1.425418208389971353e+00 1.674016224219435189e+00
-6.417514323200372850e-01 -1.359449315603789010e+00 7.001071775075654591e-01
-7.643532286342821225e-01 -1.075582735270162349e+00 1.577487779048573291e+00
-7.996272100346925038e-01 1.465809521968020057e-01 1.014277288560294421e+00
-8.704224456271669741e-01 -5.820891171651021434e-01 3.874228830134803792e-01
-8.768749205493633347e-01 -1.121533829854546971e+00 6.524242793957550912e-01
-7.246721842902837940e-01 -1.221612129166332883e+00 1.399081242772048705e+00
-1.158254341333159187e+00 -1.305180556188903163e+00 9.313477259144823384e-01
-1.250562245948584339e+00 -2.189050364722802122e-01 8.021572413283826197e-01
-1.214041725724072984e+00 1.762390219787750567e-01 1.498776738812425791e+00
-5.895900705555566779e-01 9.374597889847224863e-02 3.131257393731962102e-01
-8.216540885234564495e-01 -9.092351085480070427e-01 1.988061095372855913e+00
-8.111032982676592562e-01 -7.280132948884316946e-01 1.379658324455239393e+00
-1.278144557441452722e+00 2.735825165516714286e-01 6.383104314397816115e-01
-1.276664745543137469e+00 -3.661965613597955027e-01 1.242012958307589399e+00
-6.454661681987546862e-01 -1.259424503814902119e+00 1.345325714896759228e+00
-6.479663984026931001e-01 -1.405204959925381969e+00 1.219687821412057671e+00
-5.404724902709144851e-01 -4.526789798060082415e-01 1.783468264822135163e+00
-6.601198945323517586e-01 -6.062278638616238613e-01 7.775326367910213587e-01
-5.406309954872845491e-01 -1.637318342875748733e-02 1.472215474071014496e+00
-8.445803275599375048e-01 -2.846607404862053770e-01 1.885287393558801039e+00
-7.298087307750860120e-01 2.177549286823567964e-01 6.252094649364229317e-01
-5.659929322911134708e-01 -8.398505023306186423e-01 4.317242257219769952e-01
-1.270017872519671132e+00 -1.063897424781488743e+00 1.729342183145135659e+00
-1.250723911657343423e+00 -5.104801876531608329e-01 4.964520109231085332e-01
-5.012752639612972905e-01 -4.678125249980915612e-01 4.749107150793584475e-01
-9.789185819125149068e-01 2.272924657231671919e-01 2.402751200964229616e-01
-1.240918436043337403e+00 -5.731883108939723748e-01 1.322710221197928249e+00
-1.147212518929033642e+00 -1.315066823587469624e-01 7.175719416941790385e-01
-6.082505531947444144e-01 -2.107526243796082888e-01 1.968155061184834853e+00
-9.579928053217289241e-01 -1.160052130094048506e+00 1.973658475659024081e+00
-8.684645752291364484e-01 3.108822295105262423e-01 2.689532491949198079e-02
-6.650223807233459627e-01 4.894329988606476167e-01 1.232956612521153850e-01
-7.381795916250589729e-01 3.760255422201379538e-01 1.564283512254480035e+00
-1.289578633592351364e+00 3.863581956230093262e-01 1.496988657861576089e+00
-9.785532978687803141e-01 -3.024113484738206736e-01 6.985188478814441382e-01
-5.169621927683671903e-01 -1.315624672426265684e+00 5.083775190718790027e-01
-7.974968385967643458e-01 -2.047847683184209622e-01 1.096969687669659521e+00
-1.080992337686618843e+00 -1.214804788836927774e+00 9.015463135465074940e-01
-1.180490574412410565e+00 -1.195219679872645102e+00 9.675849527241459080e-01
-1.187868431101067435e+00 -3.523480505704712495e-01 7.796239760935058660e-01
-6.988413207111218162e-01 -1.227335678328856261e+00 6.516511566309177717e-01
-5.390709347632697268e-01 -2.922658009220997499e-01 9.327135332693040626e-01
-8.478769150082987593e-01 -1.160101754962294063e+00 1.532296664422970967e+00
-5.084084250276389438e-01 4.513232478153639260e-01 9.142879035765804074e-01
-8.685465271981656077e-01 -1.123377179785819857e+00 1.138970636160168803e+00
-1.153850572935200436e+00 -1.095533774495449419e+00 1.278388315918280282e+00
-9.357649038733093505e-01 -1.370774838080853986e+00 1.160983101831264630e+00
-6.032642480339127644e-01 -3.744039576234126088e-02 9.878223668593476559e-01
-1.124494142086970294e+00 2.375221790006691869e-01 1.124186197356525252e+00
-1.107103337714629765e+00 -2.335163127015944529e-01 5.226849061087243120e-01
-8.075422811396064660e-01 -7.172758288466338783e-01 1.094418640698708867e+00
-9.290560914544492288e-01 -4.760566592950878917e-01 7.276746058631685665e-01
-1.068457149823464736e+00 3.079587244268675583e-01 6.607517068573542929e-01
-9.199714430522631936e-01 -7.689106206463214299e-02 1.682297020247157937e-01
-5.755501146917159083e-01 1.592345204889007437e-01 1.426980206274926166e+00
-6.751394275705584480e-01 -5.821689466250590250e-01 7.300165607050769223e-01
-9.538398190842169999e-01 1.561816691680921743e-01 1.652134031785980950e+00
-8.758443291164663691e-01 -4.453758301980981216e-01 4.377397676448246955e-01
-7.127520205815220944e-01 -1.242487594654764438e+00 1.383632379877782981e+00
-9.414414843635059427e-01 -4.478485970908205882e-01 1.267275457233802305e+00
-9.763033027117613560e-01 -1.376016028742590658e+00 1.720938826391948950e+00
-5.257921598185609779e-01 -7.062968058749912181e-01 4.676114071642910597e-01
-9.746874490373322875e-01 -7.944219649360484414e-01 9.088994975863647907e-01
-7.466644867311218459e-01 2.717646769042840749e-01 6.415806664549691951e-02
-6.322546908255290976e-01 2.726863076973164990e-01 6.871995254597755842e-01
-8.392858898312420823e-01 -8.331926317725883990e-01 1.940129964312525601e+00
-1.255976500545824104e+00 -1.094932610956480978e+00 6.663760711930227787e-01
-7.286651289761366668e-01 -9.157943566800554880e-01 1.095048853359556595e+00
-1.194313604987577326e+00 -9.597304053240784949e-01 1.635249488624787473e+00
-7.531727362212971011e-01 2.822715105112172385e-01 8.319177198851720467e-01
-5.111106160234381024e-01 2.546403836521833330e-01 2.810766269981059828e-01
-1.031649640695872172e+00 -8.192338314793001786e-02 1.457224816093123598e+00
-1.090535442281794332e+00 1.708670680670896225e-01 9.033692193243990642e-01
-8.125649218667434504e-01 -1.457271562881040428e+00 6.264815498932596594e-01
-1.094078408142446168e+00 3.200032629889333347e-01 9.537218884932686658e-01
-6.590285091354985969e-01 -3.451128611352374254e-01 1.329168314182324950e+00
-8.624181189330997199e-01 -1.122720080852062763e+00 1.724235858920400100e+00
-6.688130751097440818e-01 -1.110436283345085817e+00 1.067353443301736204e+00
-8.020707355176207587e-01 1.195657719014282527e-01 -7.294231483794041959e-02
-5.256086655392625540e-01 1.165204866133184858e-01 1.980640334136110070e+00
-9.905484310217014254e-01 2.282198607996446249e-01 7.008933699670616413e-02
-5.095662106570242322e-01 -6.380000236489347110e-01 1.860577182846651745e+00
-5.778416481882573397e-01 -4.398347324628553157e-01 2.978926851246794794e-01
-9.555182584643292509e-01 -1.112713765541389233e+00 1.694256919829699282e+00
-1.263908307838841116e+00 2.594999751716302594e-01 6.639444482730800789e-01
-1.248483476194431452e+00 -1.479859066492167807e+00 9.134740572523821767e-01
-7.013816966957100441e-01 -1.057651213380815802e+00 1.189372574777401326e+00
-5.535217708443606055e-01 -4.058298719646133979e-01 6.806388695243236198e-01
-5.371078132567684849e-01 -5.393473094203276030e-01 4.375085872423291056e-01
-1.235929307758551365e+00 -5.834655617742199318e-01 1.487621389016642759e+00
-9.444404831812673873e-01 -1.317289987595708034e+00 1.158344299993280702e+00
-1.135490412168962626e+00 -2.402082334002340058e-01 1.871475651541235186e+00
-8.087179579485270775e-01 4.865491212477190963e-02 3.929568343505297490e-01
-1.038300910842202995e+00 -1.412273262742514301e+00 1.563550474241451438e+00
-9.320416999961460558e-01 -1.556624777900494916e-01 1.587637355253540772e+00
-8.187976707952562272e-01 -1.428711484040498192e+00 1.591982396460780658e+00
-6.646514625860382441e-01 3.691329668274450082e-01 9.649601091231138073e-01
-8.969539286351151386e-01 -1.255723118064718591e+00 1.605649838594371825e+00
-8.860372351582018746e-01 -6.972307006408251517e-02 1.408651520344703201e+00
-7.272889485753666339e-01 4.389826042528726102e-01 7.514125720098376870e-01
-1.107441034732644436e+00 1.502284265534508112e-01 8.341819848790174019e-01
-9.892426565149092799e-01 -3.155823125361667536e-02 1.314637692913179112e+00
-8.552733520054635052e-01 4.783667104887927568e-01 1.295293578429041359e+00
-5.997572893394547133e-01 -1.441109193954164258e-01 1.370096579442494411e+00
-7.977872913674087796e-01 -6.177808979724515037e-01 5.123457163239468759e-01
-7.981212851034894529e-01 -7.613776250818642399e-01 1.029451856106992969e+00
-1.055263594775199154e+00 2.798654674961886801e-01 1.249853296196849151e+00
-6.250924556685670819e-01 -6.287807920965584607e-01 3.408061645278436247e-01
-5.016952503637394090e-01 2.902655801978935024e-01 5.606970424904639261e-01
-5.671191378014497353e-01 3.798178039980020237e-01 2.302586749496679241e-01
-1.226112044132700696e+00 -1.183313210368514001e+00 7.903467252415593558e-01
-1.017110820855055220e+00 3.201483951244186166e-01 3.863267435805087802e-01
-1.276131485913051922e+00 -2.656724261755361027e-01 1.391220440260538815e+00
-6.492985332762799544e-01 -4.604795559646477354e-01 1.831889927677511798e+00
-7.561890331118640285e-01 -1.336731355511013852e-01 1.701422475368195242e+00
-1.068918915013053583e+00 -2.760606058160464116e-02 1.532435257146536278e+00
-8.024183873401802281e-01 -1.411470808155859125e-01 1.720952086763517963e+00
-6.060017605419549813e-01 -3.794711852236178906e-01 1.389863664777854835e+00
-1.286613549210909202e+00 -2.579597667810067385e-01 1.358370067013379812e+00
-8.383113835782989298e-01 3.883992656333956628e-01 1.853637081877223425e+00
-9.696594093610479970e-01 -7.996594525215643401e-01 1.527006902339814065e+00
-8.191688441903284268e-01 -1.073382236700514580e+00 1.632720276730578179e+00
-6.055933359425180740e-01 -6.918447808028376222e-01 8.831699927860188204e-01
-1.049050363314973033e+00 4.803274751300325995e-01 2.081441881871924082e-01
-1.060127980458364094e+00 -3.326880004914281042e-01 7.057087650125142275e-01
-6.371040580783786655e-01 4.484436711416517340e-01 8.626581402364223994e-01
-7.760627310809671275e-01 -3.324400177582580440e-01 1.695333004569088864e+00
-7.584817824335398084e-01 4.613316005738925529e-01 7.116137071954589666e-03
-1.083094272537006741e+00 -1.247384966606621681e+00 7.545738522445508689e-01
-8.985628480203642354e-01 -3.268503593060547718e-01 8.920336472128531646e-01
-1.280837922623834668e+00 -2.307902026020434150e-01 1.665134163158702663e+00
-6.853341394491045957e-01 -1.235426356162620198e+00 1.271551098377608380e+00
-9.434513507308511793e-01 5.174845352877266436e-03 1.195020179572653385e-01
-8.555273371770415469e-01 -1.040099354412073573e+00 5.648380552930968301e-01
-9.116707721014206678e-01 -2.918106261625776909e-01 1.444924965302702757e+00
-5.953828079612448754e-01 -4.719198049297037567e-01 9.209920350546362267e-01
-5.245660927293290809e-01 -9.334609837881577832e-01 1.737044931870474374e+00
-1.141279183101954420e+00 -3.933559046687600258e-01 1.358848949279331642e+00
-7.712696415863050659e-01 4.782982296000206635e-01 3.232895412719598571e-01
-5.994762281039629492e-01 -7.125250267126428394e-01 1.156470097925302198e+00
-8.761899234032726191e-01 -8.079510974680035318e-01 7.457296944027558272e-01
-1.274274566878009773e+00 1.234840169203343940e-02 4.626380165635881614e-01
-5.016262315719500764e-01 -9.409485876300116569e-01 8.947755753836070802e-01
-9.170410564525053321e-01 -1.097787905303648115e+00 1.170206490497207596e+00
-7.692988205746708053e-01 -1.910776570194856472e-01 -3.371151812005916681e-02
-5.785830650698261524e-01 -5.316542279789520098e-01 8.579051837440184736e-01
-6.817571043968191358e-01 -1.703426377222621024e-01 1.856589870889191252e+00
-5.123382193063376056e-01 -1.422116856705532451e+00 1.432670427713020000e+00
-6.847324318846117475e-01 -1.086873101967225086e-01 4.403201124905442576e-03
-5.272948883068399040e-01 -3.912524864323203566e-01 1.609984753691189097e+00
-9.913851646782154692e-01 -1.193387850589062049e+00 1.553650136306138796e+00
-7.606817834109637078e-01 -1.123297954554271838e+00 1.362374863800325464e+00
-1.055297631233244715e+00 -2.879846668262233678e-01 1.269968386220100998e+00
-6.875425433137754005e-01 4.243002512350113609e-01 -2.827160842375792127e-02
-6.961079991550664925e-01 -5.420553098947666903e-02 -8.061450741719655699e-02
-6.336567542407202103e-01 4.515924304676239842e-01 9.858269151280197873e-01
-5.351587359789770071e-01 3.246895979222277351e-01 7.494350368766585779e-01
-1.105744383824843968e+00 1.576446006797822541e-01 1.464056940006756014e+00
-9.020513982413262966e-01 -9.446497416191501628e-02 1.002200359399297636e+00
-9.278426258685263939e-01 -5.783815968722416656e-01 5.055707809275264975e-01
-8.217806675290446616e-01 -7.613044096896470769e-02 8.726497453590201792e-01
-9.114887881152369253e-01 -1.425871602813631789e+00 1.468670254842188605e+00
-5.643973294238664451e-01 -7.416749149134469477e-01 1.883758113323217076e+00
-9.874691164820110778e-01 -4.056803200444862867e-01 1.521555471866151699e+00
-8.356489467139220917e-01 4.242767472160298148e-01 1.962374924129360210e+00
-1.222798587785369095e+00 -5.706293136071025618e-01 7.515907307430590434e-01
-1.035892048716647418e+00 -5.520121779999989098e-01 9.706545596335439674e-01
-9.983689624079328251e-01 -8.525086400836157097e-01 9.314123054652639899e-01
-6.382969457720101270e-01 2.481502982669148150e-01 3.764196963542665308e-01
-6.921031673185624733e-01 2.007377075369294328e-01 7.625027943105289197e-01
-1.174801655473641793e+00 -1.350069023390345624e+00 8.505457555321802587e-01
-9.597410822229106575e-01 -1.256217705104771154e+00 1.462132737496437684e+00
-8.399257885780331279e-01 -2.823069838512179963e-01 8.225931865194797687e-01
-6.470559460176741329e-01 -3.769219451330303450e-01 1.607453066305771783e+00
-1.190744800969423700e+00 -9.515341199040598941e-01 9.720654961611664424e-01
-7.991414337041153892e-01 3.013615116652583747e-01 8.132670000129337273e-01
-1.062654185680323327e+00 4.631418602176284871e-01 1.521924549631740398e+00
-5.342508045203632205e-01 -4.024793595395175227e-01 3.113605854883028101e-02
-8.314801088018537456e-01 -7.297533330005714358e-01 8.975705236207102145e-01
-5.422848635239863047e-01 -1.853508425614207589e-01 5.364520592631789597e-01
-7.551428009970044819e-01 -8.729829357337273166e-01 1.349702983225878894e+00
-1.260101311687936265e+00 -1.338119467382185013e+00 1.612942185753136304e+00
-5.864304530690456208e-01 -1.269360730746437849e+00 8.106889794412113215e-01
-5.270725897513911518e-01 -9.471085826621514769e-01 4.590066587777965612e-01
-1.213719840141963768e+00 2.468426363955280589e-01 1.649274946701418942e+00
-5.489124533598380706e-01 -5.712854932426276733e-01 1.023609984538784268e+00
-7.405353949662948354e-01 -1.288382201201981436e+00 1.065170924065830693e+00
-5.905125927583154688e-01 -1.437123719240002151e+00 1.953573452183003045e+00
-1.052605395644936603e+00 -6.586974906234230875e-01 1.660655135579955255e+00
-6.952032902292082372e-01 -6.096506628303748343e-01 5.574832088277601461e-01
-5.208686891214127090e-01 -1.464983752031229436e+00 6.744105534787897538e-01
-8.100362848204738508e-01 -4.575678342786286823e-01 9.973018754943175912e-01
-8.970557214820094050e-01 -1.428561457019448255e+00 1.196905621370539130e+00
-1.187506190751056900e+00 -4.195916082410839909e-01 6.038459948518016818e-01
-1.191892860137616195e+00 -2.477687561299910524e-01 4.901364094982202380e-01
-1.171224395168260823e+00 -8.589591034376560241e-01 1.195777211044244170e+00
-9.460995522251530732e-01 -5.193374107236135018e-01 7.341768596064681685e-01
-6.117376261855077546e-01 -8.915334099156240200e-01 1.747762016400070895e+00
-9.834471709326506605e-01 2.900621899781539170e-01 6.070607036497775999e-01
-6.167846476060034888e-01 -8.585905494921339809e-01 9.534923187835228076e-01
-9.115368773863112839e-01 1.368172148017905432e-01 5.681138189048827725e-01
-9.525354810914725689e-01 -1.391819357044069116e+00 1.622925366931325275e+00
-9.351031067126851504e-01 -2.830501617735998732e-01 4.747453969807310381e-01
-8.294541470263443461e-01 -9.851874074511672852e-01 1.864414255899379036e+00
-1.152496791040458879e+00 -1.110486158260050926e+00 1.104346879449313645e+00
-9.580554094208175719e-01 4.615923763493177123e-01 1.013706036803085686e+00
-6.610933038566086939e-01 -1.790402774412631626e-01 8.861420056724783612e-01
-1.276809828624862142e+00 2.955920507794673746e-02 1.163668174177412418e+00
-5.645410239124480922e-01 -5.112702147187921931e-01 9.080539462547260188e-01
-6.749583753345969050e-01 2.699801209498779997e-01 9.141933517023218547e-01
-8.067416142157481929e-01 -3.298393138755637555e-01 1.858643659279010374e-01
-1.292310771105022127e+00 9.229574817532193443e-02 1.377701263996821135e+00
-5.474584440592973333e-01 -9.852637627312004209e-01 1.950545146012232944e+00
-6.920981807954955656e-01 5.393861560393253818e-02 8.241503208289314708e-01
-6.237555898776836472e-01 -8.799386584027724112e-01 5.724327882143583901e-01
-7.353941438701113720e-01 -7.289905141801542587e-01 1.570078528699474285e+00
-1.074729919977570169e+00 -8.624392542746346368e-01 1.994514020409262400e+00
-9.444544554557210425e-01 2.849626709904862221e-01 6.485799531462358436e-01
-6.549409958043475033e-01 -1.151777200608665286e+00 9.091847092905042116e-01
-1.127643103416146042e+00 1.295682031565705827e-01 1.434689339786936912e+00
-8.808741277919456270e-01 1.852882598082090659e-01 1.827040802774426431e-01
-7.185619717327312861e-01 -2.105479843257427319e-01 3.266490621061206578e-01
-1.151314593263776720e+00 1.792397816941619926e-01 5.638317733682244315e-01
-6.077260215815943889e-01 6.519833572994526705e-02 1.776836433122199743e+00
-7.525242831402522148e-01 9.191084517892877948e-02 1.934145588101718882e+00
-8.251207073107673651e-01 -3.746806085814258225e-02 1.499038013626049493e+00
-1.196121468755596995e+00 -1.411876741371530075e+00 1.642457173150392746e+00
-8.359390813361318173e-01 -1.148932938315580410e+00 1.166262086438238255e+00
-7.238690532700161606e-01 -1.379577812764057665e+00 6.046035926518688042e-01
-8.610788845969503669e-01 -1.319811343392998548e+00 1.772123073491881140e+00
-7.310100970382430452e-01 4.316764256976570735e-01 8.795176436047219548e-01
-1.261363613344271828e+00 -8.263637074682883554e-01 9.214774182144206405e-01
-1.095869818901895387e+00 -2.481402493149524879e-01 2.993150667476506266e-01
-9.019284820645840917e-01 -3.258484679917024174e-01 1.303320196646865936e+00
-7.560157860299299148e-01 -5.695824709928036800e-01 1.807315123752024855e+00
-1.062807728893174541e+00 -1.012471077298932931e+00 9.667761737544010581e-01
-1.064697296521672110e+00 4.630846946873059533e-01 1.373761968705929704e+00
-1.026058664862964376e+00 -2.315745365405721401e-01 6.197964196699158324e-01
-5.458123991802154018e-01 -6.058899256105703124e-01 1.483513826455523876e+00
-7.780877817344989955e-01 5.848022294022170442e-02 8.113738788163310511e-02
-1.131183301489087523e+00 2.700419706012093801e-01 1.961805930365124073e+00
-1.263632263371859521e+00 -1.163930304253547821e+00 1.872871017064309029e+00
-7.664218514639518087e-01 -7.707529595976527759e-01 4.150939109652638237e-01
-7.695148608109970700e-01 -2.706500309426234097e-01 1.281134266156504831e+00
-9.154241620162146820e-01 -7.392441266280682655e-01 1.798506167438935321e+00
-1.192462406043867107e+00 -8.829379619940072033e-01 1.881154410288412349e+00
-5.014121365102973682e-01 4.982491352391282824e-02 1.097656461028662378e-01
-7.682054646341811566e-01 -6.962635097261793415e-01 1.174916448485056941e+00
-5.595008606708944399e-01 2.182738769030914128e-01 1.471921024034352765e+00
-9.070416024417019552e-01 -1.034633769229628353e+00 7.228054068242132368e-01
-1.085021965516556941e+00 -4.132448634633096862e-01 1.549017147086150681e+00
-7.293971195065497293e-01 -3.846018243422058003e-01 3.739679531199247009e-01
-9.418272212804839061e-01 -1.156850879573585456e-01 9.009655089516183102e-01
-5.215804951618140395e-01 -9.102125632987574377e-01 5.808323006451486803e-01
-6.182377779749553826e-01 -3.085095751792152896e-01 1.058227941595807353e+00
-6.060137784797146043e-01 -1.183457007159067986e+00 1.545086894586428894e+00
-6.855837788441629943e-01 -4.151689069424864265e-01 3.236989216242820433e-01
-7.376649530278951428e-01 -9.214585489122928408e-02 1.510042032169703008e+00
-9.751108658910739857e-01 3.395624729156994093e-01 1.267236463756833409e+00
-1.160516126813981641e+00 2.682126464898508811e-01 6.814914730642190888e-01
-7.238410265534350740e-01 -4.356762754090715006e-01 1.116882587913668567e+00
-5.211483114534157801e-01 -1.192485861395434998e+00 1.463485597791596371e+00
-9.897889688523497931e-01 -1.294138508532251874e+00 1.210071556369472834e+00
-7.537173312415312854e-01 3.076589646213181428e-01 -1.169347129605560753e-02
-9.623801921417969307e-01 -1.333550044646623078e-01 9.049340546072593972e-01
-9.976862600491211985e-01 -4.028025592116919462e-01 1.136460629363660324e+00
-1.268275597076657490e+00 -4.250350283487471792e-01 1.693078769476229928e+00
-7.352604178857691242e-01 -1.205850797642438632e+00 6.978230587511859984e-01
-5.897988935981403058e-01 -9.945262366057678882e-01 4.825504636162853966e-01
-6.878469269175609968e-01 -1.176293608866287865e-01 1.685193113633389972e+00
-1.017097629478900256e+00 -9.334318676456316854e-01 1.642842710935655814e+00
-5.382101859335657323e-01 -1.290672399162427819e+00 5.856039898261995447e-01
-1.221499802533215329e+00 -4.330434978696051651e-02 5.876404124053364875e-01
-5.612043958915169384e-01 6.112767672053642798e-02 1.216859647068751160e+00
-6.707328277142881046e-01 -1.579624466974116626e-01 3.657741927526985126e-01
-8.201827835858590543e-01 -1.058817971004700098e+00 6.567504442070980497e-01
-7.649191650569242551e-01 -4.839901262357699796e-01 7.339981227079670489e-01
-5.704360641029839751e-01 -1.146463931095498268e-02 6.880338574692282383e-02
-1.268454258496871656e+00 -6.674783392929801717e-01 9.884438501375120145e-01
-1.035036204014600392e+00 -1.116289052682844396e+00 1.146408423356252149e+00
-1.250724519205880680e+00 -4.184273121291943731e-01 1.538948933591391954e+00
-7.638251197810271842e-01 -5.973485665488318386e-01 1.205848855933867148e+00
-7.948660171411494613e-01 1.108480966024867342e-01 9.818224633247712996e-01
-1.007443069168463712e+00 4.526145041742852815e-01 4.320980246675920622e-01
-1.151916763476873884e+00 -1.423567942810298748e+00 1.442698435245314492e+00
-5.812043990687157935e-01 -1.285877508037928552e+00 1.764722190478015706e+00
-8.100069916120227198e-01 -2.139625781952791961e-01 1.700246263175403838e+00
-1.074261263995936133e+00 -2.564318059441521580e-01 1.346402769156125778e+00
-9.749372215137458442e-01 -9.772837838147738765e-01 1.309948567613788750e+00
-5.737864302111340686e-01 -1.149789958253125244e+00 1.150900196491034144e+00
-8.005373732327791814e-01 9.741000611508843221e-02 3.320540915179887032e-02
-7.448317369654966491e-01 6.416089172726158196e-02 5.938275383230271487e-01
-1.085860260048527870e+00 6.630584864755362240e-02 9.751585063220701288e-01
-7.230625161383256172e-01 -1.726661041926951246e-01 1.263197629980979286e+00
-8.161905627151826437e-01 -7.975394847817307564e-02 3.665289384910259685e-01
-1.114359876698221008e+00 -6.491796793281039424e-01 1.738768590796727409e+00
-7.379896590240647702e-01 -9.528058748513659193e-01 6.636686977428092327e-01
-1.263838461024825000e+00 -4.961470511676042694e-01 5.893823304570032784e-01
-5.949222600159660423e-01 -5.653348675666991507e-01 1.515581395782568341e+00
-1.250192279517589045e+00 -1.412454591561924877e+00 1.266445416220591147e+00
-6.330348876988098894e-01 -9.128075953506933349e-01 1.809861497524357876e+00
-8.198514346018868082e-01 -1.604251785497845528e-01 1.647069190305648023e+00
-1.047270392430126762e+00 -2.382226184245754830e-01 5.588231980753414208e-01
-9.443907104782716111e-01 2.624914563846036941e-02 1.993051854275238011e+00
-9.740100928179129536e-01 -3.438974609777583069e-01 1.096342883338818464e+00
-7.494726740359414219e-01 -3.464802114611176265e-02 1.173578033494657169e-01
-8.844470862766189434e-01 -8.484111427379683601e-01 1.640791942686970373e+00
-8.635878399065843869e-01 -5.084256211980617834e-01 1.785266857229517834e+00
-7.923594050547371204e-01 -1.962620711040052868e-01 3.778175657448230584e-01
-9.650650167610150820e-01 4.821574475022893935e-01 4.774342633878209119e-01
-1.160328809254581817e+00 -1.303810529209118663e+00 1.457731267432418987e+00
-1.287564776038365721e+00 -7.535691683169667421e-01 1.062598541283414688e+00
-7.909138487206993640e-01 2.419291512422179213e-01 1.128042844101726505e+00
-1.153974130048407210e+00 4.189702375184980454e-01 3.464553391930209614e-01
-5.010126326830047772e-01 1.305897656601828771e-03 4.294105094890041663e-01
-1.123181762830862018e+00 -9.500900591173255805e-03 1.808797802800264698e+00
-6.385968912112455209e-01 -1.037640731748906253e+00 1.965693385985472386e+00
-7.672062701273328900e-01 4.469428277083720147e-02 1.272657749561056928e+00
-6.966699267109943694e-01 -4.378589988812779943e-01 3.323412019739397927e-01
-1.256707619392239517e+00 -6.669921476060753918e-01 6.728203880575192031e-01
-1.210063096553049000e+00 -1.182595407420718781e+00 6.671977063574623390e-01
-8.840416844816485487e-01 2.352559407093952615e-01 5.814958186216885316e-01
-8.108294067982411146e-01 2.946909659359999711e-01 9.910778852303602227e-01
-9.270638824119910026e-01 3.826382573057269809e-01 6.228097802272914985e-01
-5.001835217513533882e-01 4.374206446592128206e-01 2.587718525360745980e-01
-1.162715734561178715e+00 -1.241640230372568654e+00 1.305753415280426211e+00
-6.546298360455470311e-01 -4.833699884111872791e-01 1.887144894830689701e+00
-9.325191649048001352e-01 -4.388030732963899005e-02 1.592596005611493781e-01
-8.442725086168829662e-01 3.563133250970063060e-01 2.037718679240906605e-01
-6.178279837335665103e-01 -1.094567293049726775e+00 1.125706289324175824e+00
-1.010047606187636227e+00 -1.369803856632303418e-01 8.090418782495516492e-01
-8.617706562245410762e-01 -1.227645114494011924e+00 1.025629607724802606e+00
-9.641675037322652297e-01 -5.600289663285695774e-02 4.209211647706730952e-01
-9.645113785573566911e-01 -9.450329552765366348e-01 7.849570572418449466e-01
-9.940037003316231079e-01 -5.393905644228513818e-01 1.819994470213698534e+00
-7.420744427046338521e-01 -8.982586206553548891e-01 1.552830796704523397e+00
-6.616659951882242208e-01 -1.409957513974246623e+00 9.243165734382366994e-01
-1.014561026348340445e+00 1.830763260514023383e-01 1.589137767191324935e+00
-7.094677445718472475e-01 3.322012023918090584e-01 1.522792962624182900e-01
-7.922266865487568310e-01 4.670463665976412049e-01 8.512242168438411971e-01
-1.218296784421122547e+00 -5.542319473078451963e-01 5.909144826451443455e-01
-7.752105771880007934e-01 -7.484588637679514544e-01 8.496730814536548326e-01
-5.044277234235936547e-01 -1.399520864432559630e+00 1.678304648265906973e+00
-6.860269221258908923e-01 -7.736035209219793707e-02 1.405305294851388664e+00
-1.015985719714566526e+00 -4.048397700918155984e-01 1.521122881241095737e+00
-6.930192700355195523e-01 3.295460950268638278e-01 7.099530512302024698e-01
-5.112435970222504178e-01 4.287730705902998984e-01 1.086031835415690594e+00
-1.060443299937802841e+00 -4.975820363367136068e-01 1.818472208146547864e+00
-9.781629063238392874e-01 -4.264380287562385963e-01 7.560216268702801834e-01
-7.783457081134393940e-01 -7.957874074471289472e-01 1.028852581133105071e+00
-7.254301737437014452e-01 -3.340170925613328290e-01 1.883050193541445927e-01
-1.259241754502275157e+00 -7.870798114700923165e-01 1.000532194119376772e+00
-7.947361011776045148e-01 -2.531088316935403704e-01 4.426519217869634426e-01
-1.294618315166564226e+00 -1.282708280517323551e+00 6.907514246030580507e-01
-1.080074973738226474e+00 -7.211652096721044014e-01 1.577765827125777065e+00
-5.966666962336352187e-01 -5.057677071188140250e-01 6.301310155243541322e-01
-7.692802921515017323e-01 -7.842000461443163761e-01 1.435716654172922047e+00
-1.160385226485499688e+00 -6.191062916177370035e-01 1.856824486657068451e+00
-9.992110042972816020e-01 -1.124434369194424743e+00 1.989006455353519165e+00
-1.134878998146406692e+00 -4.307967654554298864e-01 1.251163402226530330e+00
-5.345446155245953124e-01 -8.120796319573595490e-01 1.876393637690263683e+00
-1.194661002288966989e+00 1.992119634982731924e-01 9.028554913271210625e-01
-6.906362629521104468e-01 -1.385947867498990460e+00 1.663113535906639573e+00
-7.614046240620253592e-01 -1.130831934693013796e+00 1.066417331758952924e+00
-5.403574985208167147e-01 -1.346417368426484629e+00 1.155675061108418555e+00
-9.985685732470842568e-01 -4.297331559474488749e-01 1.030322622128440946e+00
-1.022514719192895161e+00 -1.878096748374176173e-01 3.764720157036439696e-01
-5.762089487320867232e-01 3.097180922346438603e-01 2.801026273885443008e-01
-1.120543836153478079e+00 -1.363340967079824662e-01 1.879706146124457966e+00
-9.648733807340768021e-01 1.752248294276719243e-01 1.938082777608211238e+00
-1.185935555807000830e+00 -1.074628680369504874e-01 1.340014609393972655e+00
-5.422550024609344987e-01 4.387362139444141995e-01 6.809676250291425426e-01
-8.525622118351006140e-01 3.215983952429057879e-02 1.366047354632133226e+00
-9.843593595421236131e-01 -1.465097199784734627e+00 9.088341194384456090e-01
-7.550073896699268650e-01 -2.629727951301903399e-01 1.259609513863653163e+00
-1.223612135627929476e+00 -2.256671539694932171e-02 6.190440863948755146e-01
-1.041089979732934712e+00 -3.360404639612490918e-02 1.238473325939261349e-01
-7.909924775512486850e-01 -2.558793903684388749e-01 1.707731250407423129e+00
-8.930007358559116648e-01 -1.021668858442514871e+00 1.028742858847208730e+00
-1.163793238148488562e+00 -1.401510348385620164e+00 8.224222503753103597e-01
-7.081525829430668217e-01 -6.105111265177260993e-01 1.853604794392447852e+00
-6.744112909441088988e-01 -5.093518973590480670e-01 6.346534284474142362e-01
-8.330002930799805805e-01 -7.405718039051241153e-01 1.811796430374487565e+00
-7.540732612007654545e-01 2.307192810508276182e-01 3.869164087745247116e-02
-8.649420871254360765e-01 -1.459129593636787625e-01 2.223734037807953146e-01
-1.104919252419318543e+00 1.575932856713972985e-01 1.879190263547363404e+00
-8.267005012210041359e-01 -9.938849464022150304e-01 1.764723793326979040e+00
-8.919271074210273209e-01 -6.214050756309286161e-01 1.408161589863465624e+00
-9.164686410708854369e-01 -3.113801188623275262e-01 1.552067617329411009e+00
-6.669768367944680643e-01 -2.520533997295384410e-01 1.374882848180821460e-01
-9.776316196665479907e-01 1.962316776529791085e-01 2.807930940172479461e-01
-5.781002162503966479e-01 -2.241616889119826261e-01 1.500595738038601690e+00
-9.090220481298638688e-01 -3.567955405057048335e-01 1.925206387966214905e+00
-1.274136523018166933e+00 1.911356138133877280e-01 1.958883251070305587e+00
-9.736934292364773924e-01 -3.490684409119881870e-02 1.091522023592978785e+00
-1.148614633487144987e+00 -8.141165321651455677e-01 1.884183646475278806e+00
-5.089010126150922408e-01 4.467399674205119187e-01 1.765327291417684574e-01
-5.636980983951314084e-01 3.393757422626848541e-01 9.568892735656503445e-02
-1.065054150004860256e+00 -1.533246930143836728e-01 1.698510228153428336e+00
-6.885661796302677828e-01 -5.372702163028726385e-01 1.166450083478387301e+00
-8.921636448285887866e-01 -1.450711086363832170e+00 8.873382283139115145e-01
-5.437686454389729640e-01 8.130588137124239445e-02 1.883104460038414807e+00
-5.755913664866854074e-01 2.927246560963188138e-01 6.920016408953431064e-01
-1.254485594598560017e+00 -9.161437722913470250e-01 1.447474738021829133e+00
-6.862162550341069922e-01 -1.004378512910672816e+00 6.297657884618529378e-01
-9.201547838364630971e-01 -2.927692310276759358e-01 3.169184076405218153e-01
-6.235827122856449911e-01 2.162119747850106410e-01 1.292100697359446215e+00
-5.426298036649459533e-01 -6.923477204541228502e-02 1.669994699565310992e+00
-1.103809999987387380e+00 -9.431734575513206487e-01 1.515447009368440900e+00
-1.225439529806368055e+00 -8.297209451704912198e-02 1.773871912117641170e+00
-5.903969165760896143e-01 -9.563910561999762194e-01 1.717576817526533572e+00
-1.275475216572369064e+00 -3.233389106754209763e-01 1.796623512168448178e+00
-9.954083101914776854e-01 -1.456195842204231594e+00 1.648405248840325354e+00
-9.619315796539381624e-01 -5.529852872306086908e-01 5.116177817690511498e-01
-8.426078036772667312e-01 -1.290821319026407288e-01 1.932395511746088257e+00
-1.169726771327857628e+00 1.422617028953676588e-01 1.844787607300163668e+00
-9.815271830380190021e-01 4.481709801685593852e-01 2.216506937396998389e-01
-5.449395589333086987e-01 4.924435450263648928e-01 2.167281963736475692e-01
-9.208301052642864359e-01 -2.236475009800649172e-01 1.506046256010387552e+00
-5.337824736800856895e-01 -5.719441790891468536e-01 9.295204364073780257e-01
-7.918740963279068401e-01 -4.277392922808576081e-02 -9.208149500172119195e-02
-8.460895944379452915e-01 -1.109382436648648884e+00 9.050256969045392674e-01
-8.433020900827625788e-01 -1.203692194923554171e+00 6.833736636696551292e-01
-1.144076211950107336e+00 -6.919835872423234502e-01 1.636388730893226340e+00
-6.842034093680573470e-01 -3.820437946874744028e-01 1.795331485776253011e+00
-1.062832100326938978e+00 -1.061893068049842626e+00 1.307682080670550917e+00
-7.729088136513966312e-01 -5.588843852744684870e-01 8.398014682572775280e-01
-8.278513951818560201e-01 -3.637756730389531956e-01 9.003779083819781759e-01
-1.105665450241683168e+00 1.626065047895426385e-01 1.357542260147739155e+00
-5.727514584968056433e-01 -1.180233794207545817e+00 1.379871636142366187e+00
-8.116082235891437513e-01 -6.833895783915833189e-01 1.566927246369147264e+00
-9.387622424566429702e-01 -1.169680179119732433e+00 1.532572007228033550e+00
-1.220443218595954615e+00 3.153160986480247896e-01 1.489878612827131077e+00
-7.350090590707596405e-01 4.986330629869550890e-01 1.424660052755042372e+00
-5.601432369444354631e-01 -1.148585533018787297e+00 1.411419696130034485e+00
-5.848963702005460785e-01 -2.978224782140275195e-01 1.948798063674735292e+00
-1.066594116141678095e+00 -1.158626621565053139e-01 1.397048438905756251e+00
-5.026148125589674498e-01 2.034987237654983794e-01 1.339713076841610728e-01
-1.106515580784211306e+00 -7.812707695886567105e-01 9.408376926368452464e-01
-1.151278991107316463e+00 -1.019490388295700711e-01 5.453109874674092472e-01
-6.198826179335962250e-01 -1.440955765268380429e+00 9.658725193700553602e-01
-5.139475642055739701e-01 -9.429159741887616075e-01 1.814142269193726342e+00
-1.061831474282451504e+00 -1.085057601016468087e+00 6.311417834143359107e-01
-9.701443677982350966e-01 -1.458420817352930055e+00 8.026443475238755898e-01
-6.803358895661666406e-01 -5.861056503110886329e-01 1.260943052737072856e+00
-8.198374766446262507e-01 -8.568138467083499243e-01 1.740047020240079512e+00
-6.851209895555088192e-01 -4.231765194931120799e-01 2.797200976259518468e-01
-1.000907189764761895e+00 -1.302757196493822711e+00 8.350561516123274908e-01
-9.355100900675650255e-01 -6.791737107433684084e-01 1.491819857014180295e+00
-7.348526630198108922e-01 -1.638310135097862386e-01 6.409104548432756898e-01
-6.383340231028746814e-01 -5.522755896053719304e-01 1.278558483037125493e+00
-6.074666935590854466e-01 -1.221873101674053608e-01 2.814950140529014488e-01
-1.191977675823043592e+00 -6.838186512505519676e-01 1.942137502470306920e+00
-8.765069334462165518e-01 -6.438672463081895891e-02 1.583569883768974007e+00
-1.137820158718802821e+00 -1.182886687389487435e+00 8.533621624413134654e-01
-5.373660379167068957e-01 3.511088637262518297e-01 2.986985166433459016e-01
-1.294684770895592640e+00 -8.310959008354810162e-01 8.211137993646558941e-01
-9.205410134969742586e-01 -5.462872797081035348e-01 3.738404727114584825e-01
-5.768885009571549372e-01 -3.810507330084536015e-01 2.617343060078083372e-01
-1.056699678528907338e+00 5.120884409602743936e-02 1.252610125807069208e+00
-1.152994264734514163e+00 -7.591888821574395152e-01 1.714346209965625922e+00
-9.232884162288788055e-01 1.080534099331642572e-01 1.988772243234520953e+00
-7.935124532771452577e-01 -7.816193954284607059e-01 1.859503544165957090e+00
-1.194651834692622261e+00 -1.062715905577438669e+00 1.387916846739135401e+00
-7.376161432378968152e-01 -1.279001168203339756e-01 9.901774293791943959e-01
-8.754871250950967410e-01 -1.256993704798019529e+00 1.940209811585511535e+00
-1.071619467542592519e+00 -1.409445921354933073e+00 7.888932227458542723e-01
-6.107263092079981970e-01 6.176997020602525978e-02 -5.551794397223742961e-02
-9.353855242927849867e-01 -1.239411307610008395e+00 1.191704232926269702e+00
-6.824317620335768053e-01 -5.520394652905467048e-01 1.824136111275113992e+00
-6.202214124531117978e-01 4.901563586867641042e-02 1.448511289412412140e+00
-6.669598204079280057e-01 -5.127989279421740765e-01 2.412148799057147464e-01
-8.402181840418652126e-01 2.418407208779644879e-01 8.287593208616558793e-02
-1.138824330368277460e+00 9.649835067124645782e-02 1.291352819392770579e+00
-8.789306676121171336e-01 -5.410336917883145080e-01 4.500287612970654827e-01
-9.007058138801622427e-01 -9.691859773896702723e-01 5.885464573320560167e-01
-1.082425983067218933e+00 3.540951309144673154e-01 1.415683056416022101e+00
-1.214775240007055945e+00 -5.962144348485223233e-01 1.201185279715905496e+00
-8.997433102102816438e-01 -1.152530781581941000e+00 8.304561072170507652e-01
-1.295623327648317780e+00 7.143989264609906797e-02 1.595380998441943365e+00
-7.947216864164879935e-01 4.090313165490644387e-01 1.567659798133973714e+00
-5.467323945389324091e-01 -4.974683073837848912e-01 1.246663199741889105e+00
-7.718686632369354816e-01 4.274639903624379844e-01 1.387658025246704341e+00
-1.057095409381057616e+00 -2.369719849211529006e-01 1.926581858422523386e+00
-1.130557454383048110e+00 -1.402559669441731494e+00 1.962476543101632664e+00
-8.335863441644911775e-01 -1.310759737877499331e+00 6.603047776619311859e-01
-1.293103054108636574e+00 -2.626460514952921876e-02 1.830850441056735445e+00
-1.206628250453332551e+00 3.500252784640436321e-01 1.225961385053852659e+00
-6.606847433519552615e-01 -1.270724357321767695e+00 1.912128776281258435e+00
-9.991041249618168862e-01 1.832021538785044701e-01 1.626002479791611499e+00
-8.894441751106458849e-01 3.496295703172953573e-01 1.496590145538202021e+00
-8.360821057019269809e-01 -1.426516429128497521e+00 1.693305475789198988e+00
-8.792091084946196400e-01 -1.351490011716868223e+00 1.287318921318701292e+00
-1.071401819722554993e+00 2.085996310946516274e-01 6.904015621050311191e-01
-1.052749029251549340e+00 1.372653800395462476e-02 1.728508551497813572e+00
-8.544985306417435256e-01 -1.284243586635531287e+00 6.659873455425424638e-01
-1.095396794085786052e+00 3.039824600178233638e-01 1.395965514777947503e+00
-5.628741539209558553e-01 8.134561666238515620e-02 3.244086146395629422e-01
-1.217879129671741945e+00 -4.235365029106952228e-01 8.516812594650252644e-01
-8.962557643879147662e-01 3.468863851847949764e-01 9.440829272550009810e-01
-1.258942919259902871e+00 -3.221337982607903605e-01 1.136417078923169344e+00
-1.245446069806795064e+00 -9.314557434978207873e-01 9.163296780056647828e-01
-5.873278217369792831e-01 -5.422205396461179383e-01 1.203532310942839745e+00
-1.225500081685430454e+00 1.809913453146767548e-01 3.866148868347654144e-01
-1.002096570520963015e+00 -1.140936111204809311e+00 1.926118579575371914e+00
-6.433824776414728275e-01 -4.547565455264124257e-01 1.290951152039629513e+00
-5.285601784819775606e-01 -1.216970486005160001e+00 4.879641693163004890e-01
-6.593284014305542673e-01 3.140996426931499386e-01 1.099881591248502932e+00
-8.204775106623314329e-01 -4.930965278444188193e-01 1.719936158951288485e+00
-1.043520260434805280e+00 -4.542332587483075557e-01 1.757298920388972618e+00
-1.217611769660392751e+00 -1.778202238907782284e-01 4.664747587430527753e-01
-9.807689217722566077e-01 4.641174355488186798e-01 1.005199457831760235e+00
-7.896809280023148192e-01 -1.129975915093290872e-01 1.778278787948529782e+00
-6.374669727220898530e-01 -1.555990696659379502e-01 1.302216972486953894e+00
-1.139494010039952876e+00 3.540823447636913812e-01 3.639994998156931283e-01
-6.386256782250609998e-01 2.876741590999265519e-01 1.034124377180691612e+00
-1.271521766183774327e+00 -9.027757716236206598e-01 1.703430391681403977e+00
-8.334556336235132701e-01 -7.938937165862647305e-01 1.684736155418621983e+00
-1.194146045134526712e+00 4.779908853134153812e-01 8.253646815060907693e-01
-7.320229436284266811e-01 -9.532706221255393686e-02 1.645572218949190368e+00
-5.988746530222088804e-01 -1.416919197142376685e+00 1.488577521733315701e+00
-5.095890999164375268e-01 -3.324642603840364252e-01 1.599602524757187005e+00
-7.142826181728160195e-01 1.233086633618591943e-01 9.556100292770629556e-01
-7.002285279655956485e-01 -4.277046001213815618e-01 1.468692325017584954e+00
-8.623679415667628856e-01 -3.056068087162255864e-01 7.816963514668144875e-01
-1.297513495927123506e+00 -6.822706770140269938e-01 8.037145486687170548e-01
-1.148731651796897513e+00 6.875360242422523527e-02 2.829928130256111896e-01
-1.090136064281414185e+00 -8.100302175867515331e-01 1.331086839390687171e+00
-8.546457020382813852e-01 3.543420223868747332e-01 4.257894830598952796e-01
-8.130583766761274589e-01 1.073240694069510504e-02 1.970549658064354670e+00
-1.007620405072154446e+00 4.184342590338634427e-01 1.234314387653342726e-01
-1.129342006458136538e+00 -8.616351772087473826e-01 1.893808830828034528e+00
-5.766515801604679137e-01 -1.926244598354194260e-01 1.276717147795767837e-01
-1.044367727976168281e+00 -8.382859910440536577e-01 1.237761759062279365e+00
-5.023665093756561895e-01 -3.654255012262046520e-01 1.649035954817498872e+00
-8.051320417153113862e-01 -1.112132829978020876e+00 1.686357116092030983e+00
-6.741851110528030988e-01 -9.674274114643410805e-02 1.298959088841616927e-01
-8.500541938769816674e-01 -4.704332966368829361e-01 5.698871696176885937e-01
-7.275103627193040268e-01 1.193789711292443378e-01 1.488428974964487450e+00
-8.726123879339151568e-01 4.707141479931229444e-01 1.868183775818908821e+00
-6.299274969641744937e-01 -1.141816129985857797e+00 5.494455256303305557e-01
-1.035050583591712536e+00 -2.116115484532861135e-01 1.413758219714039699e+00
-6.813581655342427768e-01 -2.544097290651221588e-01 2.895851485254984370e-01
-8.004122991528568321e-01 -2.876565741793415398e-01 1.616856484030516405e+00
-5.513197346988139014e-01 -2.056391693032815216e-01 1.237059264773211265e+00
-8.382482783105313917e-01 -1.582734415863196187e-01 4.377610642536293728e-01
-6.002135757029284369e-01 1.886290734567472871e-01 9.028467590325276459e-01
-1.133223364659415200e+00 3.662624306434145716e-01 9.456345569133394191e-01
-5.762652743240951336e-01 -7.210451453375918973e-01 1.640871988792419023e+00
-7.559683888155762643e-01 1.563316771946574590e-01 6.808094382171534509e-01
-1.101527199175266203e+00 -2.047216099505506648e-01 7.014112707343905795e-01
-8.397561080848541248e-01 -7.784716785055312283e-01 1.351969101924080707e+00
-6.491274291248693151e-01 3.120763362494738402e-01 4.582817187616832211e-01
-1.250213076236325938e+00 -1.093595539093307645e+00 1.548657073271620277e+00
-1.245394834543984031e+00 -6.824734284345113089e-02 1.150459582845252626e+00
-6.629548037986470188e-01 2.417041945374669432e-01 3.076641130381091438e-02
-8.459201823274220544e-01 2.723444864969584156e-01 1.382195269275185323e+00
-9.478319343989862755e-01 4.066089166827555612e-01 6.149490886774909848e-01
-9.796618693622438645e-01 -4.202436965078963915e-01 1.153516305435440703e+00
-9.715077155975040402e-01 -7.941506562294731175e-01 1.908734698057847456e+00
-8.070760409133288515e-01 4.932600641605269232e-01 9.140217296922775736e-01
-1.010238449841777353e+00 -1.183191703906156134e+00 1.170216706798551387e+00
-7.874911584345166693e-01 -5.348656702285226050e-01 6.485619239957123305e-01
-1.090668931147011467e+00 -1.409732726264997460e+00 1.810375729850046245e+00
-5.923865948399462678e-01 -5.333178637498336983e-01 1.872844171358758025e+00
-1.174377937908576586e+00 -1.422888100770399511e+00 1.652575980389973553e+00
-5.151606394787054954e-01 -9.094655748927695793e-01 9.387871169093250368e-01
-6.175933505870860873e-01 7.196578368008665905e-02 5.773539375581393518e-02
-8.145493216153243399e-01 -1.341078392262969654e+00 1.986915746997731436e+00
-9.178485441968136094e-01 -5.167642847479982926e-01 3.586833378833040875e-01
-1.185595076042811113e+00 -6.901178213989149768e-01 1.305119901245237246e+00
-7.279913751200570715e-01 -3.428972796215112862e-01 3.504395671144108215e-01
-1.049555466029542306e+00 -3.730816205288189913e-01 1.389531572378853719e+00
-9.813083258173025403e-01 1.040304951967319091e-01 2.960261056425207427e-01
-5.516196360982555946e-01 -3.490333534148795103e-01 7.052747507425253248e-01
-1.171153181613368677e+00 1.943267123840584087e-01 8.749029049377455847e-01
-6.391375934295258077e-01 -6.304710437777698573e-01 6.644839353243240376e-01
-5.351183720245307196e-01 4.924783738802949173e-01 4.379324052753642560e-01
-1.123962868518062042e+00 -2.300460704383600063e-01 9.812202798118444536e-01
-7.568008956516986130e-01 4.096580353856886791e-01 3.452617858786311000e-01
-8.464791420854812509e-01 -8.698215462266143394e-01 1.807461188887326431e+00
-7.740304042841706922e-01 -2.073093527742497777e-01 2.071816215259147942e-04
-5.304258060127504670e-01 -5.508079556607836658e-02 -2.351382367365537074e-02
-1.128734544444193189e+00 -3.042492014045028448e-01 1.015930019221229719e+00
-9.752137343109241741e-01 -1.184297415298543266e+00 7.982361538341786744e-01
-8.542498554100774744e-01 2.776724948159770001e-02 1.961372078117305406e+00
-1.082412418183752445e+00 -6.832807507495559651e-01 6.948904497820924675e-01
-5.006853148989938163e-01 -4.615488164908418955e-01 5.111947478015266277e-01
-9.698352116286371727e-01 3.531884941534420008e-01 1.127235610756405215e+00
-1.113509460859989808e+00 -4.399614409222429856e-02 1.324073305485386820e+00
-8.808185393650398431e-01 1.486363236872763061e-01 6.227078360338584861e-01
-1.203609471266608333e+00 4.595109826483145810e-01 8.898001579127954308e-01
-7.919372740010804934e-01 -5.437801983779764203e-01 7.242227932271488866e-01
-8.131110492046258464e-01 -1.155169759856589318e+00 1.274265037222670927e+00
-1.220721479218883632e+00 6.440611071015278633e-02 1.398250022485334032e+00
-5.504291329821812129e-01 -4.884588243987433298e-01 6.213358243755182642e-01
-9.342022384817085801e-01 3.009879858263460051e-01 1.589564223961288381e+00
-7.545100365419094013e-01 4.326128090311089913e-01 1.730582496405565163e+00
-7.439404582066917460e-01 -1.070221531275064253e+00 1.054100539585892227e+00
-5.639500607450066427e-01 4.486975904174832497e-01 1.795194359077647572e+00
-1.078320696514673660e+00 -1.193593345058413080e+00 8.627115896789355753e-01
-5.851882320260403114e-01 -1.789611182796857491e-01 4.005768220119073630e-01
-6.619039900524317233e-01 -1.145928050709216661e+00 1.690518341894146959e+00
-9.249027396874311968e-01 -1.428098488374764941e-01 1.663108117086260274e+00
-1.157863726337200250e+00 3.893942639758474211e-01 9.211779152836719886e-01
-5.918674697132497720e-01 -9.262455446158841532e-01 1.977342311490295490e+00
-5.257665108661192521e-01 1.272499648729030763e-01 1.098721183065255014e+00
-1.134409153387202940e+00 1.364738596210899324e-01 1.843345352418265248e+00
-8.452331769234331382e-01 -7.153873286432481660e-01 5.728979344657585404e-01
-9.684707718558203116e-01 -1.448940213613207240e+00 8.663911090702912654e-01
-8.637391114124535196e-01 -1.551865276056363374e-01 1.119360865855508091e+00
-1.036405529221344324e+00 -1.357230967435287816e+00 1.375560023273352028e+00
-6.128272510006501639e-01 -3.829552061564849286e-01 1.499079068181690122e+00
-6.965137845925072346e-01 -4.091997028376614942e-02 1.728782984388942845e+00
-8.787470618358392827e-01 4.126298098922300817e-01 1.483270017486058467e+00
-6.516325144722596718e-01 2.064846894866445570e-01 1.710541076324973098e+00
-6.897978503438974007e-01 -2.416522472870632487e-01 1.165604662769310629e+00
-1.258066905827134985e+00 6.868132499888845999e-02 6.853094550108851379e-01
-8.179584346282298135e-01 1.062433594937177705e-01 1.958561295077686726e+00
-6.238844787690497329e-01 -1.467085677913064545e+00 1.752081645179449421e+00
-9.084552574152231497e-01 1.774902273642966488e-01 8.429652064404341560e-01
-5.121577966542424365e-01 -5.136345802743973454e-01 1.576595618570576285e+00
-8.041681564483491584e-01 -1.104696386260061391e+00 1.760773834831136364e+00
-9.872714549569157061e-01 2.733020147798721489e-01 7.123870798666933624e-01
-5.867653209186705077e-01 -7.823007752576927043e-01 1.439142502650250899e+00
-8.884521804740064255e-01 3.871159697531867394e-01 1.057591956290579338e+00
-5.798855618202617412e-01 -1.936012379673623940e-01 1.050397530685861225e-01
-1.055474206659444469e+00 -1.111632407927227062e+00 1.654765587426461293e+00
-8.044807157466038472e-01 -5.866660733934576655e-01 1.879469788344723336e+00
-1.093521698153862909e+00 -9.876725874955152307e-01 1.879423958899125724e+00
-5.964164527755058121e-01 -1.825702034807370477e-01 7.237261470161668320e-02
-6.206226157354447492e-01 -1.403393510467112915e+00 1.031299491571576743e+00
-1.049666753151725418e+00 -1.321852993636087659e+00 1.972216915610701449e+00
-9.964335920695290838e-01 1.096847823010935752e-01 5.318584226115098401e-01
-7.846680656572282420e-01 -3.279886036422263729e-02 5.117257382201563232e-01
-1.259254369500586890e+00 -8.679302481677342307e-02 1.347794783474441704e+00
-7.011100781701238294e-01 5.779419353253456570e-02 1.742751550737753563e+00
-6.209000734228161678e-01 4.387199525147618129e-01 1.625654660463241141e+00
-1.299891411957224685e+00 -1.028762071406035705e+00 1.452565503036066907e+00
-1.065822722250466814e+00 -8.905415620431831325e-01 1.866885772650958009e+00
-5.742629168422577202e-01 -1.494418758190647178e+00 1.955901543824545286e+00
-7.296177385904724089e-01 -2.032417867729652272e-02 9.865779825834354311e-01
-8.523433091459751143e-01 -1.129019016403723263e+00 1.844955518425891450e+00
-1.182368223439193455e+00 -1.151865662827524117e+00 9.971645447507221371e-01
-7.005700270562984500e-01 -5.542815305807917703e-01 2.644095686864067485e-01
-1.003795164503034743e+00 -1.344036629050897602e-01 1.139344562810608252e+00
-9.037418496832569925e-01 -3.480548941906054239e-01 4.139384770160305926e-01
-6.289578579161358984e-01 1.958386382615981969e-01 2.515586359127470750e-01
-9.031489530868239690e-01 -3.240928029810588029e-01 5.929465084658890328e-01
-9.726241621236229040e-01 -4.993125434792102801e-01 3.866937779368073702e-01
-1.113033580279595869e+00 3.240588588566810646e-01 1.538795852836985389e+00
-5.705541857231116731e-01 -9.953904497466796730e-01 4.285486623118786031e-01
-1.271043221282085689e+00 -6.804893339501854044e-01 1.686030721470041183e+00
-1.194982850297971577e+00 -6.358552861089301622e-01 1.417735726615967806e+00
-7.958956015945013451e-01 4.239564209307300491e-01 8.977374524068494344e-01
-7.121974111409244967e-01 -5.243627910439283557e-01 1.270833702725470138e+00
-8.637580540815619212e-01 -5.269655081250264050e-01 8.612986654500779382e-01
-1.110499987542634237e+00 -5.763318613035646187e-01 1.825838451987580546e+00
-8.639368047365405534e-01 2.284972031373395662e-01 1.547199165730725579e+00
-9.693824575382958830e-01 2.259378853098203965e-01 6.795814518593479292e-01
-1.284476432122507727e+00 -1.030715353523919520e+00 1.316590869254922191e+00
-6.940396005582738503e-01 -3.662822220405923535e-01 1.514404421997367800e+00
-8.142421782967317334e-01 -7.118016876712889296e-01 1.313754412103842473e+00
-8.276886263180497361e-01 -1.384416240565149447e+00 1.973110207598593568e+00
-1.295267299558810814e+00 -1.227101654302381606e+00 1.019986658956152814e+00
-1.099760116642730878e+00 -1.000349964100915034e-01 8.050465070164235515e-01
-9.912499342109635236e-01 8.243287057557480146e-02 1.688072544967974320e+00
-1.038671047850326268e+00 -4.857837488605307730e-01 1.262876160625403088e+00
-6.811931674558480143e-01 -3.120910383091368701e-02 7.627753648510107176e-01
-6.331943104024324587e-01 6.889451351110231769e-02 7.201623101594443188e-01
-6.265004208075750647e-01 2.404005493081469158e-01 4.146468802636660289e-02
-8.818602583202830303e-01 1.627834152402907186e-01 6.714006641059986347e-01
-7.016042830391192586e-01 -8.593350548663010180e-01 1.930549046558093007e+00
-1.011244229930732264e+00 -3.902571917515689215e-01 1.807205178894998099e+00
-7.646029391024948829e-01 -5.524040227088731214e-01 1.640806994898960758e+00
-9.172994945717278803e-01 8.035688500083226771e-02 1.487043356332166555e+00
-7.916410569036442801e-01 3.204405623785702151e-01 1.875494397704581040e+00
-1.280051821994544703e+00 -8.589258617955271013e-01 1.420960900710580344e+00
-9.776048822932779103e-01 3.374925401174211359e-01 1.065760767995237224e+00
-5.557974694771421476e-01 -2.403973551613838300e-01 1.150020786891912117e+00
-1.077200312223561829e+00 -1.019811089485140876e-01 2.790596200143297123e-01
-5.087686030923046498e-01 -4.335261964997871864e-02 8.527160259500840001e-01
-1.171578874614159105e+00 -4.379842917668099744e-01 6.599745740904003899e-01
-9.377333937162593003e-01 -8.281246887782010013e-01 1.760898505147162618e+00
-8.374428693148736613e-01 -5.761223535688126951e-01 1.576359117093867557e+00
-1.136695916898201375e+00 -1.450221286255498176e+00 1.351729481138601141e+00
-5.844138772131342030e-01 2.024605361523446057e-02 -8.275750962798519850e-03
-1.252895922624496672e+00 3.319705095789011740e-01 1.407783793718609511e+00
-5.174063696468530482e-01 1.969718202981762811e-01 5.203419149736507876e-01
-1.082150454063534273e+00 -1.103084763000930835e+00 1.036216063043215785e+00
-8.046814339642096581e-01 3.143853443287096816e-01 1.460938082722183173e+00
-1.176166422286674562e+00 -5.128311853519569308e-01 8.702181089960928650e-01
-8.494190728316168837e-01 -1.452138435211284717e+00 1.431245167178073263e+00
-5.368587651067284749e-01 -3.776820652358701125e-01 4.803080162930860597e-01
-7.301178367374184797e-01 -4.675799516781278253e-01 5.934884572117268275e-01
-9.737738579551149520e-01 -3.187543852009588896e-02 1.513559391677385513e+00
-1.036157213133257038e+00 6.939857257016313064e-02 9.024752490481230405e-01
-1.121554365124688424e+00 8.506614108240229122e-02 1.211558470666835419e+00
-1.191393553675982098e+00 -2.566534149488925998e-01 5.405084889716019747e-01
-1.266827292996687504e+00 1.123275310792797299e-01 5.160040072433870195e-01
-1.232486204164451538e+00 -1.261616440239786474e+00 1.408274283768439217e+00
-1.073342692438985946e+00 3.024401315911320332e-01 1.662166788441335752e-01
-6.320540436778261384e-01 1.477879404262625318e-01 1.090161644038290634e+00
-5.661881061105170643e-01 -1.420753931268522230e+00 1.281306667479711558e+00
-5.276481084865747295e-01 1.171971862658902630e-01 3.092541928245756688e-01
-1.115674970945304878e+00 4.874847292543103006e-01 3.871469209462200523e-01
-9.319432176560129566e-01 -1.252100176564342249e+00 1.551205084507617071e+00
-7.395562345837837226e-01 1.592340452057203759e-01 1.203320149678812623e+00
-6.701215694175390869e-01 4.192177081462229449e-01 1.087868077595743443e+00
-5.550453929689003196e-01 -1.200582377603544249e+00 1.618617972231314095e+00
-9.004496183732786374e-01 -5.780771690803752083e-01 6.562078013030849810e-01
-1.087740785510858066e+00 4.820241710449044703e-01 9.668190718729418043e-01
-6.689179936161223639e-01 -5.429182275527402179e-01 1.862203563567716103e+00
-9.043776766840228021e-01 -1.670814929323234388e-01 1.089779159834598055e+00
-6.758113535814354034e-01 -5.265363887142882060e-01 1.978386050406617080e+00
-8.569119648323156868e-01 -9.922997871227365874e-01 8.256773937291197463e-01
-9.241348069351628114e-01 -7.659648345403220482e-01 5.804471734154836859e-01
-5.362712646010177053e-01 -1.475323605636136293e+00 1.121450019890545935e+00
-5.991801210657110577e-01 2.063523925634904721e-01 8.550643281125661632e-01
-1.050175235283755670e+00 -1.190203581872264715e+00 9.041216659793597232e-01
-1.048093673264482772e+00 -5.850866734355737453e-01 1.556239078301701273e+00
-7.664148098703595924e-01 -9.604024821132783885e-01 1.343515712345535018e+00
-8.197295665907839979e-01 3.990243103466029062e-01 4.456137045073119696e-01
-6.525111770346193607e-01 -4.099278258975000977e-01 7.095950838082567547e-01
-8.294237100729864309e-01 -4.042295616749933540e-01 1.840217218694273349e+00
-8.345165777827348030e-01 -8.093583392346566097e-01 1.779940483565417342e+00
-9.595490393807835083e-01 2.013707753427111946e-01 8.356296252007725522e-01
-5.440305987056439641e-01 -5.455653729600706825e-02 6.093911161496303741e-01
-9.922086098958893263e-01 -9.447634745228834507e-01 1.503959501297959855e+00
-7.732146975301406044e-01 8.559007801925311298e-02 1.786212873021652658e+00
-8.504359864403649993e-01 -1.199902725545955784e+00 1.567995798094210524e+00
-9.666320195590401010e-01 3.588489742720264442e-01 7.403053773734917797e-01
-7.489377667532464145e-01 -9.842800141988212737e-01 9.133767163611586914e-01
-6.826710172609771199e-01 -1.228355389524456553e+00 7.498620347213486026e-01
-9.245637896031944081e-01 1.477698647970204782e-01 1.710128771968836503e+00
-1.019150629286495802e+00 -6.567831677779545352e-02 1.835993689267867213e+00
-9.715764550257476317e-01 2.587188022817950017e-01 -4.688640390899511540e-02
-1.064344695991322753e+00 2.024248624352176229e-02 1.563977325764608073e-01
-1.023528623145350425e+00 -3.731475641566994739e-02 1.694630123921541553e+00
-6.484224113799055278e-01 -5.928085558760256557e-01 5.966491294837775738e-01
-1.199597334706284268e+00 -2.743350666033474994e-01 1.293798047354487002e+00
-1.258184987571879132e+00 -7.908836394088483157e-01 1.542211461764311453e+00
-7.773901563231829792e-01 -2.834846349288944189e-01 2.210255656177790573e-01
-7.193136319957370572e-01 -7.573166903727104327e-01 9.352720408322307000e-01
-1.097449380923426920e+00 -1.456348302069499612e+00 1.346924969293566088e+00
-5.523221233858842671e-01 -5.077744936540069531e-01 1.949156549530500993e+00
-8.452799598908375955e-01 1.438873560075122349e-01 5.724207419357526527e-01
-8.187271880947672997e-01 -1.176872187094786470e+00 6.144901440210317478e-01
-7.222763261929902034e-01 2.859417378260435960e-01 1.604309383700351477e+00
-5.036688512514271299e-01 -1.452051415691554048e+00 5.780521491710427506e-01
-9.315230238583018796e-01 -7.455385327592953804e-01 1.416857044306005120e+00
-5.908497954442512023e-01 -5.439244971096863779e-01 1.514209820173993082e+00
-6.668096698995957805e-01 -9.912439032122168925e-01 1.024496324945302517e+00
-5.672559483797990909e-01 2.346469088229059530e-01 1.895872324537530573e-01
-1.105135690523207703e+00 -1.673493955725136040e-02 1.244062085529587192e+00
-8.114290278066491613e-01 -4.423216860134924211e-01 5.319055786649528050e-01
-7.269838133327793939e-01 -3.548511867714734258e-01 1.623662746859221517e+00
-1.084319093370679887e+00 -1.063224175281375361e+00 1.800689413685184093e+00
-1.295364408206356677e+00 5.937328025039856350e-02 1.652340693037436248e+00
-1.067084859222849236e+00 2.235796581911908554e-02 3.748381973969789893e-01
-9.331381672387522030e-01 -1.382412353928574866e-01 1.059282667828298941e+00
-1.010892426023025203e+00 2.263566837773527407e-01 1.743386392563081921e+00
-1.137928480075240056e+00 -5.740802583602895304e-01 5.052483697175711441e-01
-5.717832186735192224e-01 -6.984379107400089381e-01 1.200821368586707960e+00
-5.750191191107568711e-01 -4.540555409672548670e-01 4.784020276833443885e-01
-9.021891468287881466e-01 -1.435367227327638107e+00 1.397754691245401970e+00
-1.081595940654326515e+00 3.923808110936619631e-01 4.028595549567657308e-01
-7.452319144884137492e-01 -1.336980982681823527e-01 1.721979134974889414e+00
-1.103522904924101322e+00 -8.868896212939350043e-01 5.548105553702338266e-01
-1.065496540763305910e+00 -3.254307665788269688e-03 1.237701745425344724e+00
-6.531921110857927815e-01 -7.456127810853052651e-02 1.008321931733123344e+00
-7.895783039792648728e-01 -8.504865358680770981e-01 4.372755723331849254e-01
-9.328938556036625585e-01 -4.328472397468690058e-01 8.067274772000712080e-01
-7.953719357388585598e-01 -1.065827115682969284e+00 6.163741718383779489e-01
-5.976007354375167946e-01 -1.338422475975753478e+00 1.880658701222424956e+00
-1.121340025817481267e+00 -1.164626809614468517e+00 1.880285044109144543e+00
-7.415871842230747912e-01 -5.313520389707064862e-01 1.836609704563761269e+00
-7.985461059127705319e-01 -5.969516215833847728e-01 9.923669858431644064e-01
-1.205060070653054316e+00 -1.025133805589857117e+00 1.500751336749190479e+00
-6.234774949305146308e-01 -6.461021384919174437e-02 1.424589574228988520e-01
-5.115253637859032976e-01 -8.977810521059477189e-01 1.107992784474991943e+00
-6.376668310977311460e-01 -5.848791188346091907e-02 7.898521851664785931e-02
-5.901042564838221427e-01 -1.127007249146245282e+00 8.759146286662787828e-01
-1.202605420787841162e+00 -1.493820178694553524e+00 1.496720673675126401e+00
-1.290565315404156310e+00 -1.798249258088659985e-01 7.620774819924616139e-01
-1.032664517936123794e+00 2.516236888424090434e-01 1.967517870056776808e+00
-1.170501084420583426e+00 -6.444919695157429462e-01 1.779682026350835500e+00
-7.981688689687596039e-01 -1.485062623507368507e+00 7.813269468638515125e-01
-1.206550908868323724e+00 -1.108774455245493451e+00 1.840663481689520653e+00
-9.007851456402186097e-01 -1.373218623332035149e+00 1.494003016377087212e+00
-7.299646073967769322e-01 -7.182631924815843227e-01 1.849280810115212059e+00
-5.434696322797714085e-01 2.371624972811696708e-01 1.437979624755457486e+00
-6.055520798020836981e-01 -1.435790070695508236e+00 6.641006912878825164e-01
-8.694511759701897269e-01 -1.447697101384592955e-01 1.741170158286200031e+00
-8.210451200415289641e-01 -2.844537550155978867e-01 1.996952127057590509e+00
-9.285510354844268566e-01 3.942964852777999241e-01 -8.958901110713551885e-02
-7.145243031698766956e-01 1.766741529312685355e-01 8.501718592799656360e-01
-1.157336205979664578e+00 -6.734847764863947095e-01 1.974627194968773036e+00
-5.298780516855596812e-01 -1.497751098080056353e+00 1.466372418458856464e+00
-7.011758795124612975e-01 -5.948308648219695627e-01 4.229390932546882587e-01
-9.094298239774780690e-01 -1.168368304533423885e+00 1.755248143721281684e+00
-5.998717837258034091e-01 -1.432534918832262916e+00 1.173300267345828374e+00
-9.292756797546688485e-01 -6.680203161881204110e-02 1.527376771479889150e+00
-6.406208564732327471e-01 -1.239738649884583044e-01 1.328640784715275913e+00
-7.772466426062958345e-01 -8.130901646629533630e-01 4.580664195666439564e-01
-1.007887764948071752e+00 -1.375199276437819584e+00 1.304920712676260974e+00
-1.214413822854548020e+00 4.371948458015277872e-01 1.207735132853102300e+00
-9.656752648056043942e-01 -7.070316676101753295e-01 1.278969725966839999e+00
-1.188955032904036146e+00 -1.165110792210295454e-01 1.640659399937067553e+00
-9.785088371907511018e-01 -7.654498662635236261e-01 1.483464250392371175e+00
-6.155741862041360646e-01 -6.904260617742128403e-01 1.848590333035960098e+00
-1.007266826124380898e+00 2.065147133012437131e-01 7.140004476259989574e-02
-6.138975955393798367e-01 4.781435073362310106e-01 7.303579143604405077e-01
-9.168724132621441925e-01 -1.399350774196989278e+00 1.314168987953040268e+00
-8.119950282552916843e-01 -2.091329248692235243e-01 1.445017197658734265e+00
-8.877002251680909950e-01 -4.820726234774430630e-02 2.875855940196404559e-01
-1.271348647792960085e+00 -9.881487026342408164e-01 1.147255003559598308e+00
-8.420845826762697328e-01 -6.372740822394467042e-01 1.485925483278200065e+00
-9.810616256753454945e-01 -4.929652370397412664e-01 1.357622850592985264e+00
-1.183274898683295051e+00 -4.770701125216836314e-01 1.984966921290841846e+00
-5.311076021971106176e-01 -1.816766072107087737e-01 -8.339715369860825622e-02
-7.202007074775702566e-01 -2.055960581870270865e-01 3.620866404713315445e-01
-1.044130568963695049e+00 -4.744205431509187498e-01 5.961593244737948272e-01
-1.100339298612809547e+00 -3.140769961560889723e-01 1.692256571810869303e+00
-1.249238104559845075e+00 -4.952974045142488624e-01 1.576921447113125874e+00
-1.296040757107956187e+00 -1.270294428290881239e-01 1.639728613968216342e+00
-1.048469143386854041e+00 -1.231343484188164750e+00 1.953945000426074330e+00
-9.525336555862680132e-01 -4.083840724323728466e-01 1.233853727292961056e+00
-9.175815524434309811e-01 -7.068923081613265325e-02 1.626121725851111366e+00
-5.893092050048488462e-01 -1.248311040582938292e+00 1.413529678620557561e+00
-1.053053114970073256e+00 2.010616240356266626e-01 5.470329589533617920e-01
-1.116882854347259979e+00 4.398289428949175850e-01 8.113771209617758329e-01
-8.310658744570156298e-01 -4.661812597962196048e-01 4.399105194441200739e-01
-8.376538326302803705e-01 -3.626978789362815814e-01 7.694113810902647455e-01
-1.000038419911877252e+00 1.082440406162330504e-01 4.780644266510145624e-01
-1.191440287026279465e+00 -3.386535687309193410e-01 1.185828865339701332e+00
-5.838857992793147211e-01 -5.353767751921030271e-01 1.844134611576999649e+00
-1.197110042140445696e+00 -9.690533887277963387e-01 1.406799078166480310e+00
-1.244631102667348888e+00 -3.346750127736863867e-02 1.188139411349248276e+00
-5.068363525353627441e-01 2.175823169517039357e-01 1.209438844669177560e-01
-1.296058637256957580e+00 4.987849346942414552e-01 1.490153861885210596e+00
-8.883510532239584645e-01 -4.263367877870785083e-01 2.926517986927534842e-01
-1.237499010541660782e+00 -1.558600088989730015e-01 7.537799818039752076e-01
-1.236960207680742885e+00 -8.252378291028941160e-01 1.973193723157421697e+00
-1.016917402296547923e+00 -1.449163648578681851e-01 1.940254707065847128e+00
-8.492667669256519503e-01 -1.180950086187577686e+00 1.989369845112546997e+00
-5.401219682193328930e-01 -7.312654021640885293e-01 1.346183337461890561e+00
-1.212462696887488756e+00 4.018208559365992194e-01 1.902609902007637910e+00
-7.178545226602264240e-01 -2.153506439944867790e-01 3.852973790480898608e-02
-1.244071101915440458e+00 4.582540199128664060e-01 8.813142980511265989e-01
-6.640435901693596543e-01 -1.405562380638810005e+00 1.589493136854041255e+00
-6.352632221172288540e-01 -1.201514859089902298e+00 8.207250323597637953e-01
-6.815368540095576577e-01 4.694565980869103150e-01 8.714712891488330948e-01
-1.209653808712269907e+00 -8.641506081354997093e-01 1.507080794279060720e+00
-1.263162923286309081e+00 -2.342947076151398189e-01 9.998429557572380277e-01
-9.969771230845412280e-01 -9.116349363859503896e-01 1.004844702822737412e+00
-9.105258400913232020e-01 -7.438866263897834230e-01 8.589362306278339743e-01
-9.044373659500266616e-01 -3.648616244576263767e-02 1.136844851929493583e+00
-6.550721014838211120e-01 4.717353066395673089e-01 5.888918881374800574e-01
-8.336105886076488058e-01 1.262143084545672700e-01 8.982426653935176031e-01
-1.287562713409796888e+00 -8.976417513131931258e-01 5.960140439438130766e-01
-1.241566465808623176e+00 -1.226691402088058158e+00 8.569724790672006431e-01
-1.192210274272163639e+00 -1.407437411425072504e+00 1.642146819752976272e+00
-6.426425626962053439e-01 2.714135911496315945e-01 6.106989762585767201e-01
-9.939950893341049643e-01 -1.434807701236998856e+00 1.107788194957969985e+00
-9.731855984710910956e-01 -5.325066013370127749e-03 1.559954946422126509e+00
-9.763197331311652682e-01 -8.404866525278951173e-01 6.022076530367250768e-01
-1.270124941666630702e+00 -6.508555757649387985e-01 1.223210422643416839e+00
-1.014463862706887376e+00 2.617181789990152829e-01 1.798789581408785532e+00
-5.396774978930362066e-01 -1.902847290079399123e-01 1.796422775589019860e+00
-1.010319009237039767e+00 -1.202109129872387605e+00 9.514665806678316295e-01
-8.022896497722062925e-01 -1.168138996749450653e+00 1.583839042850987866e+00
-9.635965850383489961e-01 -5.004122476436725364e-01 3.575594901274293802e-01
-1.004838972306146383e+00 -9.141120830015749821e-01 1.507477900473365606e+00
-1.029600238722246930e+00 -1.030185331522074588e+00 1.622674152121269087e+00
-6.798770943989607130e-01 3.743633001597412857e-02 1.229619329765543334e+00
-5.451002727601179654e-01 3.459796924305647003e-01 8.677745783384566147e-02
-5.262675617929224448e-01 -1.210819137276978763e+00 1.930809695728527231e+00
-1.067100705670623206e+00 -1.346850438250440929e+00 1.566055274409307252e+00
-5.815612615184124756e-01 -2.533844426303866193e-02 1.731429495874905744e-01
-6.385918517309797648e-01 -5.358156416761801211e-01 1.695429360265535035e+00
-1.259049439420237393e+00 1.474004952618599429e-01 1.520439135532235975e+00
-1.160893093053608993e+00 -1.421991966204414481e-01 1.243964120732431455e+00
-1.260366684762780576e+00 -1.278750482097294805e+00 1.681316543178575484e+00
-1.245808635025561495e+00 -7.920565758280262436e-01 1.376784176055308340e+00
-7.726433146560838239e-01 -4.842260447124204781e-01 1.534926280130928689e+00
-8.125992474103391761e-01 3.881697332985336590e-01 1.573095914838109399e+00
-5.710597043369416426e-01 -1.551304895009639750e-01 1.119193444289700579e-01
-9.000202678294859648e-01 -8.611541425708031383e-01 1.966987768309644391e+00
-1.252068815388831746e+00 -5.300725802241201823e-01 8.176371044064748572e-01
-1.056155826989666480e+00 2.515797328591820037e-01 3.068929948025658216e-01
-1.166374687514329711e+00 -5.018491696366518262e-01 7.176411584900149743e-01
-7.962755916678800894e-01 -7.416697762147950179e-01 1.926835241045436575e+00
-5.788198591559841066e-01 -3.282686514970962754e-01 1.669443129425927097e+00
-6.742178241918089787e-01 1.260297128647609455e-01 1.776325825444380113e+00
-1.232192099770331728e+00 -1.415605171679512608e-02 8.342747509876625722e-01
-1.215899604994176153e+00 -2.190873839569256187e-01 1.304505832537393273e+00
-9.743454961247290935e-01 -8.729055383105739363e-01 1.159583391867944346e+00
-1.069861329408915651e+00 -1.448732346733596410e+00 1.266888328223632953e+00
-1.149601683374228633e+00 -2.533557658703147197e-01 1.853177023869392315e+00
-9.729576424052102102e-01 3.255444408420737901e-01 1.422745446838633132e+00
-7.587521033549466942e-01 -1.661221792420315424e-01 4.429669334381142187e-01
-8.732518681320526888e-01 3.779995375767839505e-01 2.181179874318209533e-01
-1.241977879777951488e+00 -4.165343745968137501e-01 5.162108809808422238e-01
-8.854134134513349519e-01 4.569925603220104104e-01 1.661048823664435403e+00
-1.107412452119080015e+00 -5.505476676607348185e-01 1.604291019386647976e+00
-8.342813109896669577e-01 -1.286655774050064149e+00 1.486983397645623484e+00
-1.199318340733347199e+00 -1.259577052854278456e+00 1.295034546310939616e+00
-5.998418957137716667e-01 2.269138852389256389e-01 1.812599786721945216e+00
-5.815059351656345354e-01 -1.485605840655572996e+00 1.505647657674794804e+00
-1.213178324413380471e+00 3.719302468147624996e-01 1.435916254550516635e+00
-1.178076936710478639e+00 -1.074409727776222123e-01 8.945457953343444180e-01
-7.772387162768525926e-01 5.996275320681787591e-02 1.841410512093024421e+00
-8.574145345451099631e-01 3.119335418868196541e-02 2.753152065148023464e-01
-8.497804091744187716e-01 -5.998875456133623274e-02 4.816525696989625294e-01
-1.243857943782890940e+00 -5.784832997428870360e-01 9.046777696543807368e-01
-8.812156775956982990e-01 -3.132214600602207799e-01 1.225391699157871495e+00
-5.768430783058330347e-01 -6.178412499466734431e-01 4.531435223652899857e-01
-1.142653108337532197e+00 -8.647764074943511403e-01 1.049240956581303674e+00
-1.189374586633131559e+00 -3.551427415591432712e-01 7.888315597337786089e-01
-5.189444420109162737e-01 -8.595118658020548530e-01 6.398258858250824854e-01
-5.709816420175004570e-01 -2.616524156707420445e-01 7.260936935434555428e-01
-8.879334986129485685e-01 -7.027960141894478152e-01 1.424695252591446470e+00
-1.004819425618084905e+00 -1.310065865169458998e+00 7.181264941076733743e-01
-8.227307928994451736e-01 -9.273035265504845359e-01 5.094970529496272160e-01
-9.733260429096115551e-01 2.725692893282183338e-01 1.809019451828961067e+00
-1.100636284341803606e+00 3.849423837293031170e-03 1.451427574941968057e+00
-8.156693476540692878e-01 8.835238217183927212e-02 1.283345137795080859e+00
-8.499242740727954715e-01 -1.250337599842191727e+00 1.119647974086610320e+00
-9.639713259930127176e-01 -1.054016118934140156e+00 1.958351496059695052e+00
-1.124657086485458812e+00 -1.828789615877992603e-01 1.078351354004466689e+00
-1.201127011155526336e+00 -8.538710090857226653e-01 8.138176952408849862e-01
-6.776583368360713511e-01 -6.386639325209126916e-01 3.443089876376516090e-01
-5.229313082896893672e-01 2.190065243888459356e-01 3.108278570658972173e-01
-7.604636103235770106e-01 9.833145778082275079e-02 1.981770596416982944e+00
-6.101402681028261776e-01 -3.478026658567867635e-01 -7.831335431970468108e-03
-1.028714348316166927e+00 -1.441512504967811248e+00 1.976664714508268084e+00
-1.175353982395303420e+00 -8.839881763145989169e-01 1.359718054698410228e+00
-9.255165737644408530e-01 -1.093229462063634028e-01 1.480885724307862139e+00
-1.101332953770249201e+00 -1.087444830775420757e+00 1.404313020898675823e+00
-1.234007540701065109e+00 -1.065859164515221558e-01 1.530078954001071523e+00
-1.183649404589331988e+00 3.683692262919282534e-01 4.983906746048922809e-01
-7.038563271048102754e-01 3.040492839163875249e-01 1.340335454296884166e+00
-8.268675723517870946e-01 -1.076907161571969862e+00 1.702968869514829287e+00
-5.435899346019005263e-01 -5.216067565354058910e-01 4.235567171930327834e-01
-1.145564442949640993e+00 -7.068635629989792335e-01 7.489382602129435185e-01
-1.097222994544904129e+00 1.207610089540001042e-02 1.413869140347260522e+00
-8.607440017796417209e-01 -9.986098790318913565e-01 7.557546438672446687e-01
-1.015494157109865458e+00 -6.970498556531490308e-01 1.646160252913394295e+00
-1.228542277782617598e+00 -4.529062506217309547e-01 1.533466170997655809e+00
-7.485420529423628677e-01 -1.484094915574184492e+00 1.385080323085314591e+00
-1.137069407841001523e+00 4.339063181576781059e-01 1.931504729138382448e+00
-8.897665080187284747e-01 -1.503627481046390102e-01 7.307751581816217534e-01
-1.113334243988619798e+00 1.907951756531491849e-01 1.863749469794307334e+00
-8.529168493722347755e-01 -2.669130848102896358e-02 6.959634306000526127e-01
-6.762769989650906366e-01 -9.223092728935822215e-01 1.171348567053082768e+00
-1.049905205712539535e+00 1.502149764968172541e-01 1.297242311222074118e+00
-1.088218761451407612e+00 -9.074032190982179724e-01 9.631654954915832567e-01
-6.029142790607209257e-01 2.209033532977102698e-01 1.316661557330359167e-02
-7.380353653401944269e-01 -8.112446495443204064e-01 7.813157006680795380e-01
-7.605593716803987769e-01 -1.422560484068116748e+00 1.690742960307468845e+00
-8.992703012754290626e-01 -1.486890678790671050e+00 1.755697253512942480e+00
-5.788082728624497353e-01 -8.294411966959172045e-01 4.689268241329299647e-01
-1.296873341913824307e+00 1.417998050011262112e-01 1.582145170160313752e+00
-5.656357701181607966e-01 -1.051272849846703661e+00 1.290672686790372614e+00
-1.142079616094959338e+00 -4.419006786123591546e-01 7.197498415639481673e-01
-5.529321236503499382e-01 -2.070369352789798167e-01 3.435035912840651573e-01
-6.666724535679655617e-01 1.567237996502259811e-01 2.353690317498417783e-01
-1.178582988741387672e+00 -1.141361103891971984e+00 9.416656453167834284e-01
-7.543390644053123983e-01 -2.157097012671105318e-01 1.239599570630103509e+00
-7.363763306504651496e-01 -2.437734887889881907e-01 1.880071210737364273e+00
-7.233137383420736866e-01 -1.383903022080244183e+00 1.999282118081139537e+00
-1.271686657323300995e+00 4.659626234634437481e-01 1.716680233412987144e+00
-1.090841640177503624e+00 1.285947770318811578e-01 1.359694039355402451e+00
-8.555953462005249088e-01 3.011011350542074361e-01 3.743341789621841276e-01
-5.588468115473753661e-01 -1.071283280901980550e+00 6.406877294735355832e-01
-1.089778827077344081e+00 -1.036792077845855919e+00 1.025425547120165426e+00
-8.580854001673374754e-01 -8.161884921050535091e-01 8.026098710039972772e-01
-1.016488986525721616e+00 -4.344798328713972424e-02 1.663289600938891777e+00
-6.374340593454986825e-01 -8.314143474616555451e-01 4.249171675790031077e-01
-8.290322281590345455e-01 -1.071181449694698751e+00 1.496483768524502711e+00
-5.897332701889738127e-01 -2.964401135364655993e-01 5.689132284030702369e-01
-1.264491282049167831e+00 4.185451005448364015e-01 1.088798408373330195e+00
-1.174760229838857084e+00 4.310228221722796071e-01 1.004467508383811269e+00
-1.091172919700432731e+00 7.684836713910203621e-02 1.804754738660628854e+00
-7.281164278164803383e-01 -8.394530952787744305e-01 6.368766544638778671e-01
-5.999712765131250958e-01 1.175007019565190713e-01 1.196698675758551156e+00
-1.131674841841854962e+00 -1.133419396545756852e+00 8.830290725556884102e-01
-1.280955357279720763e+00 -1.438286759081648158e+00 1.966774897007340872e+00
-1.087248781970419742e+00 -4.772686109136348165e-01 1.632568876061258001e+00
-1.018873298274053152e+00 -8.522335375805172308e-01 1.442705664294230639e+00
-5.056589429128326429e-01 -2.105260293816746398e-01 1.089941421455985715e+00
-7.668540203002757183e-01 4.012354680757292957e-01 1.872424087517225721e-01
-1.110682898576071942e+00 -1.439872854321432971e+00 6.893013359922363081e-01
-1.117001302949223396e+00 -1.398559674372999329e+00 6.537653188317058550e-01
-1.170240776369237734e+00 1.362303299031220050e-02 5.869452385790276949e-01
-5.163035969409239812e-01 -3.554428685762984763e-01 8.204093993297326692e-01
-5.589999123230742217e-01 -2.161231724569774304e-01 2.081400276935898852e-01
-1.177026664728581196e+00 -1.390209131419398947e+00 1.840029291326251260e+00
-1.139392291572903115e+00 -1.202902348093377149e+00 1.056558953259328248e+00
-8.155016159900949635e-01 -9.537518354608094384e-01 1.404464637702391050e+00
-6.551612379105578032e-01 -1.501203309888399229e-01 1.929936211718380701e+00
-5.990258195538359365e-01 -8.936070150099753029e-01 8.694824966186925908e-01
-8.637509244193113389e-01 -9.886237969039743945e-01 9.496758834849668984e-01
-1.223459205630531343e+00 -4.459562619501202807e-01 1.431051047228457662e+00
-9.730969983692749903e-01 -1.593690844881381352e-01 1.022145026562815806e+00
-7.187274217740425852e-01 1.628747640424399457e-01 5.993654941701596073e-01
-1.163505350555518181e+00 -1.812738898939880716e-01 3.972528094379735863e-01
-7.074714346682248189e-01 -1.340072646881296237e-03 1.459549824945162610e+00
-7.498885697373208759e-01 -1.132690074518594603e+00 1.756108754906849256e+00
-1.033880315074171774e+00 -1.241281913622225286e-01 1.570948436059789843e+00
-8.129264546674825898e-01 -1.029948509971254644e+00 1.220556256047347743e+00
-5.919181137170868023e-01 -9.659468430889071033e-01 8.500012311650464447e-01
-9.562588326723383547e-01 -1.331003907039372214e+00 1.051291985767929482e+00
-5.892605450393165745e-01 2.292963422312324084e-01 1.437156511613759902e+00
-1.065646358325000875e+00 -4.000321474154633350e-03 1.962173154382183260e-01
-9.898810975255223354e-01 4.772091412429046997e-01 1.695999878855311838e-01
-1.086199160133503927e+00 -6.285869950753302238e-01 1.105770583525399031e+00
-9.426958018894451286e-01 -1.671317614737377610e-01 1.873569661207784121e+00
-8.729082699481351959e-01 4.039917080436830066e-01 1.439528452490194121e+00
-1.059431311253812735e+00 -6.735425369792560346e-01 1.751215049057227580e+00
-1.135628849580388344e+00 3.312967108876596622e-01 1.618885338882691594e+00
-6.732568122902422569e-01 4.352160053836495734e-01 9.875840467992044180e-01
-9.992800918168691648e-01 -5.473906161631501011e-01 1.942303424435715797e+00
-6.869313526986788876e-01 -5.038668347651051871e-01 1.194594139668189836e+00
-7.895486569347954786e-01 -7.690200580538106845e-01 1.482362864027277904e+00
-7.349309570806297209e-01 -3.838326988630276215e-01 2.200906267159127017e-01
-1.083318967134148991e+00 -1.225753586656458616e+00 1.738312495182853690e+00
-7.977503371736724969e-01 4.560734116757241274e-01 1.477853177954515429e+00
-6.603428699836452198e-01 -2.118177620641479297e-01 1.222459353398883952e-01
-1.216859697093669146e+00 1.822514997104791590e-01 9.525709393526325952e-01
-6.370727433837649611e-01 -1.096663937141118650e+00 7.636394625616914622e-01
-6.308949512142247862e-01 4.441069432381175019e-01 1.495935349361966704e+00
-9.837826486894840627e-01 -4.313428197013680077e-02 7.547883828927989258e-01
-7.216585901169907391e-01 4.786625553842309699e-01 1.471934254398473030e+00
-1.191238168723063984e+00 -1.281529408200381415e-01 1.755530372794794403e+00
-1.283633755269584453e+00 -9.705560985834049692e-01 9.036420511018367074e-01
-8.937392943843329718e-01 -1.234509888756302853e+00 1.197821029714051688e+00
-5.531688712955447063e-01 -5.505634764241453816e-01 1.644891839663101596e+00
-8.856366870120200296e-01 1.080632785182482625e-01 4.669771715410984125e-01
-1.141881639465958997e+00 -6.340399974551089723e-01 1.681860323438655547e+00
-1.288727882892104937e+00 -9.712687316724506470e-01 7.231227251799516864e-01
-6.684407875829141421e-01 4.989991158952287176e-01 -8.477827307121967026e-02
-6.499949059097742676e-01 2.113447945897335423e-01 1.130473441505604137e+00
-7.603482872800241266e-01 -9.507638050737756696e-01 1.852872228738030369e+00
-1.019526968124681909e+00 2.980974317315521205e-02 1.999132957597938631e+00
-5.919517122220527838e-01 -4.786387364994442173e-01 6.802535193651904066e-01
-9.510534174452837108e-01 2.132235258133381439e-01 9.132184032021911646e-01
-1.065062055190999502e+00 -4.620078995722243231e-01 4.379412157297387642e-01
-6.862549395312840250e-01 -5.133414508031115542e-01 1.544998101814820890e+00
-7.760624205162236500e-01 -8.084198136022962000e-01 1.177971083998461177e+00
-8.271787418441038930e-01 3.727521617417592914e-01 1.381883339889091733e+00
-1.029352270858787666e+00 -4.959488553172952674e-01 1.937040939129101691e+00
-1.035785813804203759e+00 -1.309824471541769286e+00 1.747894162602148027e+00
-1.018362824623983087e+00 6.366765699960486025e-02 1.886133869781319472e+00
-6.710801466665280435e-01 -5.248113928386117788e-01 8.028851809331970513e-01
-1.020400524392013786e+00 -8.702504082184840950e-01 1.615163327780102076e+00
-6.441923581590784931e-01 -1.476635576529999883e+00 1.162025488713834820e+00
-1.173496931172359092e+00 4.899596698207124845e-01 1.503167116464140474e+00
-7.745018440440905039e-01 -3.330011951421836258e-01 4.059967528152516048e-01
-5.181736703404697941e-01 -5.111147022760798020e-01 1.510329469846879213e+00
-8.261354596467573863e-01 -1.631475832531292802e-01 3.230362996217689409e-01
-5.221307039500849845e-01 3.680060453755598093e-01 1.486505197375897813e+00
-9.252527304550013376e-01 -7.662379226858577752e-01 1.814446424745464581e+00
-7.001478516941583852e-01 2.225765648126079022e-01 9.762055793019560612e-01
-1.022993978588247366e+00 -5.802937623713724236e-01 1.443946871526748943e+00
-9.312594229380721789e-01 -3.057009192411253018e-01 5.709296259831052600e-01
-9.505551279818165167e-01 3.332551818924223141e-04 1.118300708379361907e+00
-1.131753373335256718e+00 4.105150176881267043e-02 1.000910238197009861e+00
-6.313026334990349264e-01 -1.235377127430988375e+00 6.511347449052753422e-01
-6.493754530773104827e-01 1.658640566728182275e-01 1.211662253269296885e+00
-8.795524174642547210e-01 3.263496767661442366e-01 1.852674264256150671e+00
-6.278617378697116669e-01 -9.094435883282148136e-01 6.400584316110259353e-01
-1.186326009973229345e+00 -1.167970140836089854e-01 1.153510905245390461e+00
-1.101002568121101755e+00 1.748615220642260049e-01 3.433563517339282001e-01
-9.182238507603158739e-01 -7.869037663400457738e-01 4.844732755984956230e-01
-7.409190779485810285e-01 -3.773186099565164486e-01 1.676899860326975800e+00
-6.179671351732467510e-01 -2.776776257411546212e-01 1.417185286456918991e-01
-5.508148121695658483e-01 -4.712793792585638908e-01 1.310436448347936933e+00
-1.283765718439493941e+00 6.164704903040285622e-02 1.605690703226489102e+00
-8.387069101018267414e-01 -1.346870608853081741e+00 1.579839839597530826e+00
-5.165007701060508882e-01 -6.130796005375491742e-01 1.723894490677180258e+00
-6.747446405180922424e-01 -3.367049522213423352e-01 1.248086925339773279e+00
-1.056878085132673784e+00 1.757303311633251486e-01 9.736488225812199859e-01
-5.806404403243581314e-01 -1.035437990475084780e+00 1.495251655438919247e+00
-8.163599220541205570e-01 -6.057865009168628134e-01 1.276546668510595506e+00
-9.976544814848595788e-01 -6.075076592765471517e-02 3.430669305949120007e-01
-1.214193918549757001e+00 -1.678487241434218902e-01 1.958358586544820312e+00
-8.743079696412527912e-01 -6.766595991926687148e-01 1.667755525462719435e+00
-1.284048746958952991e+00 -7.364487479552723759e-01 1.589009552428313654e+00
-5.317594340837537015e-01 -2.877246914222069130e-01 1.514695339168554922e+00
-5.918424864840875488e-01 2.069306211513317617e-01 1.976161469663969772e+00
-1.067971379695538126e+00 -1.476422990369713695e+00 1.666382014052340210e+00
-9.701152965067096900e-01 3.144093743934830432e-01 1.376050073434930965e-01
-9.836540859901774514e-01 -7.182189281559869798e-01 7.016806272099066488e-01
-1.128546219972142328e+00 -8.112866315808564543e-02 1.929934567389350875e+00
-6.944239026557206262e-01 -1.013154268177421491e+00 1.520767293972273393e+00
-1.099573242221222324e+00 -1.224789522790018514e+00 1.427369347441219904e+00
-1.080273863273667478e+00 -1.282645471903548939e+00 1.003294770572035421e+00
-1.052006681668971932e+00 -9.568120798112065284e-01 8.917542145438499546e-01
-9.427910761972047027e-01 -1.074920242359833633e+00 1.817102630763517634e+00
-5.697291822699233066e-01 -1.289726373676938209e+00 1.897000721838651982e+00
-5.890829615322791257e-01 -1.360362249892308695e+00 1.501381249231404480e+00
-6.687569192647038196e-01 -1.203382656417289809e+00 1.352497922235788463e+00
-6.194259122573038123e-01 -6.419386335625034690e-01 5.416415023370158011e-01
-1.117235877986714643e+00 -1.027929149515687257e-01 9.641621318448744260e-01
-6.537249277343317733e-01 -5.803742449975461959e-01 2.717352375685792021e-01
-6.417043978198458953e-01 4.349666609942228757e-01 1.039120182805809200e+00
-1.249428407914661809e+00 -1.175152504002808129e+00 1.840783040160054673e+00
-1.125397003162961651e+00 1.498764855119696371e-01 1.890123990348596905e+00
-1.102870863801649781e+00 2.502855210460797064e-01 2.162934516316212530e-01
-1.183165391482744910e+00 4.365026044575033293e-01 1.462836572958383874e+00
-1.177141102441201514e+00 2.725529436413147710e-01 8.824145756768759785e-01
-6.464098873381157739e-01 3.523875496048927136e-01 3.500795394071077871e-01
-1.220173271392212877e+00 2.530888006959546299e-01 1.073632722363072833e+00
-8.777767204536472967e-01 3.335865045909973681e-01 1.283308358909000635e+00
-7.808161473532401198e-01 -1.439313624738941977e+00 1.285579862369461424e+00
-7.789098062213871687e-01 -3.474845299711071256e-02 7.453660521475332645e-01
-9.231358782209047042e-01 2.811347012692113623e-01 6.427710551667306094e-01
-6.884273381362301381e-01 1.529509519837879417e-02 9.728930578669524598e-01
-1.185545110864613116e+00 -1.413666613532384986e-01 1.333109828466458868e+00
-1.255401612055966565e+00 -5.921641668398232028e-01 7.718991880411840700e-01
-1.111401414240423602e+00 -4.846497254794015497e-01 5.857923028396337939e-01
-9.722522632867592884e-01 -1.110054097292426656e+00 8.235556206044749583e-01
-7.288019078407997897e-01 -7.961033339054679470e-01 5.208226320390975106e-01
-7.389221174092973632e-01 -1.348279310386425900e+00 1.000992984581663858e+00
-7.824571314777487574e-01 -4.680418606631169265e-01 4.659227530583202048e-01
-7.799848819003999401e-01 -2.174034948807395118e-01 1.923623031514605231e+00
-7.509475929198115018e-01 -2.839066626283415218e-01 1.993419942573801118e-01
-9.093852850018216971e-01 -8.252093662351298597e-01 6.019432610673645101e-01
-1.204057749224702212e+00 -6.216400955412506590e-01 1.195576545444344552e+00
-1.069336858063516749e+00 -1.168012760225493496e+00 1.945646983018241460e+00
-7.889962550024626209e-01 -7.514725497817442701e-02 1.252209631787817301e+00
-7.466959226842488917e-01 2.813185029318863162e-01 1.165602195501739713e+00
-6.440564757599347434e-01 -1.005128142210811593e+00 1.593085265090397273e+00
-7.899746000310695626e-01 -1.251878415666480171e+00 1.100133624359603379e+00
-5.987950899151149864e-01 -1.387562684582115402e-01 9.473040725937239559e-01
-7.270510245129032656e-01 -8.134406274234822209e-01 1.330598219741625732e+00
-7.637138708210921001e-01 -6.095746368457355402e-01 3.493003272567168915e-01
-7.802272806494231494e-01 -1.205143390403863313e+00 1.897278181537954911e+00
-1.039327817831190437e+00 -9.147626599932465741e-01 1.540425372438422924e+00
-1.093077576162603703e+00 -3.752823303744510230e-01 7.020982132926512076e-01
-5.115990374617843672e-01 -1.171653094272538054e+00 5.950914485085708749e-01
-1.220166078799099774e+00 -2.767488807567275444e-03 1.206254805563394150e+00
-1.143336508240966332e+00 -5.403799162246121224e-01 1.347626313145717125e+00
-8.223132779565447414e-01 -7.019175464698332867e-01 1.090352288076753995e+00
-8.728446828833862359e-01 3.939649686382116212e-01 1.579260251876275056e+00
-5.622431038806705583e-01 5.644997119742423131e-02 1.549129738948242796e+00
-1.230654731706486205e+00 -1.231532045997417280e+00 1.419648991081300826e+00
-7.920832048196766451e-01 -1.188120647652231909e+00 1.072760137112724887e+00
-1.047075220209746416e+00 -5.458919289261559005e-01 1.950216463421438284e+00
-1.171442114256547429e+00 -6.260074463473646045e-01 8.196228477052962536e-01
-1.202507052988623037e+00 -8.331644615768392104e-01 1.542086068830703871e+00
-1.260236226382466018e+00 -5.036642126348338522e-01 1.499209085617456694e+00
-9.929527785369263171e-01 1.989683836287285956e-01 1.000691841539662841e+00
-7.033771717040341320e-01 3.304413179193854688e-02 9.298166886288495858e-01
-5.110975869922445014e-01 -9.985809813302237714e-02 8.858408146839265029e-01
-1.238090813500595244e+00 -6.123911203457503838e-01 1.680487462159669043e+00
-5.922115079442019647e-01 3.689418999374334263e-01 1.882358976797553707e+00
-1.144773558054299478e+00 3.292356558486946305e-01 1.630595270127427554e+00
-1.123231457591138849e+00 -3.506368831725366064e-01 8.266037717017663544e-01
-1.061089553850860234e+00 -6.422031034179767062e-01 7.948186958551134440e-01
-8.060741279919210189e-01 -6.083526341908693791e-01 1.239375682032264780e+00
-1.175178035528387399e+00 4.542246314973290566e-01 1.197674717178084602e+00
-6.601357700923898841e-01 -1.308103234088522804e+00 1.069227085868299065e+00
-7.811252523012659488e-01 3.415455708378183353e-01 1.071953352645121094e-01
-5.528168657173991862e-01 -5.515679908831432332e-01 1.725350768743274754e+00
-5.634133997164549879e-01 1.130461800730697686e-01 1.443975141094774317e+00
-8.215863943117348578e-01 -4.874040485933643918e-01 1.427842422336785599e+00
-9.793307973840770231e-01 -9.428534456364221494e-01 9.691138388170855711e-01
-5.276858193910192174e-01 2.544734152157488438e-01 1.964111279865129234e+00
-1.298374846989717613e+00 3.194269655372772299e-02 1.933428789751342691e+00
-1.211263347261891443e+00 -3.389849049343134357e-01 7.005650654420668699e-01
-1.069419498299612581e+00 -1.909716123186129266e-01 5.674642185049874055e-01
-1.018459092397775656e+00 -1.067622512269667201e+00 1.832527831725417444e+00
-1.087447635374671817e+00 -1.085647912644439383e+00 7.620017094314213146e-01
-9.441692080085339889e-01 -7.447464049361380845e-01 1.917092585791128734e+00
-6.837882797559921011e-01 -1.258212764331710920e+00 6.918047968196027186e-01
-9.093309825005576608e-01 2.441644080776184111e-02 7.476068081153636191e-01
-1.151569034746168896e+00 -6.530238749071934912e-01 1.661651318126847965e+00
-8.286122043378025825e-01 -1.242270847915583287e+00 7.331867852784956785e-01
-5.704593614691694237e-01 -7.772062024800405755e-01 1.120335006927895449e+00
-9.533744145759883715e-01 -6.760132436118726496e-02 2.520595954752654633e-01
-8.158799511124601445e-01 -1.402928418831854041e+00 1.953699255230253229e+00
-7.837798043625833211e-01 -6.018515441956995282e-02 5.936828186291379650e-01
-9.673180332234450063e-01 -9.384395189758396594e-01 1.031809682146800133e+00
-1.195510186058770241e+00 -4.838187110475571373e-01 1.498673297351603928e+00
-9.214760994621686852e-01 -1.259899614730270789e+00 1.507137721154573784e+00
-1.258866914241923318e+00 -1.166879894504807558e+00 1.847613119280640870e+00
-9.749902159164789417e-01 -1.041026100701586188e+00 1.698658828761291595e+00
-1.288603566872536854e+00 3.485324541879659677e-01 1.642441775027041251e+00
-9.179385799233981125e-01 2.244916900163029805e-01 3.428723659900946297e-01
-7.128667907706605078e-01 -6.466364777804827213e-01 1.818022219997580180e+00
-7.256540603696230995e-01 2.895984126867587882e-01 5.684532851683673504e-01
-6.978890547862495186e-01 -9.124799784865609276e-01 1.472309340050393711e+00
-1.164847701825640902e+00 -1.126898236013477828e+00 1.867409579016515941e+00
-1.239276181832252188e+00 3.648931471651446490e-01 1.128806730104559231e+00
-8.043047996492292961e-01 -3.268628587306785516e-01 1.596773537762308237e+00
-7.179750488571711164e-01 1.964738434281099178e-01 3.535681273532254032e-01
-8.022493377615331767e-01 -3.684720337174920424e-01 9.069169763389256511e-01
-1.204521778515473596e+00 -1.078023506209277782e+00 8.771098655251234888e-01
-6.334937620749423459e-01 -2.867758091975440848e-01 7.062300222199849875e-01
-6.012838239681232988e-01 -1.001265373681233584e+00 1.457435266256880357e+00
-6.812743028446279769e-01 2.506195123753496290e-03 1.719993033036454622e-01
-5.635121555839912588e-01 -6.112305655841385743e-01 1.394958658026648646e+00
-6.304488622395261199e-01 -1.975041552023395486e-01 4.454539710452264378e-01
-7.773711399295820668e-01 -2.048022415854315881e-01 1.255149059245328935e+00
-1.077781067953167193e+00 -1.388582994124180070e+00 1.865237367549757552e+00
-1.268827506255923332e+00 -4.782556437781770864e-01 6.040281081770161320e-01
-1.237891163870516120e+00 1.670256205226394730e-01 7.092654962507839445e-01
-8.270147687225906097e-01 -7.380733396056746720e-01 8.059387756571886330e-01
-1.135557274814885664e+00 2.938652693864909349e-01 1.278676790512824901e+00
-1.229847159165741388e+00 -6.293104751419866805e-01 1.160091799672673840e+00
-6.711038824603261510e-01 -2.634944319461891560e-01 6.566674675627687252e-02
-9.439694431235428063e-01 -1.295024714573981717e+00 8.525268671677588284e-01
-8.105819258067965549e-01 -9.026926972093818335e-02 1.788324564929550053e+00
-5.336307241972050308e-01 -7.364200374982083908e-01 1.599237426354338298e+00
-6.473055542890667757e-01 3.157805270519116192e-01 1.058343541241289376e+00
-6.996535096478054827e-01 -3.713875246765963034e-02 6.239556304365655448e-01
-6.459340265999460318e-01 -1.178365110200436883e+00 1.163847431183518744e+00
-1.037520195577470883e+00 -8.718322371912032853e-01 1.141831650390468633e+00
-1.117988665611561183e+00 -1.223490722783777906e+00 7.786385932162107615e-01
-1.101245454018316305e+00 -1.245266378409169095e+00 1.938206978926470647e+00
-9.755685379774423627e-01 -1.473433798425785701e+00 1.765238372446656712e+00
-1.133374564423851982e+00 4.471566967334563714e-01 1.628011738645263717e+00
-1.157798197569107623e+00 -3.961820582721906625e-01 7.392308189695973031e-01
-7.581277912667697683e-01 3.491781334393890823e-01 5.066259333130469500e-01
-9.259937254211397795e-01 -7.468126033907860339e-01 5.101747812602093202e-01
-1.160830344777647127e+00 2.862870610146657224e-01 1.239683666082985303e+00
-1.181559022909705936e+00 -8.070143437990353608e-01 1.913054352068041197e+00
-1.187479824450620391e+00 -8.435653468576869152e-01 1.935358609699745269e+00
-5.717082027656588128e-01 -1.188497157102258894e+00 6.068057525918860717e-01
-9.054835538754524293e-01 -3.159487276034167458e-01 2.084791270347944592e-01
-6.140514770768495945e-01 -3.951209830147961455e-03 -9.935353155402962266e-02
-7.400294538113915133e-01 -1.335912394774581013e-01 3.729550027723254058e-01
-6.581277010205468514e-01 3.369855324520489859e-01 1.709900201677154064e+00
-5.689440477072974511e-01 -1.211028445241596918e+00 5.997893854116875811e-01
-9.463310568308993531e-01 -1.656458394597160044e-01 1.688642501183225120e+00
-1.152046102909524583e+00 -1.398804167227861717e+00 1.255418070753968829e+00
-9.324401462144589203e-01 3.711002317125791095e-01 8.828583659515381044e-01
-1.051211775334997212e+00 2.043225781036217548e-01 1.981357185357213613e+00
-1.297063010801307925e+00 -1.088852259724352178e+00 1.476955872810279846e+00
-1.138557907708921846e+00 4.800707072371970252e-01 1.055390753078202293e+00
-5.802184735228614887e-01 3.105981191861635349e-01 9.100825339644630363e-01
-1.160746666853674114e+00 -7.699214147593114177e-01 5.935780384271139853e-01
-9.987179900008522626e-01 -1.898729749969432223e-01 5.532673339454408090e-01
-8.217663313257406177e-01 -7.688013716393782282e-01 1.837519884801040559e+00
-1.199489521814631754e+00 -8.286059268727272720e-01 1.498418467221736439e+00
-1.080331635209208940e+00 -5.057342621876543820e-01 9.647784836806142517e-01
-1.255530259622214873e+00 4.045488429555168519e-01 1.543434338395411665e+00
-9.791243431688856358e-01 -3.932043587083531300e-01 3.471570323124381074e-01
-6.099342474481010967e-01 -6.098149815527937889e-01 5.308547577611683055e-01
-1.060925783145086676e+00 3.961313259431600287e-01 8.854841599476149794e-01
-9.362966021964040930e-01 -7.506699381665873361e-01 9.939850669893844914e-01
-7.285970094720010115e-01 -1.005491050908702277e-01 2.528226604991026250e-01
-6.074627849590532591e-01 2.333894077247025134e-01 5.128978474356556960e-01
-5.332272863519518236e-01 -4.519879004918170295e-01 6.813842271552461582e-01
-9.247641832645780990e-01 4.060894413031634897e-01 3.762833750741110261e-01
-1.115917960050275992e+00 4.527189980795915947e-01 3.950318639154692946e-01
-6.946559615169962676e-01 -1.303322036019991526e-01 3.796976975682624378e-01
-7.567082492247815262e-01 4.679312734966387666e-01 1.926481211495131962e+00
-9.011959372355067277e-01 -3.652272969148540049e-02 4.575210903254783856e-02
-9.618559921688524250e-01 -2.579145662156094865e-01 1.618379620292686116e+00
-6.957264771464000130e-01 -6.161728024652171065e-01 9.468354789592564602e-01
-6.342521493494823748e-01 -5.982086682777050246e-01 3.735791066729416965e-01
-7.493626227449773358e-01 -1.308620287395945159e+00 7.602027572781772102e-01
-1.177639546141333371e+00 -8.087572855512035197e-01 1.567525735205640647e+00
-8.484974953289516897e-01 -1.454354570766453136e+00 1.285740053332905530e+00
-1.098866885127550486e+00 -1.476754468558134414e+00 1.694573361160434777e+00
-5.904353807358706518e-01 -3.903430914334535817e-01 1.590397446494448364e+00
-1.173073562695005956e+00 -3.658721433652831756e-01 4.483999057731455906e-01
-8.579890604485436167e-01 3.625554392033569773e-01 -9.302920594795704989e-02
-9.705484435622677708e-01 -6.373259929777344013e-01 9.939947682984121569e-01
-1.235968564471862763e+00 -8.482660396118564261e-01 1.149797001296477106e+00
-6.474699648492215909e-01 -1.151667746648006752e+00 8.228028737501114076e-01
-9.939628851360603479e-01 -5.998147715957788950e-01 4.871989461493116957e-01
-8.628753202785051091e-01 3.049284658962760908e-01 5.669923991082217452e-01
-9.986365644536696617e-01 -1.729952591422616592e-01 5.793555632474471917e-01
-8.078540634365580786e-01 3.703132214215667517e-01 4.040590522706307697e-01
-6.403116091630178808e-01 -1.977864014674766135e-01 7.753463104232286573e-01
-8.274994955974908084e-01 -6.390816847346081353e-01 4.982392344796124917e-01
-1.178550547369816792e+00 2.533512766909318259e-01 1.656800892543472292e+00
-8.781231403001213964e-01 -4.501973315169873757e-01 5.751358349549151594e-01
-9.332350947867472657e-01 7.017460661106866837e-02 1.785967229283072388e+00
-5.487370470659633792e-01 -1.167536734539504906e+00 1.001269008712649899e+00
-1.242329726102587628e+00 -1.520721318592896942e-01 1.112057430457952023e+00
-8.346250841748666938e-01 -9.953137838936001458e-01 7.879268411974190700e-01
-1.157991138680058985e+00 -4.024021940854314305e-01 9.536313183420320749e-01
-9.067644799590990345e-01 -1.104759586051750064e+00 1.634101431965176321e+00
-9.538514542537048779e-01 -1.705064262738824610e-01 8.053513528364730778e-01
-1.242562409210362206e+00 -1.255468921920520176e+00 1.217077280486736912e+00
-1.051773955691837514e+00 -5.371752233710846980e-01 1.285315641889178018e+00
-9.094586446559798087e-01 -5.785219810993944556e-01 1.706817474652990052e+00
-8.760670164191095566e-01 4.325961523293198052e-01 1.178898167391551954e+00
-5.542563907249917765e-01 -7.031884515821393844e-01 7.773230287965180452e-01
-5.105368297207224515e-01 3.816408596445233226e-01 4.506719552931982564e-01
-1.078208007756777054e+00 4.211945477344061217e-01 1.888407506471010688e-01
-9.763127904442687743e-01 -3.969047629347539630e-01 1.467407860382645701e+00
-7.350716280027986826e-01 -7.201123318460069811e-01 9.156780914756431633e-01
-7.020357868702612469e-01 3.138971059616144643e-01 1.604033679891595510e+00
-1.278155400154697308e+00 1.983252479996502338e-01 5.201200910875583006e-01
-1.175281799832279761e+00 -2.678076748636419868e-01 9.506213121914465214e-01
-5.204230902486275401e-01 2.067836159797378226e-01 8.450772509693752488e-01
-9.053672648967540093e-01 1.695988667984349441e-02 9.164256998001282239e-01
-1.102745875409283149e+00 4.688233138099782149e-01 1.689702570809143767e+00
-1.155647123913711605e+00 -1.039591445714611151e+00 6.896489577530844350e-01
-5.745209555742666341e-01 -7.697707461712923749e-01 7.102484020861039582e-01
-7.490419914575227045e-01 1.480119714280951904e-01 7.080990097946896489e-01
-8.906773889856816062e-01 -1.479743161955865194e+00 1.862790552830773327e+00
-1.218170137915852935e+00 -1.321719328695162066e+00 1.544098311713473226e+00
-1.247976031636050864e+00 -1.188086589806901516e+00 1.664626773306601137e+00
-7.644360178888525148e-01 2.803236058690654620e-01 6.844588164376369521e-01
-8.139033539523226057e-01 -1.714780735028220704e-02 1.655338942793044277e+00
-9.568085000545509811e-01 -1.310230052779253418e+00 1.805228501372807326e+00
-5.975716803166201130e-01 -3.577002691765078790e-01 3.625399082208038970e-02
-1.211798499365154047e+00 -4.202561231100105932e-01 1.690469455806399957e+00
-1.234763949912320857e+00 -8.043017381771844221e-01 1.676767114101407552e+00
-9.655634135013744235e-01 3.515962656557207744e-01 1.853755646095774035e+00
-1.115684115608366556e+00 3.671743798476219123e-01 9.546460397310806423e-01
-7.644019660549321582e-01 -1.049799441728984206e+00 5.737498585654571270e-01
-9.726465944453437373e-01 -6.800377961469221688e-01 1.764669013578638479e+00
-6.427625565383615625e-01 -8.445855687486729657e-01 7.840624400279259110e-01
-9.327155913383313734e-01 2.636132967505311342e-01 1.508814651524145622e+00
-9.080718844329365158e-01 -9.144764264622555761e-01 1.831571667729685826e+00
-9.234546956318012700e-01 4.064108983961500776e-01 1.732312327828622545e+00
-9.829540208649047983e-01 -1.498893059615048262e+00 8.778630348067908429e-01
-1.163117881363516126e+00 -6.781026651945685213e-01 1.524962311106638380e+00
-1.056667501038326407e+00 -6.302990715151244316e-01 4.999987274357515776e-01
-9.163106751241649750e-01 4.725144175532751678e-01 1.775193405382005318e+00
-5.373755064681966509e-01 -3.930861404960557248e-01 1.672874127603575511e-01
-8.705477525486098322e-01 3.531536467280276259e-01 1.382146808422741069e+00
-9.651462765768019647e-01 -2.817773980188129634e-01 3.023769655880143015e-01
-9.661359446927100247e-01 -1.446783015631831981e+00 6.445205286156429070e-01
-6.319610823944795674e-01 -1.472263448606560887e+00 1.835002856886356559e+00
-8.292660747890669981e-01 -4.297052391403011207e-01 3.949712788263132213e-01
-8.885186666166730030e-01 -8.871668867538047287e-01 1.749418681115779473e+00
-7.001683089501932189e-01 2.272865280086930895e-01 1.127306869564317582e+00
-7.737691960687043125e-01 -1.029238948280464028e+00 1.982948649040561673e+00
-6.334843165439989487e-01 -6.683722570129912999e-01 1.652718264053616881e+00
-1.149981862898380669e+00 -4.894208647747555485e-01 1.596230029536757744e+00
-9.532117143089939848e-01 -7.235968072165066545e-02 1.268466066552662586e+00
-5.004914624538001622e-01 -1.070309445530389647e+00 1.648539397038416121e+00
-6.446353168258673882e-01 1.801216742773292800e-02 1.367231581032341214e+00
-5.411729841131148744e-01 -1.879544647741100416e-01 1.673286952572975217e+00
-1.130649020926716375e+00 -2.543690865855152694e-01 1.088132803457991127e+00
-8.967897284791624957e-01 -1.482903735026355418e+00 1.371539908501783644e+00
-9.700899029779215255e-01 1.914320133108282640e-01 8.280616200742242361e-01
-1.078734163233025178e+00 2.329296959565152481e-01 5.907240385839507280e-01
-1.110818346746326846e+00 -4.234244218920679703e-01 1.330031548821371867e+00
-5.082543620973752896e-01 -3.789066708741029021e-01 3.206816977134804292e-01
-7.758086879438080841e-01 -2.165158512850502426e-01 1.382623026132410837e+00
-5.217463267533940519e-01 -2.722718788205928941e-01 1.983745447928018546e+00
-1.081435950334950435e+00 -8.913958142612403712e-01 1.332097310512852406e+00
-8.354178882300251630e-01 -6.573546799625871184e-01 7.667307146577588828e-01
-8.689101816803306289e-01 -2.320555157041619410e-01 1.785407230405560153e+00
-6.322803718742314727e-01 -6.442351357901439091e-01 1.326713928366169748e+00
-5.205831946541591426e-01 -3.132222789703884569e-01 1.738525596189893108e+00
-5.348706693879756724e-01 4.384737683153172583e-03 1.141257247386291862e+00
-1.213498962349837340e+00 6.950917499555187007e-02 1.997897417024487421e+00
-8.622438575769151292e-01 2.245425464235832891e-01 1.543293961503059197e+00
-1.126614771254035752e+00 5.709910137385665330e-02 3.104564923847177305e-01
-9.819932099455661589e-01 -1.117206002648538643e+00 1.604735887433501595e+00
-6.231869624157689858e-01 -2.395466176131577640e-02 1.691661914466461525e+00
-9.562707305993201068e-01 -6.406593684030972291e-01 1.977748464153215924e+00
-9.823118824393337611e-01 -6.671753383836700468e-01 5.174906862915717998e-01
-6.699040920878616134e-01 -2.698556255734831932e-01 9.811751956085493775e-01
-9.843885797505351754e-01 -1.108740255992675117e+00 1.219277297350084499e+00
-6.296488992062408974e-01 -7.024683180931026172e-01 4.893385443163442705e-01
-9.510943144998156296e-01 -4.484642897613539958e-01 1.904811133969634085e+00
-1.002432191363353819e+00 -6.954669891798843651e-01 1.288737630247515975e+00
-1.273431333703358481e+00 -1.865452369092852614e-01 1.189686713891734193e+00
-1.147189199752383981e+00 -4.427678035836715154e-01 4.246330737046044579e-01
-5.657745951878256907e-01 -4.243645908038879977e-01 1.180674263797911294e+00
-1.267825648413619444e+00 -3.019005408277792846e-01 8.538578975379593761e-01
-5.875683727739281492e-01 -1.271727596383499526e+00 1.497764955485724858e+00
-5.405485400834367793e-01 1.021788819966817918e-02 8.909598096419203417e-01
-6.347544381570016103e-01 -1.401664871139836954e+00 5.900076933011746405e-01
-9.475657196863445098e-01 4.383653355140122443e-01 2.412363503240823881e-01
-5.573613225723577091e-01 -1.214265418036890587e-01 3.225950440224284455e-02
-9.731421369628663331e-01 3.364895073686331450e-01 1.782841672804088340e+00
-9.511685984423592366e-01 -7.705862264798835071e-02 1.690091245493691385e+00
-5.572311979140948113e-01 4.429932473772011381e-01 5.690815681923054870e-01
-6.434908541755303135e-01 -3.440372819352912614e-01 1.126317410382185136e+00
-9.249084785031406186e-01 -3.222714515043645367e-01 1.357297379984281793e+00
-1.177050863750779053e+00 -2.934480567239914350e-01 6.435239162571253502e-01
-9.600927467060689224e-01 -4.322822063488254152e-01 1.097995977992421990e+00
-7.736343403738429325e-01 -1.363925821946030847e+00 1.299031957209205723e+00
-5.296227722600604926e-01 -8.714656639145290651e-01 9.637667946679590036e-01
-6.426347577395777888e-01 -1.412075972207393892e-01 3.902275920645776885e-01
-7.483095483104861279e-01 -6.076100374061310649e-01 1.446881351486740241e+00
-5.168297112574362639e-01 -4.269084406917811325e-01 2.040111070952536354e-01
-7.993740911074230793e-01 -1.302788142888580136e-01 4.564120263845568015e-01
-9.757558746832020180e-01 -9.368622608709700206e-01 9.916178342634177634e-01
-5.476786023212983912e-01 4.751146050035119917e-01 8.064119228699058173e-01
-1.191203555069080711e+00 1.540657751695777566e-01 1.019339742794510562e+00
-5.861374781308137383e-01 4.361694697348519334e-01 -2.606053209325824571e-02
-9.254375270731559633e-01 4.120742489999440483e-01 4.607071079475241193e-01
-6.201141330398192153e-01 -5.218945847652269876e-01 1.791571957523690195e-01
-6.039395421754267801e-01 -6.380883921369218115e-02 6.104805018653790549e-01
-6.790592610759025316e-01 -8.956536814659434853e-01 1.967478020507402725e+00
-7.654349103401635324e-01 -6.802207176722174786e-02 1.425913292130385868e+00
-1.216517514431096014e+00 1.746911352205688939e-01 9.490195233078034809e-01
-9.903123731433420840e-01 -5.167729006518728685e-01 1.633525742441767958e+00
-7.192755198556700647e-01 4.765370665296830843e-02 8.581832689362801636e-01
-8.628045553794605471e-01 3.818884217545037707e-01 1.496311141433632974e+00
-1.245529930849217592e+00 -1.451357077120699390e+00 1.254882897100516592e+00
-1.147116523669657218e+00 5.045949028726259833e-02 8.031284898422464957e-01
-1.236165492857349779e+00 -7.881756832792035095e-01 5.708027852577156613e-01
-1.272255205354256180e+00 -5.507465816491050603e-01 8.622172418486713230e-01
-7.130436390900481980e-01 -4.958093284973756898e-01 9.450209335159215351e-01
-9.254881752110253323e-01 -8.466061302740117700e-01 6.916654329464615447e-01
-6.804337652345164855e-01 2.055743330828918580e-02 4.336143461270692834e-01
-8.536934063854469956e-01 2.541592365917824115e-01 -6.719733688937773453e-02
-8.117986957205012288e-01 -6.216060694469811576e-01 1.744940810229668404e+00
-1.282295449026268797e+00 -1.006935943302606384e+00 1.834819534417145404e+00
-7.510554504221066408e-01 -5.079646207541075320e-01 1.909288052442316364e+00
-1.069166126704190978e+00 -8.096001048086309826e-01 9.932015231335039607e-01
-1.247454477628989533e+00 -8.417155226057573270e-01 1.564206867008570478e+00
-5.573655359741498394e-01 -4.920165029840426474e-01 1.853865359025836268e+00
-7.027513605343675973e-01 1.197500520526784129e-02 1.399684416538322429e+00
-1.185496596023181581e+00 -4.454820703866213538e-01 8.226023176321584085e-01
-1.139869151553349225e+00 -6.003860795568989328e-01 6.020084613267198126e-01
-6.630382513228176844e-01 -1.046586614670159010e+00 1.131271320105060374e+00
-1.008534486910194428e+00 -5.223018093819351559e-01 4.933358904653617483e-01
-6.381562746181961288e-01 1.740727345108128432e-02 1.801384981130094376e+00
-1.270886548797659055e+00 -2.529124652062286760e-01 6.633479458829782960e-01
-9.830108696709811689e-01 -1.101310035646270169e-01 3.402562681511721587e-01
-7.798451021562282648e-01 -8.082929919026344834e-01 1.793691737680666032e+00
-1.183377370112812299e+00 -1.189789942240794041e+00 1.615778978437301339e+00
-9.289531494326108696e-01 -6.410117097341356818e-01 4.524201233493271301e-01
-1.181666890037357698e+00 2.279627465075939607e-01 5.188723538905323229e-01
-7.617228779077951373e-01 -1.451246252655939983e-01 1.225840745304721535e+00
-5.744950924159990535e-01 -1.113805252465289053e+00 1.676199594373605217e+00
-9.370203627479034569e-01 -1.253841348958569135e+00 1.134576125761880938e+00
-8.317124992050788368e-01 -7.210069088636028578e-01 1.054339438746869639e+00
-8.008982127917074756e-01 -4.000067634676172101e-01 1.154062419120480465e+00
-9.164490483502862883e-01 -5.349840929303308901e-01 4.576161606203155152e-01
-8.338497488916317701e-01 -3.497666681736342209e-01 1.804283965516123578e+00
-1.201395974447965420e+00 -2.194475339115276036e-01 1.787318338917414984e+00
-6.452436828900350863e-01 -3.179043859785612991e-01 8.296944431091004546e-01
-5.724083804381074891e-01 1.729699043498615918e-01 7.437784282146638892e-01
-5.909308725887518765e-01 3.466664537909847077e-02 7.515561857199803963e-01
-5.782338018718992112e-01 -1.187377499906428602e+00 1.367105422465414000e+00
-6.730576428166618053e-01 -8.110057712522635853e-01 7.504595125604609507e-01
-5.387048269541805379e-01 -3.312567850409731118e-01 9.962439957631071819e-01
-6.200225755592961852e-01 -1.326858793741304998e+00 1.413555804957591588e+00
-5.259948079890187644e-01 1.181462100885681821e-01 8.721612096654467461e-01
-5.886622276195618841e-01 -3.190592136191556794e-01 6.197806321111407057e-02
-7.829421293514119418e-01 1.249745608245833584e-01 1.467536292964787270e+00
-5.947704299458272947e-01 -1.102915050419456033e+00 5.677156502958052853e-01
-1.186184512582814099e+00 -7.411825880745164241e-01 1.822766815452563138e+00
-8.456692629530895289e-01 -1.256799346808096018e+00 1.176011597610838066e+00
-1.052775760683879458e+00 3.475643734077626945e-02 8.968290616209785293e-01
-1.097200040111114827e+00 4.140770660093653355e-01 2.568407773334144828e-01
-7.893843371155785382e-01 2.864060602103846165e-02 1.665327881150193257e+00
-5.622953255526897953e-01 -1.493659117242212009e-01 1.057609487453003982e+00
-1.103779878050152430e+00 -1.045116432740420098e+00 6.080719593759909003e-01
-1.003960730667963652e+00 -4.596028928905466771e-01 1.263783265388892296e+00
-1.245909710325234121e+00 -1.474185198733433788e+00 1.896531459626198401e+00
-6.884193280640620305e-01 -7.234992347153419434e-01 7.739986129078972876e-01
-7.445452532884865304e-01 -1.983039224541951473e-01 1.249066002843395307e+00
-5.780927219474586432e-01 4.931914923981370880e-01 3.566211665189327196e-01
-9.862547316400080977e-01 -1.278921652662815989e+00 1.123829832604008594e+00
-1.148955018406969675e+00 3.984839742970791576e-02 1.340174060054632132e+00
-6.686230799532787428e-01 -3.630703950505074218e-01 1.048232208629129802e+00
-5.096154591083024155e-01 -8.657658094773286184e-01 1.803462358202577942e+00
-7.260041083850233834e-01 -6.919336326859435449e-01 9.269789432644123250e-01
-7.085980628905113043e-01 -4.325331209300460333e-01 9.612424335509405227e-01
-1.179689384167355692e+00 -1.381046692869581705e+00 1.024008946071092829e+00
-1.144378244874131534e+00 -1.293723456967144081e-01 1.285024512454512768e+00
-7.704569422816879287e-01 -1.252844294799734692e+00 1.292431780630022731e+00
-1.127418642435429996e+00 2.923835134745842446e-01 3.321362697031869926e-01
-7.565425793458671055e-01 -2.005641992696958198e-01 5.515230346069550649e-01
-1.028705264601009084e+00 -1.894304992872846150e-01 1.016986718619357077e+00
-1.043863487808034840e+00 1.476305335478254044e-01 1.701189913172152846e+00
-7.056519227898023772e-01 -4.367846374397326148e-01 1.845136916711277442e+00
-5.306688144035959231e-01 -1.308006406168900737e+00 8.693241682792736125e-01
-1.294966821375798993e+00 -9.823216275612889348e-03 5.133265801537497675e-01
-1.142435239689238990e+00 -3.948921230741091470e-01 7.480028640778866311e-01
-9.192388840268808092e-01 -3.693539365667852792e-02 1.857556030439906136e+00
-1.020778683972757950e+00 -6.131753548663532172e-01 1.067730587155427235e+00
-6.225280064967030347e-01 1.611254525162888473e-01 2.387421647017126392e-01
-6.865799958416194393e-01 2.919336340967975119e-01 6.547105174517044990e-01
-9.917398678579587568e-01 2.878460156953817073e-01 1.752182796721137636e+00
-6.784255696498303623e-01 -1.264296437308121135e-02 8.657338786662682750e-01
-5.844341022896908378e-01 -5.216794989760675794e-01 2.704051251724025606e-01
-1.154436186819487231e+00 -6.462336827267503025e-01 9.304931774124259869e-01
-1.017114516167250793e+00 -1.098173672401663303e-01 2.413268319890745917e-01
-6.569640620130935416e-01 -7.073893651885665435e-02 1.810655922209948310e+00
-1.040574110528785567e+00 -7.108877709074610252e-01 6.412759877419955679e-01
-6.037037295409366511e-01 2.865351184028241960e-02 5.830576334396767590e-01
-7.844519378931452680e-01 -1.123373106969377089e+00 5.511883967575480492e-01
-9.100769478268559975e-01 -1.232610945124527513e+00 9.293501152905722096e-01
-1.146503192682820638e+00 7.520192043877060861e-02 1.041328442448122837e+00
-8.119202696019214294e-01 -1.297980204782277935e+00 1.985072660901455954e+00
-1.008964922131792896e+00 -1.170274610324599340e+00 1.010976460519287690e+00
-1.125671863977261822e+00 -8.609139384974475728e-01 1.363711410539886648e+00
-6.953149923687477196e-01 -4.170301430000111775e-01 2.749605270727165651e-01
-8.358444876608387419e-01 -8.664161592179675520e-01 9.338796816851763216e-01
-7.593942089960016295e-01 -1.456349218001327106e+00 1.469995277179507065e+00
-1.157603142617655401e+00 -2.260604024030417047e-01 4.090258130930051195e-01
-5.907612265505666205e-01 1.441838440423304224e-01 1.648082310941329232e-01
-9.039750729842542798e-01 -9.778710969859478741e-01 7.889707322835336489e-01
-1.110168991436510266e+00 -5.841086172185465664e-01 1.326417101698707635e+00
-1.145039777638369838e+00 -3.791851853123286986e-01 7.535367933362299153e-01
-7.142425617072531985e-01 -3.469701699242477844e-02 6.049466236118384854e-01
-1.066023803989293750e+00 4.904516913444421089e-01 1.017453129496884712e+00
-1.199062577948119435e+00 -1.263441382221830445e-02 1.963248974149010007e+00
-9.204916160765925781e-01 3.725135261061891523e-01 -7.827850095868178759e-02
-7.035923667890084943e-01 -3.373678467641272327e-02 1.939356357590805491e+00
-9.786252002181348164e-01 3.069712400234989591e-01 7.676764857455670166e-01
-6.989872885405722380e-01 -4.138392522889109415e-01 1.999063357132903285e+00
-1.205163128953997465e+00 -1.393858470010689965e+00 1.909282060195826691e+00
-1.186951126158305003e+00 -8.289267043914834154e-01 1.739174411084535077e+00
-9.446764229857433914e-01 -5.730338961666290309e-01 1.570139157934998586e+00
-9.219768738659335217e-01 -8.080840149594583632e-01 8.984330220233276432e-01
-1.067844613426260469e+00 -5.633494083625685267e-01 5.046959093925831308e-01
-1.033056831075349180e+00 -1.216971318775853517e+00 1.946834802414557419e+00
-8.397496443509600006e-01 -1.197520931160119817e+00 1.147150974264299572e+00
-9.912926127981781521e-01 4.276627121942535581e-01 9.650229421721382428e-01
-8.939941230942969330e-01 7.540804493889741167e-02 8.907988663833159571e-01
-9.097778267061304991e-01 -4.110409831303920569e-01 1.835542558575208982e+00
-7.103096570736172621e-01 -1.010736939019696301e-01 1.441372597195147431e+00
-1.203422579044083562e+00 -1.150091894093525191e+00 1.664139060642264578e+00
-7.257656437914538072e-01 -7.285260156639128404e-02 7.839004442349060131e-01
-8.558312050472014487e-01 -1.118363648730562376e+00 1.075520877836146694e+00
-6.760307275113842662e-01 -1.716222710062813572e-01 1.877896663396099397e+00
-5.529567034595748165e-01 -1.209260719050200272e-01 1.351947789463241900e+00
-7.340399810605292563e-01 -4.237610400242608488e-01 4.306600958595551143e-01
-1.177011515355294469e+00 -8.347966220782632174e-01 7.199235945314402807e-01
-1.171770310321974540e+00 -1.187210889214828535e+00 1.770277806037093837e+00
-1.267738279134224433e+00 -1.266986753082180561e+00 1.272304664398869800e+00
-9.728206758229054341e-01 -1.057337406367076182e+00 1.898307767309401317e+00
-1.002913598696455244e+00 -5.313579679693976043e-01 1.500723146216713877e+00
-1.033965189534873153e+00 9.758503249093530840e-02 1.566661077189184903e+00
-9.031344689524996028e-01 -1.033756349702976696e-01 2.419389966996506602e-01
-8.146892070061113600e-01 -1.821057753442767435e-02 9.938565521777578682e-02
-7.870610075849930887e-01 -2.750831280285501723e-01 4.471620237308344681e-01
-5.785694167044009850e-01 -1.235816928771920287e+00 1.398650508247045066e+00
-7.394112510960754170e-01 4.388575758931532178e-01 2.440920673438400634e-01
-6.878214339221367934e-01 1.954363124066942348e-01 1.602777980764521271e+00
-6.915243893675653286e-01 -1.268200912513434808e+00 7.283825198386439936e-01
-8.859017833409381648e-01 -8.472897103464898105e-01 1.352201060796403009e+00
-1.088715236169371714e+00 3.301527916264539453e-01 1.329262789719770188e+00
-7.268791156267715436e-01 -5.362912889013093931e-01 1.466984586243924138e+00
-9.564904416963005973e-01 -1.379118696374983521e-01 4.042694830029411879e-01
-1.177819760430491636e+00 -4.280693650361995228e-01 1.670772015016029011e+00
-7.491221067476944162e-01 -5.671227101479441313e-01 1.931544753149209370e+00
-9.338886685921696795e-01 -3.210436522845196983e-01 1.150414038409614204e+00
-5.902371199488457565e-01 4.227173690175978216e-01 8.404602526586418820e-01
-8.626364804006245723e-01 -2.500245633790811883e-01 7.896915152546500893e-01
-5.644298167545318545e-01 2.377914876073985440e-01 1.373839101098766280e+00
-8.786591994800843075e-01 -2.704668937727239264e-01 1.323941541080956963e+00
-9.628517317880036508e-01 -5.421336924044561911e-02 1.687100637663065061e+00
-8.089065902778177497e-01 -1.023924874587591738e-01 9.544161770373497111e-01
-1.008886955883507408e+00 -1.880286320962130109e-01 1.671380091699353532e+00
-1.134495238201018052e+00 -1.508360861360309446e-01 9.186387791401252612e-01
-5.831170451550817813e-01 -1.266026754072298477e+00 1.024319030924442764e+00
-1.168677074000803007e+00 -1.059431746209849923e+00 1.760361746188186194e+00
-1.257232172232618295e+00 3.314634692958895457e-03 4.686310476704157457e-01
-9.906028266051164488e-01 9.071695318864936297e-02 6.290542386491092541e-01
-1.126514592636912448e+00 2.909814505039465260e-03 1.745064217199841394e+00
-5.648468451959137715e-01 -6.848379310894503469e-01 1.719929886750182657e+00
-6.517467240049976684e-01 -1.999631127350978144e-01 -3.699232406474815826e-02
-5.325695580790678063e-01 1.600714510285770054e-01 1.420738658238954510e+00
-5.214628118875819229e-01 -1.113912099148428814e+00 1.203531987444736107e+00
-1.059462185571510728e+00 -3.884964516844393589e-01 1.101610130691462519e+00
-7.174909518754604143e-01 2.252009420386213989e-01 6.202731927851257154e-02
-5.425687224457311775e-01 -4.594022915068141089e-02 -1.922464029414122644e-03
-5.198244408033578789e-01 -1.325030973940831025e+00 1.812161371193721449e+00
-1.144474067919784899e+00 -1.262554721472159747e+00 1.284454264560823011e+00
-1.003889098664123791e+00 -2.102012994377533417e-02 1.757382898952160932e+00
-6.398195161974078449e-01 -4.941882550934919571e-01 1.264940429362195529e+00
-1.164690021826203070e+00 -9.192275268311382863e-01 7.014525226680768943e-01
-9.265954701815078964e-01 -8.310908205893030587e-01 6.983298281830691012e-01
-7.001491679915180510e-01 -8.726298895234680941e-01 7.614352504757656570e-01
-1.030004837584550748e+00 1.391794948091735762e-01 1.480136295923627276e+00
-8.605360681812153079e-01 -9.294525317927935237e-01 1.798840726252986855e+00
-8.876698384094645622e-01 -5.838804389619063340e-01 8.331724396040001146e-01
-8.886621825823157739e-01 -1.238017926223786924e+00 8.972466483874075305e-01
-9.216761485206927951e-01 -6.264591107861359198e-01 1.868799622476033706e+00
-1.050001960501742548e+00 -1.099442483157023309e+00 1.579135677945169514e+00
-5.740126789477372204e-01 -5.736512413912604469e-01 6.345392949702813867e-01
-6.298452028003390657e-01 -6.148451519150248679e-01 1.216115429795212366e+00
-5.285433297993601398e-01 -7.202177298970922070e-01 5.695772474675223629e-01
-8.152598177862595552e-01 -5.013025936622901302e-01 3.896047621483261780e-01
-5.774458405280668005e-01 -6.832429662211989552e-01 2.559645400985036678e-01
-1.010729552752621663e+00 4.762641583963844738e-02 7.011806020934953088e-01
-1.023031194970535296e+00 -4.851357140400647250e-01 3.902822396672408489e-01
-8.322389652750669109e-01 -1.282021983181074187e-01 1.014374199715899261e+00
-9.074310843319400854e-01 -1.728376990012825409e-01 1.130834612464949596e-01
-1.127219620613763240e+00 -6.696623778919608139e-01 1.288736167911972874e+00
-7.534046793293289745e-01 -8.045570336734579886e-01 1.970145030652371787e+00
-7.743067242274376261e-01 -2.917440590837894199e-02 1.676213570705396227e+00
-6.502640295960925299e-01 1.208205873453123136e-01 1.218293069411885199e+00
-1.231927463395648958e+00 -3.474669116557076443e-01 7.112649563178300438e-01
-5.327295749863920626e-01 -3.335233586728152400e-01 1.418195608209023240e+00
-7.647442856010048251e-01 -2.779556691825471049e-01 1.581767591741283230e+00
-5.089920086538974875e-01 -1.174675077278737101e+00 8.510768841319752420e-01
-8.047257240577048165e-01 -2.851596827498297237e-01 1.441780505193680506e+00
-1.225364111477174056e+00 4.005171220619714312e-01 1.107091835548750680e+00
-1.116311783572125904e+00 -3.254978134510158050e-01 7.352932692562901273e-01
-1.130773197437282551e+00 6.631934449716214708e-02 1.053264316832392300e+00
-6.779181196444199475e-01 4.283482024999063498e-01 7.747520484939459662e-01
-5.055711673068519207e-01 -4.656112220556618553e-03 1.345881738954010365e-01
-9.528955255419093717e-01 -9.410099006825554113e-01 1.452727803085994029e+00
-7.968399175312129712e-01 -1.005565408615851863e+00 1.467686698008297652e+00
-1.002260107142778356e+00 -1.851607570264468539e-01 1.196149449329389158e+00
-1.049427928748283723e+00 -9.853772021824573901e-01 8.492504727690427524e-01
-1.129160331063514988e+00 -1.180793988915870063e+00 8.308088708956069546e-01
-9.345534046815728857e-01 8.789418154918537951e-02 5.939653719364694773e-01
-9.250731093525668136e-01 -6.501365987746243746e-01 1.774486544822551304e+00
-1.198382443734629321e+00 2.736286275033550375e-02 9.226351304873657844e-01
-7.416906737187328735e-01 -5.035219526102374665e-02 2.674821040040730180e-01
-8.049322168205015338e-01 3.925612611690671994e-01 3.903949004107508669e-01
-1.079552796666204628e+00 -3.829827904763822843e-01 4.674444021768789925e-01
-6.690798983767571873e-01 -1.152924963530420843e+00 1.022096240526709998e+00
-1.145164246388921336e+00 -4.784792873288226112e-01 5.732480631999079534e-01
-5.092533936206529166e-01 4.049977161536062464e-01 7.322622441511468239e-01
-7.861518466239179048e-01 1.121182473093047527e-01 8.614868667467748820e-01
-6.020297844220257044e-01 -1.924411695495220620e-02 1.787961264563943997e+00
-8.211102292878600384e-01 -1.431193191271104226e+00 1.541239545323658922e+00
-1.034863322037406164e+00 6.518559739691620614e-02 1.435323885499785623e+00
-5.019812677620569819e-01 4.703535415001880438e-01 1.042507106687100005e-01
-7.468898649865013395e-01 -1.074336861068790228e+00 1.844056040131800911e+00
-9.627625179234723385e-01 -1.450852678063503376e-01 1.735523908128515869e+00
-5.940202380736345766e-01 2.975141744701537139e-01 1.410532575376253206e+00
-6.112050235950929888e-01 1.365965180909916032e-01 6.222691305549851171e-01
-6.908288732642892116e-01 -4.296978045949781944e-01 5.418535543599344306e-01
-1.298782173570062426e+00 4.180164216246704534e-01 1.991455169276446391e+00
-7.162216937120480242e-01 -6.115167792096711796e-01 5.451027868001485643e-01
-6.408959364485630195e-01 1.866509413273598206e-02 2.184247707383024373e-01
-5.799450361070185300e-01 -4.492197926271710440e-01 1.917004677400853119e+00
-1.022339988676280509e+00 -2.773415002328230017e-01 2.718672450101781157e-01
-9.314634863442414758e-01 1.243332681649396143e-01 -6.600278229705486277e-02
-1.211043190625111787e+00 -9.707593159470322419e-01 1.690028798120492670e+00
-9.186404834254067175e-01 -1.484653004797136244e-01 1.134855721281256669e+00
-9.578011518228233268e-01 -1.479302050164343019e+00 1.383929816954202918e+00
-7.400613331590777388e-01 -1.236456923962838683e-01 1.264218303276586353e+00
-9.454575290498359319e-01 -2.564990816145167329e-01 4.694351158414391545e-01
-7.171516758289860904e-01 -1.108820834410846778e+00 1.518599375038694799e+00
-5.777046000511947277e-01 -4.076840860676329559e-01 1.840307509783537521e+00
-6.224771529416329718e-01 -3.366027598017198308e-01 1.687834296648806909e+00
-1.230846425887692108e+00 3.499339169842752284e-01 1.247740105751632189e+00
-8.030310375288821634e-01 -1.073412329648636865e+00 1.677184635274967084e+00
-5.918436258741066602e-01 -3.392756613441967328e-01 6.868258994261624562e-01
-5.766555812681557480e-01 -1.048066781750800480e-02 1.225144974213541849e+00
-1.094857977014477068e+00 4.947701112081377417e-01 2.427246937608180388e-01
-1.128179741867816777e+00 -1.259011593246622596e+00 7.209328624550025433e-01
-9.557184419362765304e-01 -1.687468426727722903e-01 1.339329550518183476e+00
-1.246984778697113105e+00 -4.272950952966922955e-01 5.593964945112102072e-01
-1.274784696440924625e+00 -6.811722543498721638e-01 9.336261259333523688e-01
-1.130276142759722324e+00 -1.281064503059433424e+00 7.963642433492563733e-01
-8.597516256927757450e-01 2.812704258531673052e-01 2.920370675320319576e-01
-6.220540368242124529e-01 -2.062989284238339049e-01 8.596253452262664352e-02
-8.257829613731588747e-01 -8.389651510190303529e-01 1.716031418543405573e+00
-8.743621299496557864e-01 4.967713501801089837e-01 1.507215857060139719e+00
-7.869876408111207144e-01 4.312998266097700650e-01 4.922465901835745283e-01
-6.880651098358115947e-01 1.924293372562135840e-01 1.413682838090479232e-01
-1.062469821170916262e+00 2.161172024801234492e-01 1.090893387439810791e+00
-6.437608746663855408e-01 -1.348868439302244315e-01 1.605953198332213505e+00
-9.490334237513495808e-01 4.376811507477802454e-01 2.061041121096731377e-01
-8.857544718682419660e-01 4.648432494027110451e-02 1.510193163026247953e+00
-1.219558398160701662e+00 -3.762543014232300198e-01 9.525870006446189864e-01
-8.345959103854059258e-01 -8.645707249081036050e-01 8.375598088507455463e-01
-5.737277448274240577e-01 -1.161234298966551393e+00 1.992188131930856976e+00
-1.152046264701586997e+00 4.776901439735743438e-01 7.675677663274642626e-01
-1.041042544211949750e+00 -9.979658740855890109e-01 1.124952057105710335e+00
-7.403664997741272735e-01 2.894788957506799765e-01 1.399315259918221477e+00
-1.014690692229269775e+00 4.925383991311549359e-02 1.964631991629863794e+00
-8.543890769860154055e-01 -8.640278529364884275e-01 8.910489618315297067e-01
-8.001102727801141512e-01 -8.919625383205129765e-01 8.519344243292832353e-01
-1.257213720785383515e+00 -5.311549258085719316e-01 1.873626551389712791e+00
-5.304400438414008656e-01 4.398301407579967570e-01 2.839074419142195715e-01
-7.685853652004165371e-01 -2.648350971681741051e-01 1.647270539624160923e+00
-1.164022411407380497e+00 3.690519730755341676e-01 1.082229422568085964e+00
-9.050036633962250665e-01 -7.193738055984564284e-01 7.005377257622333875e-01
-1.175426544799163198e+00 -8.801047778944119937e-01 1.770800255261676170e+00
-9.211694979209951173e-01 2.469825961585090379e-01 1.333046804922188855e+00
-7.158999514039298129e-01 -1.356767745646447754e+00 9.876708244268207482e-01
-1.288301813814598296e+00 -8.179123776180103889e-01 1.403426289705178798e+00
-7.800070920929615959e-01 4.932056198313792272e-01 1.046719934827239629e-01
-8.085479545494413944e-01 -9.873464008283114879e-01 1.089777377796147473e+00
-9.501358763808085417e-01 -5.857071685784833726e-01 1.067540884418875846e+00
-1.120788450633458222e+00 1.205783447687658327e-01 1.064363370513299989e+00
-8.787926198755611207e-01 2.050340672501784756e-01 7.979006619751166651e-01
-1.065871900095659131e+00 -1.171297776923405642e-01 1.205390834296361513e+00
-6.422162222687560762e-01 -9.832050464948773882e-01 8.963889291210038746e-01
-7.264484144414975475e-01 -1.035316299103550053e+00 1.914317756467368792e+00
-5.016016927133978287e-01 2.668881039030508440e-01 2.289892373515197976e-01
-1.008819219286349433e+00 -4.280283544648812999e-01 1.710833812070821525e+00
-9.345779299814671592e-01 5.073885699962588092e-03 3.689351535124465453e-01
-5.234325570010850415e-01 -1.249300674409699274e+00 5.878832696000360070e-01
-9.423875012231013315e-01 -7.298336990844629391e-01 1.006365113949123868e+00
-6.651517706873685265e-01 -8.156853132925656613e-01 1.722631790721642631e+00
-5.484504605849309655e-01 3.561248610157292660e-01 1.047805224508154165e+00
-6.327857787541802947e-01 2.507591625703531335e-02 2.561386223810255824e-01
-7.883568416037922688e-01 -1.689775508056645670e-01 1.286111430901018426e+00
-9.776573710919735927e-01 -1.349386311216746348e+00 6.341684402580516355e-01
-7.464797083324742344e-01 -1.135857304293742098e+00 1.104868144396534912e+00
-1.196267656619278030e+00 -1.100988139887506545e+00 7.062266421418035289e-01
-9.576327601728193972e-01 4.583396252988891639e-02 9.382493919492042034e-01
-9.780550037174389200e-01 -1.070863584226875664e+00 1.432415319298617318e+00
-9.733588363070946325e-01 -7.472470443865135703e-01 9.353707611656066900e-01
-9.696975704178474320e-01 1.970429083310789586e-01 1.841697202072680728e+00
-5.358267823240457917e-01 1.992732773377097200e-01 1.807257092428804501e+00
-7.994164885639563067e-01 3.223846231784903704e-01 1.316957230469907314e+00
-7.309144602117740863e-01 3.380349720012068016e-01 1.236987607752133123e+00
-1.128077289016667484e+00 -3.238137229613091694e-01 1.218119999625751460e+00
-9.668729991447589933e-01 -1.262150950400919402e+00 1.177863260609155693e+00
-9.229548210246014683e-01 3.493690781263663059e-01 5.105945305079326868e-01
-1.255922449235329807e+00 -3.035684790853427906e-01 1.962195534051004664e+00
-1.256511425077597721e+00 -2.482235510749601914e-01 8.447449166107303675e-01
-8.971861477074425384e-01 -7.587050679463829272e-01 1.905924538951098146e+00
-1.037303904454748071e+00 -1.092360329917943851e+00 1.096478881780404535e+00
-8.414182390127675770e-01 -6.913154617881109854e-01 7.344862571902542880e-01
-1.250841684128186637e+00 5.880131320877279855e-02 1.130149064371118284e+00
-1.251734706168526889e+00 -5.579384416791519641e-01 1.903112083087699080e+00
-6.012447459088725576e-01 -1.215995274883881150e+00 7.669545962724380050e-01
-6.180901484711867067e-01 -7.375238595105677586e-01 1.001390855671555613e+00
-1.258779713097053943e+00 -1.171128309591745742e+00 1.169173964517112640e+00
-1.294041291276211814e+00 -3.268070072987945274e-01 7.656071133472004409e-01
-9.488164267992917900e-01 -2.358842397265474844e-01 1.965842937031923920e+00
-1.263084657805763733e+00 -1.562522328827620210e-01 1.027341216350138753e+00
-1.266895148436735452e+00 1.690493507855050925e-01 6.065316581167932153e-01
-1.122927999035969959e+00 3.822768477030242806e-01 3.221537968927455919e-01
-5.446187948665917045e-01 4.365829759550632350e-01 1.349599387344073476e+00
-1.140758041300915959e+00 -1.372896920411956101e+00 1.801363171557924581e+00
-1.003753757978544492e+00 -5.145254687017188910e-01 1.597222326138236115e+00
-6.550068002131781419e-01 -4.803223572837089783e-02 1.015121663096155147e-01
-7.152376442999122119e-01 -1.081178668637043705e+00 1.853979621968040226e+00
-1.018334399515086197e+00 4.659367286322990687e-02 1.666867313817160523e-01
-8.879014222093803976e-01 -5.289044948818941716e-01 1.834069475726023413e+00
-6.225259847946722491e-01 -6.069824992403294317e-01 1.832901209987350066e+00
-1.292179450756340886e+00 4.721178736125242192e-01 1.053115026131911769e+00
-1.135322906373023910e+00 -2.450133766229749543e-01 3.776705122276904358e-01
-5.239484580174449402e-01 -5.084609713141776677e-01 1.090664337231340264e+00
-1.186422413112924401e+00 9.535042928974490906e-02 3.541296618140754582e-01
-1.102560880355025752e+00 -7.830989572819098132e-01 1.260052977862046397e+00
-9.615430119315375723e-01 -1.024908544276385669e+00 1.156086897581171113e+00
-8.600116987060070217e-01 -6.366823405616262033e-01 7.223467493179610566e-01
-8.114836792044171077e-01 4.228206365994018334e-01 1.959349544406595367e+00
-1.214842622414004314e+00 -1.487492940145754616e+00 9.834088507168340376e-01
-8.070642837310707529e-01 -8.584778392021208404e-02 1.193198854142575316e-01
-1.240391533073210928e+00 -8.529047518914540937e-01 1.443736022341798098e+00
-1.210442359102841703e+00 -6.241522427444718968e-01 7.553842179813065050e-01
-8.440512725548710016e-01 4.030720392314497413e-01 1.308648878910994462e+00
-1.028115090825917566e+00 8.780217202381312980e-02 1.602836305716489385e+00
-5.043372304197636380e-01 -2.924946232162832782e-01 1.069787148170290303e+00
-1.036827315573151775e+00 -7.139499316961337438e-01 1.737274311516665781e+00
-8.433050143434241974e-01 2.886326768596580994e-01 -3.034379936198293437e-02
-9.243447893604386234e-01 -1.419615195616555026e+00 1.251989920115887944e+00
-1.275101930743692602e+00 -1.311560928022590389e+00 1.667202495432543063e+00
-6.056977935613719888e-01 -9.563421158942422284e-01 1.659668074517707925e+00
-7.338054036953751691e-01 5.971626779003691432e-02 2.173888357308697838e-01
-6.656713319621335723e-01 -2.134397631677045215e-01 1.471027638930560988e+00
-1.063610551806667415e+00 2.084403712583775548e-01 3.908031314353933583e-01
-5.149798740675247677e-01 -8.615308097909410989e-01 3.467978199241702475e-01
-8.431737362090965249e-01 4.655370397461207066e-01 1.788773452265189912e+00
-9.621452154039120686e-01 -3.375996366878049049e-01 1.851214588087769952e+00
-7.609555360831611326e-01 2.947721306515596051e-01 7.341517115104853053e-01
-7.936201850307241790e-01 -4.842314810407333248e-02 1.723906019349846552e+00
-1.270305566567565103e+00 -2.168293004982326799e-01 8.338877815645108216e-01
-1.040910595537334116e+00 -1.904447411557990133e-01 9.248713744427191630e-01
-6.816217901241650168e-01 -9.669083043361044183e-01 1.440018638815209862e+00
-1.057673885092991206e+00 -2.735634521274603603e-01 9.259451205704235521e-01
-1.259718667248544310e+00 1.115891602556797757e-01 1.051804184634881123e+00
-1.228105369479696618e+00 -3.027411438486293793e-01 1.382752782217052445e+00
-1.034714647739673588e+00 -1.447425051668084661e+00 1.114032502162741523e+00
-1.239793669203309578e+00 -2.993601301636308332e-01 1.363794777794862245e+00
-9.283548396959029336e-01 -1.472405401384373480e-01 3.362777859249940215e-01
-6.810453820795935309e-01 -1.272465250071214138e+00 1.104407976514755640e+00
-8.582857186353823886e-01 4.235279690478366277e-02 6.475502101526061649e-01
-1.074446768599879531e+00 -1.144253792949512238e-01 1.649473668754882549e+00
-1.083150682046926550e+00 -1.265225514129939333e+00 9.957160665633865149e-01
-9.593059155921193071e-01 3.364281630526937406e-01 7.013959096856454689e-01
-7.103160048733972998e-01 -1.818707351361670277e-01 1.966488938125143360e+00
-8.723261133379703880e-01 -1.041322973773347149e+00 1.104024032465764860e+00
-5.164726520443739810e-01 4.947858662087616377e-01 1.002578702795388743e+00
-8.255550585394031415e-01 -3.656973814446895510e-02 8.076779791146546650e-01
-8.673213653664446632e-01 -1.093574765498694923e+00 9.013744834220255298e-01
-5.753689164898404540e-01 3.560926836105271498e-01 1.496686912638841793e+00
-8.823184161513197843e-01 -1.005353461509573609e+00 1.565154936519316031e+00
-9.677964848697474531e-01 2.531068091431756262e-01 1.826394446964003215e+00
-1.241534846785092405e+00 -2.143772335148441677e-01 6.779793169363516059e-01
-1.023507354484754384e+00 3.847837205218636036e-01 1.186604005342097423e+00
-9.179262537621750706e-01 -5.272532867677970358e-01 1.489971284250522165e+00
-5.747339350052869111e-01 -7.914485878396069207e-01 9.699080535961254190e-01
-6.395805985808606930e-01 -4.329198886608214281e-01 1.523435200067764894e+00
-1.233289144921324576e+00 -6.034881888485861268e-01 1.063473555561760264e+00
-7.918457781211029056e-01 -2.349188225327061286e-01 7.257978894614199872e-01
-5.368726002466416292e-01 -3.009101341293234366e-01 1.625328032722780813e+00
-8.912135361960324964e-01 -1.435264724711419415e+00 1.491323992142872479e+00
-1.151764256928301089e+00 -7.951695693168829848e-01 1.896789877241779054e+00
-9.522704953621095036e-01 -2.331923406814293553e-01 5.625888005596300090e-01
-9.914401889183254157e-01 -1.364991221981832314e+00 6.732589848211392169e-01
-6.795926829093461574e-01 4.719089711802120224e-01 9.053651081462507078e-01
-6.331523695395800955e-01 -9.730617581153466755e-01 1.817321209300413631e+00
-9.450704715263401612e-01 -1.466575747207023994e+00 1.827675639719384293e+00
-1.070671458514931063e+00 -1.131650704844630262e+00 1.960258160170857078e+00
-1.043372019562524233e+00 6.731494889940270454e-02 1.698386397211985477e+00
-7.416043487240033816e-01 -7.880215362387639200e-01 5.039488529496745084e-01
-1.035472998973891334e+00 -6.437197945983545999e-01 9.508142006906094013e-01
-9.104468927750559715e-01 -4.715621793739466217e-01 5.212102633506292548e-01
-8.864694134608364084e-01 1.328438907215143683e-01 6.302856851912689296e-01
-5.571866763670904055e-01 -1.895187172136187925e-01 1.701397403028621191e+00
-7.885931566667808701e-01 -5.008478292479909832e-01 3.863458001534816333e-01
-1.204493238907943908e+00 -6.419837630300024856e-01 1.506497009648221752e+00
-8.062676355425926200e-01 -6.985245263332746646e-01 1.915425932404656528e+00
-9.316099458468946048e-01 1.218636757510571655e-01 4.177535100213373154e-01
-6.779641534817758552e-01 -7.015877190980828182e-01 5.234844275589832785e-01
-1.246319515869436900e+00 -9.771350106816569792e-01 1.760886714467633674e+00
-8.114622962880728707e-01 -8.357506458726378096e-01 1.214290701017018526e+00
-8.677659754116713309e-01 -9.767138823023580052e-02 9.812212847308604546e-01
-1.205475746453555930e+00 -3.240028885077625986e-01 1.964685806319563799e+00
-7.377794671097671619e-01 3.862563776968224172e-01 1.407673617850939696e+00
-8.634500266941875779e-01 3.242033898438811956e-01 1.406792240984148679e+00
-9.300676751442797929e-01 -6.617884384130001685e-01 1.369803511088651726e+00
-1.040707118558346300e+00 -3.673590688140961902e-01 5.393698891406559781e-01
-9.756409974858701872e-01 2.252778505882824245e-01 1.334293664838292148e+00
-8.295991125194575044e-01 -1.028390064755685618e+00 7.052404483035007443e-01
-1.236313949413241797e+00 -9.123857268701740519e-01 1.705849844795215953e+00
-1.118513489607219524e+00 1.169935458901778524e-01 1.281660760380859854e+00
-1.072980617909117473e+00 -7.800047684654551894e-01 1.680795562822481770e+00
-1.180995716469037005e+00 -1.845309707389459764e-01 1.930651660521395474e+00
-1.036170808202135918e+00 -7.542089955797959266e-01 1.249070082320351993e+00
-8.002753518641263497e-01 4.077803646993967135e-01 -9.572274250529083650e-02
-1.093637042370861234e+00 -6.864433635930500266e-01 1.933230338511344737e+00
-9.389140836007470181e-01 -7.413205687859636406e-02 9.761845331108006674e-01
-9.443006970970895253e-01 -7.568419856478720842e-01 1.392384497831701928e+00
-1.202495111279315632e+00 4.800643366791241817e-01 1.251064235083916953e+00
-7.624679435847750986e-01 2.898314166819908611e-01 1.659204478894970303e-01
-8.097465738244580269e-01 -3.917967232659977928e-01 4.945660040852072337e-01
-7.814485854598699488e-01 2.489251425759113623e-01 8.523817803347394362e-02
-6.033074288480690939e-01 3.714038575465443692e-01 8.195780405439252458e-01
-9.850302320866139993e-01 -2.077049344134083153e-01 1.163426738932762605e+00
-1.285635051575155563e+00 -1.270636183023054588e+00 1.998375476829235442e+00
-7.688214234532553260e-01 4.431046638808899818e-01 1.349901143480296106e+00
-9.846617904987486902e-01 -5.341535172434102030e-01 9.928260723145082567e-01
-1.266426437727623977e+00 -2.538549871431381444e-01 1.277088316617247976e+00
-7.742527853912343216e-01 -7.294231617508861731e-03 1.192414582836077930e+00
-6.578683972365112487e-01 -3.524844611729749388e-03 1.632263604859895301e+00
-6.469878121188770148e-01 -1.097276183898173718e+00 1.635386108989801635e+00
-7.243225397326916726e-01 -8.789160428144200399e-01 1.732486522304671261e+00
-1.075134894829022025e+00 -8.748721557615404265e-01 1.256435625567858816e+00
-1.244972447263478887e+00 -1.224199366384747911e+00 1.633667406643482867e+00
-8.573126369033066130e-01 -1.117194404858836698e+00 1.470074637668091766e+00
-5.031426270772991760e-01 -1.205958691542829975e-01 7.837323279539977205e-01
-8.513070399835593882e-01 -1.317455608074165729e+00 1.319008478505861781e+00
-6.310685286858388476e-01 4.551714781689910616e-01 1.634877207200504945e-01
-8.655009446926229533e-01 -1.255597810860675789e-01 6.082245066193995298e-01
-1.051000901420692690e+00 -8.317015446493367659e-01 8.317760560054257013e-01
-6.581065497732601077e-01 -1.470899394531479665e+00 1.726648980877721895e+00
-7.021945496042263368e-01 -1.093394600478005074e+00 7.116536204678967081e-01
-5.852313556476130829e-01 -5.131154555188679467e-01 1.192704996928346528e+00
-5.651166918810772710e-01 2.437689991165148395e-01 1.878324531161300881e-01
-5.115436817994868379e-01 8.175133990602234668e-02 1.470831715381705485e-02
-1.090041617351420911e+00 1.726699400970632681e-01 1.323196023595589299e+00
-1.209298307254307314e+00 -4.074774698028089670e-01 1.772942366235915834e+00
-1.283575670111877676e+00 -3.193634504360653992e-01 8.119176794066075287e-01
-1.110393811632734984e+00 -8.000298551998021868e-01 1.816675117730087718e+00
-1.002197237223198423e+00 -6.429694216078263302e-02 1.945037693323368178e+00
-1.029858555409773224e+00 -3.756017293735245399e-01 6.262687723077090540e-01
-9.020145773385712662e-01 -2.370433522476256272e-02 2.208505185110060942e-01
-9.685340115501166469e-01 -6.717114002917194959e-01 1.235026522152336437e+00
-9.463027415416842558e-01 -6.034940620682025525e-01 4.240817385294147757e-01
-9.876189336490552861e-01 1.949836724502700402e-01 6.051868675494531669e-01
-5.399841943217787987e-01 -9.400249154042932265e-01 5.954907058817171528e-01
-9.309222257059690531e-01 -1.183357044352714826e+00 1.843637171621502313e+00
-7.446355713519480224e-01 -7.287020104795871589e-05 1.037156457170935075e+00
-1.170807163459248290e+00 1.199878782266006194e-01 1.772127017530637616e+00
-1.115951934718231620e+00 -2.397424990773111553e-01 1.361557483198878593e+00
-8.477068984280435870e-01 3.642795409286501140e-01 1.896901426828124571e+00
-9.131559807867377643e-01 -1.065539147372429607e-01 2.007677535508587685e-01
-6.694405982194810978e-01 2.799648995669392626e-01 1.515984394178884642e+00
-5.038490472873866644e-01 -1.452772402026119014e-01 -3.027529805398014584e-02
-8.359227604480230500e-01 -5.458867671822829060e-01 3.145791575954269836e-01
-1.185079611600537763e+00 -1.424455315770767116e+00 1.878576478205794542e+00
-1.141822835956135762e+00 -1.084849199162559064e+00 1.208313043635994122e+00
-6.851321956390460377e-01 -1.281061076234259355e+00 1.421803719875296190e+00
-1.033410848205022159e+00 2.036269746068595232e-01 1.080022992190549092e+00
-7.636858451048647023e-01 3.821339744313039244e-01 1.385508417360165501e+00
-9.669374247957069901e-01 -3.246617281288930457e-01 9.589974753655606809e-01
-7.942967046550380994e-01 3.287457922691590095e-01 1.711869708236024135e+00
-8.155921526616456418e-01 5.567597921715905507e-02 4.393153013724822031e-01
-1.295050490295139634e+00 -8.727476748672653439e-01 6.021791362058588337e-01
-8.329360987940064298e-01 1.068563245651255045e-01 1.223884981732104027e+00
-1.224940417905632462e+00 -1.051842547909602743e+00 1.133393018671709607e+00
-8.092319194513362124e-01 -1.549317203902773610e-01 1.451274667222436365e+00
-7.680794933666447166e-01 -3.852747883239084903e-01 5.119115811122161297e-01
-1.219526172908301564e+00 -5.229034415256152979e-01 1.955309203399936191e+00
-8.728586671806994879e-01 -5.780181716216830079e-01 7.026718343129351174e-01
-6.937197577303539919e-01 -1.468641433049901135e+00 1.320767008870207260e+00
-1.112562217022103228e+00 -2.589573790744434945e-01 3.183400790586258244e-01
-7.141732332236815362e-01 4.030996079623558881e-01 1.998236694523913837e+00
-6.551090588611583332e-01 -1.275534219403935632e+00 9.506053028457402965e-01
-1.103850629241060366e+00 -3.304205962418800269e-01 1.101405659070221699e+00
-8.793401178518098771e-01 1.005552514474858938e-01 1.459784329298869254e+00
-9.450875716206723620e-01 -1.045777868873375427e+00 8.897421940169015775e-01
-1.076130714392203203e+00 -8.434646389352771223e-01 1.846891610002886264e+00
-9.305112284472210060e-01 -1.433726019106458471e+00 1.357412347585745582e+00
-6.488703902556380854e-01 -2.649657065300063952e-01 1.003972569712727081e+00
-7.644673888679696105e-01 4.282435892407818745e-01 -5.039510209968211391e-02
-1.184413122468311430e+00 -1.283757163558414405e+00 1.459722724905416991e+00
-1.213324680487872342e+00 -2.910399071519418346e-01 7.610962209364129372e-01
-8.333329713081054635e-01 -8.805739859123427049e-01 1.173885750190252431e+00
-1.047596189358135366e+00 -1.447394558315844071e+00 1.668480318974606025e+00
-9.893161944907588046e-01 3.251049374306398398e-01 1.445558449358827824e+00
-9.014460713481131648e-01 -5.481871746557471781e-01 5.056052372382345839e-01
-1.249065336007689320e+00 -1.318502077514098980e+00 1.052320116963942231e+00
-6.460652540864730842e-01 -7.166665807779668551e-01 7.765775980370690501e-01
-9.043605997005670361e-01 3.716764904626579380e-02 1.459803975480336469e+00
-7.457324674389742558e-01 4.265311075024711407e-01 1.450710254143475320e+00
-8.951906124785000696e-01 -6.363733876865558248e-01 7.115423862629567386e-01
-1.082777168835705961e+00 -7.726858287201434639e-01 1.840692960292019675e+00
-8.799091641228951044e-01 1.068473334836954614e-01 7.677089384588270393e-01
-8.574947968999514503e-01 -1.215266345250631819e+00 1.401936866151195060e+00
-8.561096267097672019e-01 -1.253579320159666777e+00 1.058789439914576747e+00
-8.117037690346429191e-01 -1.284079119942364677e+00 1.699184540242484109e+00
-6.430042985935225941e-01 8.269312270754802796e-02 1.568563710467030692e+00
-1.231541334213420935e+00 -2.818263529659059685e-02 1.876698079744958392e+00
-1.063623714628106676e+00 -5.887173900962472395e-01 1.263018134813185922e+00
-8.023196734337899594e-01 -1.232192387519245091e+00 6.475474799692280126e-01
-1.042563052069734875e+00 -7.230825675203540470e-01 1.703550280357106983e+00
-1.144841152557455999e+00 4.317169588271190239e-01 1.509147792217629513e+00
-6.165044871684342009e-01 -4.738417097970415437e-01 1.441951461343559560e+00
-1.051517563536806366e+00 3.512261766383497630e-01 8.851096692092010887e-01
-6.126325628057894823e-01 4.282577325375542809e-01 1.233886608368448545e+00
-9.319282285251483389e-01 -4.448948616582470983e-01 4.923724379740894719e-01
-9.360468731577720192e-01 2.867702557879014957e-01 1.981616013689699418e+00
-7.683257369823647265e-01 -1.230411592090383088e+00 9.569264786663512767e-01
-1.087136972709654481e+00 -1.172307403531132497e+00 1.948927040190480131e+00
-6.749275166968116135e-01 6.919411014545384653e-02 9.747956785656740619e-01
-1.297894827366365300e+00 -4.633241469013475999e-01 1.777393635591296261e+00
-1.030059900951088236e+00 -4.572827979139983956e-01 1.989607515293409623e+00
-8.264587738984714438e-01 -6.611597355930041164e-01 1.175446267428322145e+00
-6.343270868975675603e-01 -1.252835857524985830e+00 8.351369440001701339e-01
-1.207832585639931899e+00 -1.996808933275291409e-01 7.194819991581149488e-01
-5.638652507585950602e-01 4.496722758705091749e-01 7.640475516617275531e-01
-8.936007116599153921e-01 -3.767224381934308752e-01 1.486614880676259132e+00
-9.278041268270036390e-01 2.604287606687272216e-02 1.019449628915271022e+00
-5.446186795487875099e-01 -5.648304903987682035e-01 4.375510015942074560e-01
-8.233559998059482021e-01 4.301163442175177654e-01 1.685726739602781077e+00
-8.721660132247077701e-01 2.296695770893164568e-01 1.731551702971815265e+00
-6.523923660691540727e-01 3.576999190648697535e-01 1.321725285101619463e+00
-1.167156428255037737e+00 -7.209120355492366627e-01 1.868782054012144478e+00
-1.212951821751049541e+00 4.552876627384816466e-01 1.889323722451298204e+00
-7.046149272198550806e-01 -1.070632024203044708e+00 7.044657965514729003e-01
-6.650769479692530961e-01 -1.049403240683043137e+00 1.316287566828114208e+00
-1.295026102372515364e+00 -1.029584318402813725e+00 1.110925483972321270e+00
-6.873371793073170810e-01 -1.335988028736304400e+00 8.252202196389502031e-01
-6.197920944475290295e-01 8.464380070979604653e-02 6.093686617802576144e-01
-1.174742067077497731e+00 -8.019058891309622794e-01 1.567601624063792665e+00
-6.130993915479490131e-01 2.044015530429281746e-01 1.229348325886456594e+00
-6.424688562440904471e-01 1.426247411333358972e-01 1.549356375884640480e+00
-6.451166699999217879e-01 -7.709064435154628914e-01 6.198547835330675548e-01
-1.183641831899106656e+00 -6.276391607721818477e-01 1.380481334154457729e+00
-7.468702822098419736e-01 -6.700013529758754860e-01 1.132749702284586713e+00
-1.101188371372929797e+00 -1.186491618327531139e+00 8.137696342966674878e-01
-7.092038828798344907e-01 -3.750643242360804930e-01 1.486894163182752804e+00
-7.839495679527600513e-01 -1.457923645057768169e-02 1.400756039288292953e+00
-5.488838507101824193e-01 3.526896970760147187e-01 1.625567483171752148e+00
-1.042018033351757911e+00 3.499011938895613127e-01 6.618817119064777099e-01
-8.935181062653123618e-01 -1.449302879097965180e+00 1.388473302059110681e+00
-1.067886900420193186e+00 -1.149399002811705817e+00 1.166922648243921223e+00
-5.604741837434665808e-01 -4.458158775518985539e-01 1.245677118342630285e+00
-6.872236261964094206e-01 -1.054805079072999696e+00 1.789448778800527551e+00
-1.034621266783179117e+00 2.679141853177784416e-01 3.810486966591075664e-01
-5.934331528381751042e-01 -6.726398970126972188e-01 4.105903714498363444e-01
-1.266721449178172643e+00 -9.824159616584564603e-01 1.552501669825804731e+00
-6.584127362916321058e-01 9.130110203678576397e-02 7.934608984533009224e-01
-8.043727170348911049e-01 -8.155850276177512015e-02 5.086311120516675555e-01
-1.246041159486913852e+00 -8.618206255715632480e-03 7.706967051099323784e-01
-6.200041571556675901e-01 -2.274147874231238209e-01 4.944849774296782297e-01
-5.564966745672698112e-01 -1.367602064329425549e+00 1.944251350836944336e+00
-1.051491342154992514e+00 -1.317083727232630785e+00 1.750704033873558663e+00
-1.003326568654163475e+00 -4.749350266641805263e-05 3.212676358005782662e-01
-8.043332468566293247e-01 -1.312644548451137538e+00 1.136525160442073412e+00
-1.248214046651975107e+00 3.415765915650663676e-01 7.812164255363991394e-01
-8.854314568052155110e-01 3.878329785286549480e-01 1.571942118203996763e+00
-1.285988392386823831e+00 -7.719717527821214897e-01 6.005498573083049019e-01
-5.363866904642160538e-01 -9.362988173544206649e-01 4.114459222103670211e-01
-1.166915854389715346e+00 -1.134133979883060528e+00 6.634875001912594605e-01
-1.249895988411598102e+00 -3.920777559841233106e-01 1.749412845823355322e+00
-6.865079590121745401e-01 1.431202556023534189e-01 8.640573891775815696e-02
-6.747760458370175574e-01 -1.727543775847826257e-01 5.863325448514286053e-01
-1.206565277368100597e+00 -2.469894477613656658e-01 1.399236996850705239e+00
-1.069461076616660122e+00 -8.965736652310427601e-01 1.933769018808488394e+00
-6.798471488508535110e-01 -9.485558956095232475e-01 8.524372302038196736e-01
-6.844078164644324946e-01 4.812126949916943897e-01 3.704824646337778749e-01
-1.088352787790840992e+00 -1.434179675100537565e-01 6.584325291267290048e-01
-6.765959686371014747e-01 1.935048179989469208e-01 2.139229763928404415e-01
-6.958760617672362647e-01 4.714731331271002635e-01 1.058703648641715844e+00
-1.136870888396463553e+00 -2.204634587890703656e-01 1.309865388021216770e+00
-9.664603453928497512e-01 -1.278416749647818929e+00 1.095383042844374710e+00
-9.511385476545444195e-01 2.647241570929343979e-01 8.397349027454025228e-01
-5.306879800729513708e-01 8.413332060029321546e-02 6.973777535720289134e-01
-6.693227430434782743e-01 2.408870993233998004e-01 1.576061815171397429e+00
-7.441736334748377812e-01 -1.288346482304375096e+00 1.851802186003105755e+00
-5.696332111723674263e-01 -1.473356840362425979e+00 1.703865011536090046e+00
-7.377602304514778719e-01 4.551730669690148279e-01 7.850889130629544743e-01
-1.264969719155183414e+00 1.733008771100017498e-01 1.007266667531754756e+00
-9.401381325543083367e-01 -4.437359417082891166e-01 1.537288044883400984e+00
-7.777389727816597098e-01 1.793131269216408086e-02 1.827283963002287681e+00
-6.667087611493990318e-01 -1.457065917783190168e+00 1.313193597193646811e+00
-5.827879672926786769e-01 4.036466271323970734e-01 1.740739796646180615e+00
-8.568019004382022574e-01 1.885293441359903177e-01 8.009983624504267707e-01
-1.229395421684908785e+00 -6.639423451892751959e-01 7.948903232205278835e-01
-1.102068653858202740e+00 3.834300894941780058e-01 1.543233700287478971e+00
-8.936289290119165951e-01 -5.730231667750049773e-01 4.696062800721487740e-01
-1.133345006557163304e+00 -1.472757913540373664e+00 6.688107059439241109e-01
-9.610610126248815277e-01 -1.983683504079900572e-01 1.951930917381970332e+00
-6.661155698932235136e-01 -4.481484558790678197e-01 1.002520981763403762e+00
-7.326093506362475472e-01 9.648406929737540771e-02 1.054789126941575450e+00
-7.948306967015846825e-01 2.666264925805035269e-01 8.805168576618940257e-01
-1.071008639583131972e+00 4.596047766105761934e-01 1.819544601939457884e+00
-9.944475881870237233e-01 -2.522481070353750354e-01 7.289231459684590853e-01
-5.625525411058707181e-01 -1.238430263175753776e-01 1.125090607101117302e+00
-6.148478722893238047e-01 -1.278109910306479025e+00 1.940073404973638116e+00
-1.013777988130484697e+00 1.168516680465399027e-01 1.677653861912869360e+00
-9.864556468102958497e-01 -1.243625941853552463e+00 1.458181108747744981e+00
-1.298311067283943299e+00 -8.023480429296292460e-01 9.385433295442909829e-01
-5.310220866771715453e-01 -4.244130975387172544e-01 1.164487710116709041e+00
-1.238235756822740674e+00 -9.425288582173723118e-01 6.531220297649034112e-01
-5.115403943308396428e-01 -3.801746468142679358e-01 5.015224123245767274e-01
-9.551242388598528699e-01 -7.819749520687397926e-01 7.082034894671903613e-01
-9.323239794517347301e-01 -4.329929980299729309e-01 1.533420307191057042e+00
-1.123399280093525743e+00 3.838224803684189279e-01 1.257827372732457372e+00
-1.111670138466621438e+00 -4.037610018230359810e-01 1.480208701997929976e+00
-1.275518487319623917e+00 3.977468039320632975e-01 1.239236682090737673e+00
-7.662813204372088682e-01 -2.648309467018390428e-01 3.648156321066388097e-01
-6.032773050539479431e-01 -6.784979018248371574e-02 1.061268119995089909e-01
-1.204940972118116349e+00 -6.546696125232074337e-01 6.351198455770300511e-01
-7.460945153465984303e-01 -1.124912174239429685e+00 1.251556437892261897e+00
-1.037997237390416938e+00 -7.354784928599398253e-01 1.050542341712014993e+00
-1.275074494739014019e+00 -1.446368351688595233e+00 1.581688194429694994e+00
-1.292082556073532729e+00 -5.237609495084138977e-02 9.430804299881204722e-01
-5.220131085334394072e-01 -3.021871864576177735e-01 8.196020040875944268e-01
-8.339575417923965617e-01 -2.733505176039117135e-01 1.526969381073070009e+00
-9.932339839754444899e-01 -1.108839147802594072e+00 1.699190039519520967e+00
-8.245787932899699690e-01 -5.610711215749930592e-01 1.810466199233075724e+00
-9.774915297300876826e-01 -3.866180206183433832e-02 7.051699900068540972e-01
-8.618802278260810912e-01 -8.860610848658432293e-01 9.443198296611480247e-01
-8.657636422992396330e-01 -9.347394125909684881e-01 5.663475453097918111e-01
-1.028130989559539410e+00 2.840257782006028187e-02 1.385507276080808481e+00
-7.744516510956266364e-01 3.391273127611040827e-01 7.587632419118358618e-01
-5.073922839904476678e-01 3.146964963166061224e-01 2.112146706440809762e-01
-8.362659019850064990e-01 -8.103548237229893925e-01 6.061186787456951386e-01
-1.225374783469395989e+00 2.773630540274665268e-01 1.462092245286471748e+00
-8.759355491510516512e-01 9.488704025270267017e-02 1.497155531137276174e+00
-8.807458160606237429e-01 -1.143148335795609594e+00 1.672564786884086718e+00
-7.727308048509095029e-01 -1.254287276408119656e+00 1.666014868653461711e+00
-9.186911071885190960e-01 -1.332628022829607239e+00 1.073217438691635550e+00
-1.157728414457880328e+00 -1.400370018904681713e+00 1.778397220363297615e+00
-1.193154475666408532e+00 -1.031223449740991560e+00 1.021878879899356107e+00
-5.594315933889759673e-01 -8.425571472456856448e-01 1.653328976995780852e+00
-6.638922803137412565e-01 -1.323952191486303276e+00 1.392518125784876881e+00
-1.148593686977162687e+00 -2.945368503140544103e-01 1.970416928780161392e+00
-1.083408272528950222e+00 -7.000015197643343345e-01 8.110670669614972184e-01
-9.133528108445122529e-01 3.417542306312508771e-01 5.745453378499999486e-01
-8.069479665888370512e-01 -1.188200384962731837e+00 1.648373437223274784e+00
-1.199428594919009106e+00 2.326355409302185429e-01 1.272468566507903631e+00
-6.962933636201638077e-01 1.786674080995784841e-01 3.099723722245836255e-01
-8.374380548995331575e-01 -8.193965482831897518e-01 4.953345944164234682e-01
-9.068522321626122373e-01 -9.365877389714054591e-01 9.679289528635349749e-01
-6.042370299888519813e-01 -3.615593009598729868e-01 9.707119749070799997e-02
-9.217367621993536320e-01 -9.481615921972657013e-01 1.447690776238675925e+00
-9.456913283257475378e-01 -1.122193849506623486e+00 1.212015597837267533e+00
-1.279013616220805893e+00 -1.300526632728140619e-01 1.767257729734782901e+00
-6.628993176369725182e-01 -3.539642885827869456e-01 1.131009532912093940e-01
-6.155547824111285982e-01 -2.614126640158009884e-02 5.469100795721231201e-01
-1.033493870399253112e+00 4.870483034488060081e-01 1.013294922088587402e+00
-5.175192627119333810e-01 -6.082594478033009899e-02 3.832897471687342072e-01
-1.099691498938288436e+00 -8.819961308048576143e-01 8.723287222804868568e-01
-1.020459316560197394e+00 -5.763221813442906960e-01 1.746169881925627720e+00
-8.666122077909845789e-01 -1.487211702225702981e+00 1.092969816602588962e+00
-8.327066824357711727e-01 1.571077260234419182e-01 8.702631236005230475e-01
-7.157609171896740508e-01 -3.787877928088723145e-02 3.083905157722881540e-01
-1.141046002354792366e+00 3.334272658883095097e-01 6.078555567926072767e-01
-9.727296574097802351e-01 -9.193751221523904782e-01 8.269563478507574450e-01
-1.122949159089128512e+00 4.042640078083292732e-01 9.597998080979094349e-01
-7.258469494327917104e-01 -6.196279362219128117e-01 1.996316396699763462e+00
-8.086923061789446088e-01 9.209468807628673481e-02 -6.013140097730489825e-02
-7.188754251653438621e-01 -6.316617173401588570e-01 1.248006672656811533e+00
-8.897730435768844703e-01 -5.533176357654643329e-01 3.827418209324392473e-01
-1.294852159780800704e+00 -1.488874783617587294e+00 1.468282212280074273e+00
-9.319702617139546952e-01 -2.213087409984697551e-01 1.417673924722743228e+00
-1.114343179255673277e+00 -1.176603014453779128e+00 8.549700469822609783e-01
-1.268505598464302109e+00 -1.803931717873943352e-01 1.534090758382174791e+00
-5.716626125950780013e-01 3.772317074210236321e-01 1.083856985604939593e+00
-1.211632542718310557e+00 4.758455967636032735e-01 1.513541963136675772e+00
-1.074050738880420575e+00 -5.892274025548533967e-01 1.259614798415473524e+00
-7.423375336919538769e-01 -8.537865346271489297e-01 9.411909603925264767e-01
-1.158784843345675108e+00 -6.975381567555047901e-01 5.551575995212300052e-01
-7.341927940870591751e-01 4.195037106617816036e-02 7.254968285955836205e-01
-6.362630486096498839e-01 3.235218170900278079e-01 7.722105125012355131e-01
-6.400922354909266421e-01 -8.665707064674692539e-01 5.895931146682865664e-01
-7.971288217697186651e-01 6.991985967657599055e-02 6.436910674135426502e-01
-5.389923251987630559e-01 -1.459591318155183393e+00 1.218870682469845868e+00
-1.122657872443168170e+00 -5.284876981764801140e-01 9.844631885744853372e-01
-1.268778775968809169e+00 7.250607260301777934e-02 1.737134069368682088e+00
-7.313563186204700139e-01 -6.865660780597155899e-01 1.545455814025184615e+00
-7.655138774906273813e-01 -2.462263110987175097e-01 1.486383433923753383e+00
-6.344105355848734806e-01 -4.428215179060841500e-01 1.686310342096605686e+00
-8.499124131019681894e-01 -9.992465143709119424e-01 6.589970269264301406e-01
-8.288651854902955307e-01 1.304878747965103614e-01 1.095294450124631780e+00
-7.121069878608968784e-01 -5.685192239273528791e-01 8.479352692949160275e-01
-5.317657041373488047e-01 -5.418935993550206831e-01 1.875609209433830804e+00
-7.930418722789305264e-01 -3.220910118103132991e-01 4.177458731008690807e-01
-9.742397241852887024e-01 -7.539157643139295928e-01 6.025102574075215101e-01
-8.863372657538370891e-01 -1.243269559493478837e+00 6.500411702347790310e-01
-1.211103956135765936e+00 -1.557124147133295278e-01 1.061064635628535813e+00
-6.837277569316153603e-01 -5.976589405053551740e-01 1.033398450364322319e+00
-1.019593269973170457e+00 -2.158543193321502685e-01 1.290390461356690111e+00
-5.608310873595113710e-01 5.546476470902783618e-02 1.694180118412812242e+00
-6.541372703034803449e-01 4.026902291641563103e-01 1.207858344629645808e+00
-5.822421463265008423e-01 -8.907716141845487545e-01 1.152280905215359530e+00
-9.990098023103379798e-01 -1.473233611005663857e+00 1.420032587932148704e+00
-9.858422081449513819e-01 -1.393694716363305330e+00 1.064168057174602833e+00
-8.244285834511559941e-01 -8.231834545630862809e-01 1.705678822091465152e+00
-1.208189887202653301e+00 -4.047922591686967664e-01 1.245170174399641949e+00
-5.838050540721670956e-01 -2.416650235491484278e-01 1.845990267459548528e+00
-6.332480881320250443e-01 -2.766348104530622631e-01 1.878881120715915509e+00
-7.929578594101658329e-01 -7.720917782751004488e-01 8.540579190374470997e-01
-7.885504908794921386e-01 1.900585972284578595e-01 1.184308737056285254e+00
-8.480118686694602115e-01 3.686410568900473361e-01 6.661854560029130123e-01
-1.202261150917746546e+00 -5.957336548543161747e-01 1.331344333273919656e+00
-6.404135317305441610e-01 -4.485446233374157377e-01 1.252671653693465448e+00
-9.554074232973892578e-01 -8.632495414708090120e-01 1.880000887762115047e+00
-5.407478758619641557e-01 6.472346524565275594e-02 1.500276267311875245e+00
-1.292622589283562329e+00 -5.479636286382838506e-01 1.619166250882543068e+00
-8.145178940691994995e-01 4.663928130571948216e-01 2.973083029333685179e-01
-7.795718990216795596e-01 -1.222988952744812341e+00 8.709881830764041322e-01
-1.111361719099821954e+00 -1.182033926960593062e+00 1.000710492400051388e+00
-5.050517210933229695e-01 4.360630053119591842e-01 9.970730441272629418e-01
-7.793044381024069045e-01 -1.188075071883526679e+00 1.816309387032594369e+00
-1.133023879172510906e+00 -1.383907510207743163e+00 9.024771194072572778e-01
-5.567154295012436416e-01 -1.447412414344071641e+00 1.692678608209719160e+00
-8.583958588530102851e-01 -9.565150398744435289e-01 1.754761038821194941e+00
-6.178386995497286982e-01 -9.116725470839930345e-01 7.230952139623099129e-01
-6.352971321339926369e-01 3.222986447968785306e-01 1.366995875916339864e+00
-9.814331428980831440e-01 -9.899736695340604076e-01 1.797535756504823778e+00
-8.202901137439300161e-01 4.974834568677273250e-01 2.066696218202179747e-02
-1.214959789534184376e+00 8.699017837831624078e-02 6.093071180819675803e-01
-1.057791814932317553e+00 -1.436645228260390539e+00 1.001760762256168613e+00
-6.000857391707030697e-01 -1.213708805165545357e+00 9.170611130788423049e-01
-5.512834457110371567e-01 -4.462392279345026580e-01 3.905709422947553078e-01
-6.066653142465623372e-01 -4.477128596073716160e-01 1.496493068309211694e+00
-8.569656509494905094e-01 -8.658540458620329616e-01 1.305791689321232463e+00
-1.009075198004304230e+00 -1.052492429843656652e+00 1.128134636852073269e+00
-5.273325875758236858e-01 -5.316441735671628699e-02 1.664312298889276009e+00
-5.005256295989578552e-01 -1.314694905952797921e-01 8.099180875721956330e-01
-8.484742844331709666e-01 -6.275485766397270737e-02 1.893061566076037483e+00
-9.643303117463581930e-01 4.012001576446535545e-01 5.000379681460040970e-01
-8.669856613362771913e-01 4.925827017980277667e-02 1.381744901831082117e+00
-1.156837922461634749e+00 -8.425789544010691134e-01 1.045311788770112660e+00
-7.541150389931012832e-01 8.913487704883493734e-02 7.162593622940521820e-02
-8.529633763050733508e-01 -3.904521262449165420e-01 6.678426921258139304e-01
-6.481696376430506890e-01 -7.158461205415320716e-01 1.761187712976680197e+00
-7.438375871174242038e-01 -1.003790023870849923e+00 1.252653974432241801e+00
-5.508249320085897294e-01 -8.393707917390464956e-01 1.943375422520931206e+00
-8.107687233456917220e-01 -6.579548947644764390e-01 5.029664045503694503e-01
-5.764406866814446584e-01 -9.624495188327126804e-01 7.585706918143673150e-01
-1.165278303103792323e+00 -1.169308362310017557e-02 3.482721647200306414e-01
-7.082696987130181476e-01 1.555467766911757810e-01 1.163494180863798411e+00
-6.784913761980208013e-01 -4.067955883352181168e-02 1.118526265744164139e+00
-5.095985652482485362e-01 1.978556825125332708e-02 8.047442228288973487e-01
-9.307104674359885088e-01 -7.111853024709837712e-01 1.809231408570887156e+00
-6.005472040421413471e-01 2.260042597485292237e-01 8.646490011296068534e-01
-1.200951161753271546e+00 -9.213195940904057579e-01 7.576962867932245382e-01
-6.981553344083342161e-01 -3.092214397887576016e-01 1.249471147186417830e-01
-5.707857446019589664e-01 -7.845288510353061184e-01 1.992753367296381306e+00
-8.862740312626367079e-01 -6.233528395703284986e-01 3.879829268274809229e-01
-1.060009544482218402e+00 -3.585966833791778274e-01 1.794759889598451341e+00
-1.172547104394961570e+00 -5.968066830507021692e-01 1.721326153514020740e+00
-8.940002500927670681e-01 6.934976627326072673e-02 1.391036016956810561e+00
-1.190164442926020971e+00 -9.668906934585956847e-01 7.718708635539055507e-01
-1.290212240104700037e+00 -1.286514268888942158e+00 1.227972512270187444e+00
-9.803804156341984211e-01 -2.422725798688696308e-02 3.302390229699616597e-01
-7.123735009686004149e-01 -2.470701954775424980e-01 1.503528157754316696e+00
-9.812622629759897297e-01 -5.026903338477206606e-01 8.656542330841653365e-01
-1.027774379584625697e+00 -8.995358098509180778e-01 1.275128268636562368e+00
-9.636590669457542058e-01 -6.879567887140318749e-01 1.027630037560877341e+00
-8.399343694956069584e-01 -5.541175342683031246e-01 1.005562346212102609e+00
-1.261237446848960220e+00 -2.552940583456440038e-01 1.137767672337719249e+00
-6.478005009219240939e-01 -5.313980684409089772e-01 1.800652239758137263e+00
-5.467629575257546559e-01 1.004699810104494606e-01 6.780484023850488207e-01
-1.011583450201034129e+00 9.358194175201939302e-02 1.809997216995402392e+00
-8.227366593050624566e-01 -7.657448617544828640e-01 1.097442507219202446e+00
-9.645176581616415890e-01 8.618677591922807579e-02 1.919898786968199378e+00
-5.700535473005188258e-01 -8.160707224587677722e-01 1.755435494758492254e+00
-7.874800229619481895e-01 -9.097411876210068638e-01 6.699259858848515270e-01
-8.252800828062478722e-01 1.839705173647716574e-01 1.547777892989609938e-01
-9.405128412522880677e-01 -1.217722380423751583e+00 1.367435659629834488e+00
-7.468564113646709579e-01 9.946794618809007282e-02 1.264309768066072426e+00
-1.159530460581227107e+00 -1.021455822627623800e+00 1.288821261716877498e+00
-6.603083660764598184e-01 -1.273808266093125585e+00 1.937585516025346788e+00
-9.422938418509243519e-01 -5.169087885189735943e-01 1.307270557471731154e+00
-1.178855513476659400e+00 -1.283364224091706474e+00 1.500793897154107048e+00
-1.216471647080027418e+00 1.867591155017711557e-01 9.282366277381236541e-01
-8.987257359448692640e-01 2.324092056994186972e-01 1.772874692693105825e+00
-5.508194710416833839e-01 -2.740679034925557200e-01 1.523976024373830729e+00
-6.386773812116561810e-01 5.612773548908034371e-02 9.904612052497597796e-01
-1.226443594188768804e+00 -6.674432044900009409e-01 9.372122517010811338e-01
-8.370003669888359532e-01 -1.698856880219465904e-01 1.906451115530543028e+00
-1.251601443861448004e+00 1.603720914780413231e-01 1.048880836045110510e+00
-8.951200165788417706e-01 -1.383900529180611461e+00 1.157129950568319909e+00
-8.374155604450500556e-01 2.092165301778616815e-01 6.240650918006468428e-01
-9.794980748101360657e-01 -1.260468926124320266e+00 1.587989629225170951e+00
-7.694487812035185614e-01 3.396018606025155151e-01 8.615111413755621728e-01
-6.432182006264950402e-01 -7.923558267333568050e-01 1.845610580172243109e+00
-1.089876934023486399e+00 -1.299734417767484551e+00 7.400974328068837815e-01
-7.682326751759751549e-01 -7.634019239454514771e-01 1.067252943024711964e+00
-9.546375513381116784e-01 -1.593575603266847995e-01 5.220576697734198302e-01
-9.385476830165409012e-01 -5.917914152830909824e-01 1.092477491657806166e+00
-1.265604138517226751e+00 -6.268210052842406732e-01 1.415179438036862969e+00
-5.462636121833299718e-01 -4.907742600470970107e-01 6.381129983531587113e-01
-1.037569829468979909e+00 -1.035606941142612314e+00 1.053271887202981372e+00
-1.206355162686060023e+00 -3.530760550564404632e-02 1.183497483335176570e+00
-1.059093014473777350e+00 -5.520532953609575966e-01 9.037042955070023753e-01
-9.291081198861582680e-01 4.852215344895309812e-01 2.298233894774708019e-01
-8.520401823442658173e-01 1.192254957621126099e-01 4.244274433645445210e-02
-5.935949580919173130e-01 -3.712236365205425770e-01 1.458702256153803445e+00
-1.172857425061741843e+00 -4.162317639265877833e-01 1.041657429529702750e+00
-5.918914653268860793e-01 -6.488676200813681127e-01 1.720126042311382442e+00
-8.894696769964878236e-01 -7.466661570343620102e-01 6.037472044533575000e-01
-7.914461319252074079e-01 -1.190830002542298205e+00 7.132175687806415754e-01
-5.597777979304681129e-01 -8.150429796408349414e-01 1.546766953716745441e+00
-5.771095630051606973e-01 2.904039551369441696e-02 1.668287098903831422e+00
-6.076007514268356724e-01 -1.174845113351803860e+00 5.971578160840228522e-01
-1.228951388315229432e+00 -9.786425713028710227e-01 1.635552841039679572e+00
-8.058905726308374096e-01 -6.433517938520241231e-01 1.079638593285769277e+00
-1.043864402948469827e+00 -9.407111221377160160e-01 1.371536570915452558e+00
-9.195183575175880364e-01 4.675901339854340311e-01 5.654917658583689111e-01
-7.629326981400094132e-01 2.181728403637217539e-01 1.974045788401480872e-01
-9.100532369411366007e-01 -1.068064547665137365e+00 1.383839406933413674e+00
-7.972657525259897460e-01 -1.336358874716073508e+00 1.282247903616587914e+00
-5.717348624600844254e-01 -9.295205159278714380e-01 1.073342272970153832e+00
-1.015448749378576654e+00 5.424779787694267164e-02 5.578213814735949461e-02
-1.150094088832618988e+00 2.433556851263496412e-01 1.311897758512061918e+00
-8.229205384591653516e-01 -1.079515376789855763e+00 1.479320664714035782e+00
-5.794233106973332159e-01 -5.310108032431262171e-01 1.538468452215616900e+00
-7.173232156883412314e-01 3.274264971387619294e-01 5.847855542450744459e-02
-8.999359425499690035e-01 3.457708950722895302e-01 1.654370607604621846e+00
-5.435477123949492562e-01 1.737884556975475281e-01 1.974827870936675112e+00
-9.550814924902512049e-01 1.313610345961369053e-01 1.406474861835230739e-01
-1.129935538751476454e+00 -4.779490009639695280e-01 1.974609314515615388e+00
-6.791975716343019442e-01 -8.833406202942457597e-01 1.399868396458385567e+00
-1.165035657540960612e+00 -5.808813019518683785e-01 1.328152800571485326e+00
-6.449038606078244529e-01 -1.084433458477978007e-01 9.508847811965560615e-01
-7.139283624244752158e-01 -6.664835334595744509e-01 1.321394828606598848e+00
-9.145891003370798522e-01 -1.045821698067603167e+00 1.258725933701535071e+00
-6.352087536160562209e-01 -8.968167478529796011e-01 1.297473209407525641e+00
-8.819121712258702894e-01 -1.154971784255119704e+00 1.368582090477432400e+00
-1.028282277996888538e+00 -6.360328169133531162e-01 1.547636327050191385e+00
-1.267437182240099158e+00 -1.076081512423012754e+00 1.207994647067648142e+00
-9.262212934180942270e-01 2.117802544311815360e-01 1.626649640204060610e-01
-1.121477008594653491e+00 2.127292803309457359e-01 7.046808647831785954e-01
-5.372817193582836159e-01 -1.156539487806271582e+00 1.258698249816794901e+00
-7.509889150037358796e-01 -1.216931736706423184e+00 1.429725814703653786e+00
-9.907569157591678000e-01 -2.652073786934681099e-01 1.843379087288487872e+00
-5.232898007538502316e-01 8.167043140950336344e-02 5.529621150815716701e-01
-1.260136766137509801e+00 -6.428242925898759452e-01 1.034399933899070589e+00
-5.044136086594523949e-01 -8.499056577096153475e-01 1.004703032180537692e+00
-1.104517509689906696e+00 -8.802314293825745928e-01 1.110427500262074929e+00
-6.687774862090416494e-01 -2.611117673267302486e-01 7.465068480051911814e-01
-1.188540061066132081e+00 -1.012350788572678351e+00 1.258836649416384956e+00
-1.184900330741557761e+00 -8.848979433295736108e-01 7.219670043906407653e-01
-6.400463656230725995e-01 2.671772102802536519e-01 6.635220543569674279e-01
-5.147190399452994392e-01 -4.611586017739903731e-01 1.853010867245684423e+00
-9.222350463161290701e-01 -4.678579059361382964e-01 1.877661007575308405e+00
-1.124522064093017804e+00 -1.392902021038848526e+00 1.267717990239955572e+00
-1.249656531027556694e+00 -1.391293978935310927e+00 1.382680944061972950e+00
-1.000351511640651392e+00 -1.682306077024102731e-01 3.713340348345339770e-01
-5.000554127796104087e-01 -1.186070418508067048e+00 5.176395225392597110e-01
-5.311526019832385481e-01 -1.111717150634414786e+00 7.279649805095345094e-01
-1.119298539033440898e+00 -6.276207391219927878e-01 1.775864169505906975e+00
-1.058822885345589437e+00 -5.338587364417508585e-01 1.189484609321643349e+00
-8.804144712421324570e-01 1.372210618530533832e-01 1.355279117732564931e+00
-6.424700356243984167e-01 -7.369071305158110263e-01 8.296690742381418460e-01
-1.073056566450402816e+00 4.202718921969772481e-03 4.925279142710309310e-01
-8.967198161125531364e-01 -5.999446999620534626e-01 9.996564685768735137e-01
-9.029396024411391330e-01 -1.355173191472845096e+00 8.771090178063725151e-01
-5.896750501978217374e-01 -5.414142560888608458e-01 1.908921095907986309e+00
-1.119684338516532041e+00 3.032871924082352066e-01 1.176382333404857539e+00
-9.679320972033007564e-01 -8.868236352365332920e-01 1.783772010416891263e+00
-6.346749087486263097e-01 -4.412386142758415453e-01 1.351957127391397284e+00
-6.601399500482990623e-01 -1.000175631621202044e+00 8.240463801660117271e-01
-1.282848211250200432e+00 -1.386754036691847380e+00 1.323746508292227952e+00
-1.154887222003259106e+00 -1.230276827252496874e+00 1.436816013364252465e+00
-6.803364993819023265e-01 -1.470409944764110577e-01 1.869063715078727705e+00
-5.716980437204272070e-01 -1.309658021629554359e+00 8.111157161747669653e-01
-7.460451466319413250e-01 -1.083365420369054588e+00 1.959949680345185907e+00
-6.702512571342821301e-01 3.991257605153473165e-01 1.549652896911640099e+00
-1.179217902699169152e+00 -1.216400012750884496e+00 1.059001990342117949e+00
-5.732166698107830083e-01 1.136127758395482079e-01 4.251131652393285165e-01
-1.134476013892556701e+00 -9.344922373739361632e-02 1.778143388563135474e+00
-1.265109428679890513e+00 -6.333654212253287952e-01 1.206040930443005754e+00
-8.906142173451503385e-01 -2.958412575354747442e-01 1.522087368784549311e+00
-7.639610436702296559e-01 -1.142549749276811077e-01 1.868504391105935580e+00
-1.099404125236370211e+00 3.564600641203297116e-02 1.416275107508806252e+00
-8.556940521555995716e-01 -8.179998839256819032e-01 1.709231157058614503e+00
-6.708298745643103134e-01 -4.634567267794564849e-02 1.571540937960880235e+00
-5.420559146446696230e-01 -7.485947255562745983e-01 9.371143161783886955e-01
-1.245479433187716589e+00 -8.896835729838299400e-01 8.728996984643420110e-01
-5.279232901085038066e-01 -5.648881179617835091e-01 1.869273428590949582e+00
-7.542873284326755412e-01 -2.692020289958272361e-01 1.469602915690329192e+00
-1.213415864452780601e+00 2.663392247370797161e-01 1.947740050772905462e+00
-6.129709128378820759e-01 -1.580691728025340748e-01 9.237838003225379291e-01
-6.801205989795487961e-01 -4.113632437201109049e-01 5.394411074523742800e-01
-8.908936264651760029e-01 -1.489465848740439524e+00 1.670128406147202593e+00
-1.059160606812328709e+00 -1.444793923241307176e+00 1.705513695602151270e+00
-1.013968094019656041e+00 -9.143057751927143872e-01 1.221011299284669782e+00
-9.518288350165194922e-01 -1.235080704509923688e+00 1.664312914552236400e+00
-1.293795938720220695e+00 -9.790939042191704189e-02 1.822854948462776736e+00
-8.056478114274225888e-01 -4.471313078262784124e-02 7.137705620793480810e-01
-6.047432339639381427e-01 -7.494633361868263677e-02 3.857984251881869664e-01
-1.161927678875033010e+00 -5.905586006820706668e-01 7.139590978423262513e-01
-8.433711733117941201e-01 -1.737189701473309533e-01 8.006666609561665648e-01
-1.026642111419180381e+00 1.709654624190104499e-01 1.355334913134139674e+00
-1.088225446789887529e+00 4.923567425683506027e-01 1.695768843813953985e+00
-6.219081641543793282e-01 -9.851080085236281203e-01 1.086092274929468138e+00
-8.007127807640672668e-01 2.707891059705138659e-01 8.743051320361876488e-01
-7.353747481277268516e-01 -3.917721649623584490e-02 1.005591588215807519e+00
-7.476083580647583382e-01 2.401631707683036243e-01 1.075224016089858736e+00
-5.526636995528758645e-01 -5.551238847826023282e-02 8.273793334818562162e-01
-9.554613443425697961e-01 -3.331266904160661291e-01 1.964817161896248887e+00
-1.062355694651567539e+00 6.974399841307898917e-02 1.409960856803654128e+00
-9.320138828590179836e-01 1.788383828745834236e-01 1.271369514853544436e+00
-8.559409765208156884e-01 -9.242811097915959451e-02 7.135765258618724793e-01
-6.316400611616541649e-01 -1.678549933370521163e-01 6.738721597513880335e-01
-1.287090263805241497e+00 4.281132584564240062e-02 1.920419753935548979e+00
-9.353020635031192853e-01 -7.127937851574241979e-01 7.292616380331312653e-01
-6.785267969636700203e-01 -1.451111507909654819e-01 1.571404884213862818e+00
-1.049146356167949712e+00 2.576741217982769783e-02 1.976392089208801384e+00
-1.261289221833115093e+00 -1.387531950146033477e+00 7.505090217720833401e-01
-5.325152448736314437e-01 -1.376192693017746826e+00 1.311915103142280437e+00
-1.066134890151576364e+00 3.096718267423592685e-01 3.651289221691822462e-01
-5.401599963399126292e-01 -6.723461208415186796e-01 9.788060780985917697e-01
-8.185255444334085251e-01 -1.275418414806135381e+00 1.871748474496255810e+00
-7.422491307914710346e-01 3.082195910359284419e-01 1.966901542362980315e+00
-6.529746223666894611e-01 3.866142549075972656e-01 2.730485012533048206e-01
-5.776650423303556492e-01 -1.418962567636127492e+00 8.489329761495831850e-01
-1.100829900168899034e+00 3.894237824724779973e-01 1.980313345056715413e+00
-7.822055676460835105e-01 -1.209601571995402081e+00 5.922836604779335712e-01
-9.494875047541581070e-01 -6.704649148731418595e-01 1.431203512664136923e+00
-5.093049968925836835e-01 -4.494070767253006693e-01 1.100694671031644978e+00
-5.016689729241529117e-01 4.848449910722649747e-01 1.677139220631105321e+00
-1.148162091556554021e+00 4.929974564064394382e-01 3.712668468918017828e-01
-7.665030300180871725e-01 1.837614191579961531e-01 8.182949065461398996e-01
-9.667966272518998538e-01 1.567689487181536112e-01 8.492341792669902967e-01
-1.017103436171510999e+00 1.748705236107930272e-01 4.593000683192602907e-01
-8.781409406588910338e-01 -9.347493743449781789e-01 5.061804334252907323e-01
-7.402790892180368676e-01 -9.492947890176182124e-01 5.413869956932065852e-01
-6.544198271563270719e-01 -1.343984352763386347e+00 6.660415313470681165e-01
-1.151823408191071207e+00 -5.783645804178427774e-02 1.173809887178187461e+00
-1.124410963567624488e+00 -7.802799184390836196e-01 6.670603066218481203e-01
-5.249494155276228646e-01 -7.384898964864390347e-01 5.721947335388138933e-01
-1.284349355104462020e+00 1.200236232138911507e-01 1.599743929107991347e+00
-8.310833496975617019e-01 -4.944835810945718002e-01 1.879402597425819277e+00
-1.082720187713773985e+00 -1.323218458697314581e+00 1.329787353049874055e+00
-5.035034256383299489e-01 -2.999300508547284583e-01 1.594702864294429867e+00
-1.185144794641422861e+00 -1.439320956813367580e+00 1.857522034961213597e+00
-7.080507375412284921e-01 -7.750213308013580438e-01 1.678834557906790481e+00
-5.088420405975101479e-01 -3.859807428221226910e-01 1.594082294862408267e+00
-6.768875589036479345e-01 -1.120094677234846348e+00 1.981418314496791844e+00
-1.005777211920445779e+00 8.288538271547740699e-02 1.211534523536548669e+00
-8.225286786381085236e-01 1.104044842346536548e-01 8.023863288118606718e-01
-6.176880079548153768e-01 -2.155436110530084548e-02 4.509248374208544297e-01
-8.514070835734446341e-01 -1.429490182889101568e+00 1.277191242828491724e+00
-6.743643081872415790e-01 -4.590219232754855216e-01 1.456447442406662018e+00
-9.135171997412454559e-01 -1.203107803524089192e+00 1.086582378886892464e+00
-1.253829723519896522e+00 3.802590109448569233e-01 5.167278626048555923e-01
-1.130515113445535125e+00 -8.173896061602434759e-01 1.656211726487890612e+00
-8.674057424518953896e-01 -2.022795076178578455e-01 5.029800134142715651e-01
-1.214415782902999341e+00 3.520034254244523986e-01 1.546082560196655020e+00
-9.209426991900147019e-01 2.122778770045048446e-01 1.921996384852108886e+00
-8.545344104507348604e-01 3.969423416731037157e-01 1.170028114217638748e+00
-6.527890505832946166e-01 -1.401529106077764597e+00 9.031547844467268105e-01
-1.062028519272159688e+00 -1.204153873917047646e+00 1.494143703463999273e+00
-1.055632297023256339e+00 4.041453991222843101e-01 1.125132083970341146e+00
-8.228915232398305024e-01 -1.017228074295148055e+00 5.279068055185128783e-01
-1.252522951189411371e+00 -1.231255270219803188e+00 1.038831378374103442e+00
-8.482424518917985878e-01 -1.129143154046495567e+00 1.918502000744205294e+00
-8.451987755126713076e-01 -1.211524223729480987e-01 1.068922091174366595e-01
-5.385438053108594358e-01 1.977168709979681971e-01 1.306593934906448817e+00
-8.761283297287163485e-01 -1.010793880787939747e+00 9.610388492344493772e-01
-1.151629099223917096e+00 3.101860653517884980e-01 1.386535594915229819e+00
-8.575006539529099747e-01 3.498123463049629400e-01 6.203712140074538195e-02
-5.805512677327717697e-01 -9.464370136449622439e-01 1.662086454716145578e+00
-9.656436694753725014e-01 5.634969017808288960e-02 1.825330164618668372e+00
-1.028708712815505022e+00 -1.494721947911124227e+00 1.669814019532768423e+00
-1.120399484893487285e+00 7.839758050349976415e-02 8.070893092806069591e-01
-1.100624739038204902e+00 -1.124073202194849630e+00 1.205793151346967296e+00
-9.238644798977804218e-01 -7.617304242746887333e-01 1.827424279735779811e+00
-1.225418961604372914e+00 -2.116997389321375600e-01 1.068992215481018970e+00
-1.051000494694533050e+00 -1.114689107537388146e+00 1.724857768375318567e+00
-1.101014221811764227e+00 9.121181878420392408e-02 6.209427685415732645e-01
-1.175725246254371470e+00 2.495662087012195940e-01 1.481584378685116610e+00
-5.099794574457566787e-01 -2.391577933407420531e-01 1.215729097096353239e+00
-1.123110516523426972e+00 -1.188560917117901461e+00 1.748449151563267412e+00
-5.613230506163277012e-01 -9.899531867214474978e-01 1.310370518454116340e+00
-7.395601279293636532e-01 3.422768568247644971e-01 1.688772173528164444e+00
-8.700024341812337969e-01 3.054200468821235415e-01 1.324022673955009832e+00
-1.151862500483444629e+00 -1.215342263858101068e+00 1.906002392607641482e+00
-1.245015231904298858e+00 -8.132041936669565096e-02 1.188866871579882689e+00
-1.177793264967216036e+00 -2.643198938124680097e-02 1.180900808490874088e+00
-1.160943578299364232e+00 -3.954000396403494211e-01 1.551731455777208835e+00
-5.581524223049120215e-01 -6.904238264372501988e-01 9.404664861272390430e-01
-1.281167758191208650e+00 -3.418983137853515153e-02 1.219659307585659658e+00
-1.023957442792339023e+00 -1.161749087808217062e-01 1.455921104569944280e+00
-7.319755851298035410e-01 -1.389873713658207777e+00 1.702339592616940678e+00
-1.036090787041724859e+00 -4.679212188682217999e-01 1.901836179999850440e+00
-1.209632495994644508e+00 -5.321590864123417752e-01 1.585468165922935935e+00
-7.558235841230483976e-01 -6.090253155481855085e-01 1.379387971786361966e+00
-5.531825459781299914e-01 3.326518946913812336e-01 4.385727078639726217e-01
-5.803716134774745683e-01 -4.338180127414268394e-01 1.856536482036699409e+00
-7.162650305681619312e-01 -1.250077267581840346e+00 7.700566790514069559e-01
-1.193256189186379990e+00 -1.478837125406801345e+00 1.573422569221140987e+00
-5.280887208889684103e-01 -3.902122978509454665e-01 6.885790627058760993e-01
-6.362703798926372389e-01 -5.841247038860954977e-01 5.131784505293781606e-01
-8.217627912239682253e-01 -4.846532395759408640e-01 1.143762987196822012e+00
-6.929965840121173892e-01 1.535587498658008698e-02 7.845519617657665812e-01
-1.048950858640496531e+00 -1.248483712685054092e+00 9.321037116459885974e-01
-8.580827439999204609e-01 -1.155806571247287806e+00 5.514040466582967870e-01
-1.116601880592144935e+00 -7.457190664260824331e-01 1.269614319797445212e+00
-8.718722675184739090e-01 -3.213189047131732590e-01 1.542469009910907740e+00
-9.460795450299454012e-01 -1.171115077506872382e+00 1.531443153977766869e+00
-7.492866884116655690e-01 -1.042914507954347592e+00 1.136693816237962062e+00
-5.233477711248240016e-01 -4.017306434619334343e-01 1.942222622337852478e+00
-1.100629558371652550e+00 -8.019270658211852254e-01 1.341024446315804752e+00
-6.642466424556670024e-01 4.967702723922107211e-01 9.405320377051064051e-01
-5.460654766466849219e-01 -1.345278082955932986e+00 1.069405738237980685e+00
-5.358005015101677815e-01 2.960712841335777501e-01 8.642340211168472175e-01
-1.028352551853269015e+00 -1.112995461521386620e+00 8.597772585838184822e-01
-1.284495075906930461e+00 -4.347356960668686821e-01 6.437654960580745378e-01
-1.170020464533559013e+00 -5.850154232579969360e-01 1.096012009132440346e+00
-6.915618852885466739e-01 3.550556184092479306e-02 1.965032639099851153e+00
-1.220909126702553804e+00 -2.329975297300697079e-01 4.615634951505077632e-01
-5.440940268001708269e-01 -1.432300034685527468e-01 3.011909220468644843e-01
-8.052451911565621234e-01 4.529243313759589995e-03 1.371124672901724573e+00
-9.138371510025398159e-01 -1.446930945314527595e+00 1.922187522769808421e+00
-1.058234651627604883e+00 -1.246989473245594837e+00 1.693100093790986804e+00
-7.542517572726504804e-01 -5.276448246132630082e-01 1.842359445276687158e+00
-9.744873659974553348e-01 -2.752829586354055280e-02 1.195044532854843800e+00
-6.519438234302855628e-01 -1.412334029597776430e+00 1.262923649446969776e+00
-1.139248427811405673e+00 -4.422779309145163928e-02 1.310953328640894089e+00
-7.801832952153628931e-01 -3.168017867106669438e-01 1.556717259343505466e+00
-6.883640083922174524e-01 -7.623398027803960364e-01 1.071880373392165797e+00
-7.100084737846604765e-01 2.065001989265324855e-01 1.661951922076319921e+00
-7.830420616390060262e-01 -6.159684224741908132e-01 1.685477005096323255e+00
-1.073837675338785935e+00 1.770243513010192338e-01 7.459207049713577620e-01
-1.243479739906099280e+00 4.039748897781176851e-01 1.147162908356730737e+00
-1.274822852906092541e+00 2.154493092429663470e-01 7.021634106441833056e-01
-8.902898806225909567e-01 -7.569008280400302269e-03 1.672362043147948452e+00
-8.358279328369998540e-01 -6.225651287398277223e-01 9.985343957607663024e-01
-1.292826512823751717e+00 -7.508833337017171150e-01 9.914393086209215555e-01
-7.282041339183895623e-01 -2.991292645220389179e-01 1.607932346700358783e+00
-6.941915534398819254e-01 -6.058887893683948533e-01 1.514419275405981535e+00
-8.121817708134047020e-01 -4.994120907540708920e-01 7.218127576862307659e-01
-1.085280167370572091e+00 -1.349241227163355816e-01 2.139546800138109328e-01
-5.950825606001747259e-01 -1.063350492368497768e-03 7.283570335280065144e-01
-5.216959141951875711e-01 2.947793475428170940e-01 1.527785568653259762e+00
-5.209046119393194729e-01 1.968926404789361762e-01 1.153187143602670162e+00
-1.024689862803520368e+00 -2.896409839725946345e-01 1.651974702798779671e+00
-1.138280224630902060e+00 -8.889193458316420049e-01 1.787882727145558182e+00
-9.884584637072784119e-01 -5.849784763848773217e-01 1.537667751345044742e+00
-6.670710553272265475e-01 -5.296406475459813912e-02 -5.423927335262144350e-02
-9.509215324764532795e-01 -4.182801836007419283e-01 7.394650712984544016e-01
-8.705463112736061548e-01 -1.195472896422917763e-01 8.925299901772510980e-01
-7.715775718741283429e-01 2.391278398243816827e-01 -8.426233332981793167e-02
-7.033263955111986876e-01 -4.913953706455858050e-01 1.138214974665195500e+00
-6.437812334202924758e-01 -8.210477533815714324e-01 1.765539024231865817e+00
-1.239386387713224957e+00 -7.632740849901502589e-01 5.605302131939459143e-01
-7.395026293097920478e-01 -4.544706549777652871e-01 3.325385935186712105e-01
-1.219588328284485934e+00 4.943046616686428418e-01 1.182486260542269907e+00
-1.212123902631245587e+00 1.136418451927014850e-01 1.144242759775260465e+00
-8.792220213355556035e-01 1.560830492695934879e-01 9.598010118091956921e-02
-1.295676882155838205e+00 -1.440621112051603037e+00 1.474650293447947069e+00
-6.007796036904590187e-01 -1.099578389673392165e+00 1.496600011992344825e+00
-1.180107556961807802e+00 -2.529244582177161416e-01 6.191335638334192204e-01
-1.260991518468665307e+00 -7.326651224602254153e-01 8.849599947629536167e-01
-8.487916936231112430e-01 -6.639412224955019148e-01 6.793713881265451837e-01
-1.197632516958405891e+00 2.582192049606182316e-01 1.992941627559723372e+00
-6.806520842744002708e-01 1.925669379678465187e-01 -9.313877647156348916e-02
-6.494422885790427369e-01 1.730022939806306059e-01 1.294023405854433539e+00
-8.618842840412019868e-01 -4.389490010164891487e-01 1.447443954300235314e+00
-6.020016081250023632e-01 -8.801056576761343564e-01 5.463813388355954759e-01
-1.179095448453709505e+00 8.478809024221423130e-02 1.942535214178685354e+00
-9.615152536122117954e-01 -7.050143052574524560e-01 8.089699100166349854e-01
-5.649207793068067307e-01 -5.287857722629096813e-02 1.981321211053907572e+00
-9.769324054580802441e-01 -9.922665665444276861e-01 1.809243732944212590e+00
-1.196835366239576759e+00 3.256739347832204867e-01 1.099618233026265379e+00
-1.092020256820743107e+00 4.472399083125533359e-01 1.467202567268298674e+00
-5.995484009949075821e-01 -1.038648766478958319e+00 1.777492307462970489e+00
-8.762440737518139011e-01 2.638824868391742573e-01 5.561393641466936266e-01
-1.119504241643557219e+00 -6.273858445917774862e-01 9.139727901624327133e-01
-1.214856500877903089e+00 -4.344201980070645508e-01 6.433402733611722768e-01
-8.202267899574159360e-01 3.718970945995205835e-01 1.788900550349157070e+00
-1.222377876403725416e+00 -6.418479293515260142e-01 8.181669726595595105e-01
-7.787518519494438518e-01 -5.155899334819358248e-01 1.469880976687315322e+00
-9.487974720672960327e-01 -4.501502746923657927e-01 1.635722313128807448e+00
-1.191169512490682481e+00 -2.577377372577009940e-01 4.258855217041567220e-01
-8.678651168838618091e-01 -2.824826563712525829e-01 7.571236774229008759e-01
-1.115291407167271043e+00 4.190281651436911226e-02 1.155801308651338122e+00
-5.463274205650270332e-01 -9.973012122500870547e-01 1.083092124433568504e+00
-1.252254589967206178e+00 -1.054500777731760541e+00 1.433840861323610438e+00
-8.046855508600511131e-01 -1.155814494675412085e+00 1.950880433325652419e+00
-1.036380463169532584e+00 -6.184533658492885611e-01 1.686806040660687289e+00
-8.265093406002519405e-01 -8.711621423532127650e-01 1.790934173929281892e+00
-9.487902054170908039e-01 -4.830548330598418705e-01 1.478090141958418258e+00
-1.166848000880603919e+00 -7.869826100262640178e-01 7.175279103815055404e-01
-1.052499368663306178e+00 5.929559930062167084e-03 1.978439216148512259e+00
-8.990514843856092231e-01 -4.203219609769042187e-01 1.736153776120684666e+00
-7.572825495753583436e-01 -1.254190971682283218e+00 1.394816028534335617e+00
-1.295695416842113312e+00 -1.495253853441159020e+00 7.646709925744683556e-01
-6.330807451839519651e-01 -3.806389390878088808e-01 1.351080343035649944e+00
-1.000171644146595984e+00 -3.513329983017394742e-01 1.909183336755821525e+00
-8.449030789802653985e-01 -7.628323863487314060e-01 8.750281358739815385e-01
-7.570723310927839345e-01 4.268223195068441278e-01 1.482046477293041509e+00
-9.359596802274916527e-01 -2.558271841650563427e-01 3.357649641045751254e-01
-6.716961983014295701e-01 -6.677375419940134726e-01 6.763989445149405366e-01
-1.279213816590210273e+00 4.120345126276514502e-01 8.028326535965853994e-01
-8.975047439357706214e-01 2.170171440989410172e-01 1.109418066891188825e+00
-8.853477720255142902e-01 -4.420867930063334672e-01 1.535743008922811903e+00
-9.933464085726408932e-01 -7.959187564391143610e-01 1.327476711526731190e+00
-6.296032629701777683e-01 -1.496152624479230919e+00 1.112516405353890958e+00
-7.964042855631948692e-01 -8.594806195870963172e-02 1.372326172107459774e-01
-7.887060376327970079e-01 -5.981502155490596717e-01 1.282593896539135248e+00
-9.230922064225450807e-01 -3.819569158753648441e-01 8.333379970377338131e-01
-9.088590346854630297e-01 -1.435637434896604558e+00 8.365108335991243704e-01
-9.171593658156569351e-01 -5.637762213914505605e-01 1.792498205694400326e+00
-1.107218312352530099e+00 -6.936899456402512154e-01 1.867663540288440061e+00
-1.175743547019636015e+00 -2.245162671532752174e-01 1.884944223930696605e+00
-7.088314756471263411e-01 -2.812411338808671335e-01 1.702010258596678316e+00
-8.709243474744520208e-01 -1.135897064864549000e+00 1.532516310567514140e+00
-5.922811532011315050e-01 4.724503864902096506e-01 6.137249477994682900e-01
-8.168887308885720566e-01 -3.586732053984009738e-01 7.449341745358444289e-01
-5.743307730847968529e-01 -2.755502070184274732e-01 1.180283624081577276e+00
-1.102490296760984645e+00 -4.371587393964786461e-01 1.768125694832606287e+00
-9.341747155436129768e-01 8.527814214080176036e-02 4.998093588009825394e-01
-1.124128188371370296e+00 -2.848961741300441997e-01 1.988593549721274112e+00
-5.451291498548361814e-01 -1.163077878429544354e+00 1.673045815075353104e+00
-1.209014238990290480e+00 -4.443339872191942597e-02 5.278162907745413968e-01
-1.072432594268445838e+00 -8.511419202152452623e-01 1.829298271325877634e+00
-7.381707756116578922e-01 3.591604338946985386e-01 1.411659246798762979e+00
-7.003263416407465858e-01 -2.003767667328406610e-01 1.089842131380956980e+00
-8.432356786390771131e-01 1.399957940118987665e-01 6.013279175397069354e-01
-8.539200959770495425e-01 -7.542794731777873185e-01 9.157805134905704358e-01
-1.295171501470777864e+00 1.613157881187503584e-01 8.109226272529570512e-01
-1.152552080747509589e+00 -3.387314946185631115e-01 1.588169440243765385e+00
-1.009549043446604566e+00 7.630590957255134477e-02 5.842438270453662597e-01
-5.518275167500737988e-01 -1.312282084284336570e+00 8.267033518389304003e-01
-7.262442972606363290e-01 -9.936946360234215625e-01 1.446980235406842619e+00
-8.645678809842826107e-01 -4.236719587432735690e-01 3.631092836081035724e-01
-8.201803409444246018e-01 -2.985643823256352025e-01 1.761813289586799725e+00
-9.577289110479534351e-01 -1.411024246869429843e+00 1.950729172307310133e+00
-7.634695505186839259e-01 -9.883514746648689453e-01 1.012549706128745619e+00
-6.711896131267878207e-01 1.143658188686262900e-01 4.700347530072775948e-01
-9.090193360912899312e-01 4.685659223100702153e-01 5.004696005110302881e-01
-6.149446374083854527e-01 -4.959857430889889063e-01 1.435871079461326305e+00
-7.237563321071899258e-01 -4.766331464618269731e-01 1.562936004249022570e+00
-6.707386800382084679e-01 -6.508211754277186678e-01 1.364263321303645027e+00
-1.036686314026496802e+00 -2.105666692442071941e-01 1.072090269682332009e+00
-1.092992583197374357e+00 -9.396085597220198427e-01 8.956602011428791421e-01
-1.102480151863615365e+00 -2.134894413754380160e-01 1.379486758917860545e+00
-8.767780321221910755e-01 -2.988470188485565782e-01 2.949088642024705331e-01
-1.163885578165450685e+00 -1.453882700568181807e+00 9.509321109770599856e-01
-7.097035900005498332e-01 -8.782245357226976523e-01 1.479163069652562168e+00
-1.273547178194931240e+00 -6.525194757368522058e-01 7.655769038893600609e-01
-6.136471556027708329e-01 -5.080740097549543144e-01 1.004565429146437427e+00
-7.213583648831506379e-01 4.683584520949120034e-01 7.450081611662081604e-01
-5.193931711348001024e-01 3.796544683072606841e-01 3.765631956168303818e-01
-1.216567693819474272e+00 -7.162829325608073283e-01 1.313370553531818086e+00
-1.039801136807360082e+00 -4.556217033046205955e-03 7.508128583384523491e-01
-1.081887771643212481e+00 -1.029653992626899939e+00 1.398253429684990223e+00
-1.031037647045900840e+00 -1.489452903741290468e+00 1.628933441700725737e+00
-5.243657471130169778e-01 -8.933090504893375083e-01 8.667641825622178775e-01
-1.043286250048703900e+00 -1.941107917655864323e-01 1.584941338272730871e+00
-6.078269149316627429e-01 -8.384908254528453675e-01 1.113602326570173329e+00
-7.916786651341234382e-01 3.512002877180784299e-01 1.501415144396864187e+00
-8.833290344277973105e-01 -4.220566472546538606e-03 1.807413742337268037e+00
-6.408585091122541710e-01 -1.064259101321678003e+00 1.560169517117812266e+00
-5.410197565951804233e-01 3.602454891485793453e-01 2.903212440078071221e-01
-5.112136584703577125e-01 -8.712339599941367752e-01 1.226760554013240689e+00
-1.138428798952773713e+00 -8.468904920131170577e-02 1.363749984841230667e+00
-1.255075830019388716e+00 1.162592353225548880e-01 1.281539151945062738e+00
-1.165511448353648838e+00 -3.805773186686927101e-01 5.148183111920874300e-01
-5.762940202060210515e-01 -8.141444269445599069e-01 1.049842581677277842e+00
-1.235933433607679044e+00 4.040215128766597719e-01 7.859036416719452633e-01
-7.099328964832406497e-01 3.364675753475652176e-01 1.042589785808055947e+00
-1.259794533479524636e+00 4.505612038054001012e-01 5.909913813282530182e-01
-1.253649762429539960e+00 -1.333683638676680161e+00 9.758646411765788953e-01
-9.911777363552540798e-01 -5.446686067818213850e-01 1.746413266801688513e+00
-5.973204579328174058e-01 -2.954597794519482346e-01 1.654349971632023797e+00
-8.345372874415950548e-01 -1.223757459696339422e+00 1.079782737231388401e+00
-6.806834719309561299e-01 -2.407223823636033266e-01 1.274577488389414537e+00
-7.267128968520352172e-01 -1.136407510869001936e-01 1.645305924098613704e-01
-5.454808103335863079e-01 -5.567284679939963343e-01 1.786522923928441697e+00
-6.007226007954808988e-01 -1.037006191952569489e+00 1.634129657938749647e+00
-1.138326181798298808e+00 3.023896762417523920e-01 1.456208494146006949e+00
-6.711024565570017364e-01 -9.247015895283516862e-02 1.458291067830041365e+00
-7.602420314268508728e-01 -5.778064238729685442e-01 1.673987954275587109e+00
-6.531388129076269866e-01 -1.228542323926534285e+00 1.094100817781025192e+00
-7.608739700066762257e-01 -4.586642486675629460e-01 9.178725404276103506e-01
-5.166096425305651829e-01 3.881433731870886916e-01 6.003033792501925037e-01
-7.637074608475485915e-01 7.091001377751648960e-03 1.213464858679355496e+00
-7.683551544410697209e-01 -3.589906869945174162e-01 6.091675045087683316e-01
-1.251676090774999084e+00 -1.383613438059094092e+00 9.014386780693620649e-01
-7.176654803960825779e-01 -7.111186519030299191e-01 1.271473647621502723e+00
-1.121755011073450659e+00 4.077101855944875730e-01 1.078908288670265003e+00
-1.115853193135762034e+00 -4.276075852226843832e-01 1.155197180879180330e+00
-1.136951619431600058e+00 -5.932369251189382187e-01 1.505736987481015365e+00
-9.552116382291544472e-01 -1.186396872738400443e+00 1.043589259094087840e+00
-5.190537644925337091e-01 -4.400458533670321692e-01 1.048941580676460816e+00
-8.941548937248897655e-01 -1.085677438936354378e+00 1.522299237413027972e+00
-6.465567529451011763e-01 -1.392469036391318804e+00 9.533831886095459618e-01
-5.774033121707611294e-01 -5.089423886685258136e-01 1.221163428820823127e-01
-9.652696628366663756e-01 -5.658899695577155331e-01 1.325917960256325134e+00
-8.648036093299591442e-01 -1.098501728124781307e+00 8.417279084110024234e-01
-7.744753744565467946e-01 -5.594176657835689959e-01 9.358488862684865017e-01
-7.560517368433634644e-01 -3.417943609101623537e-01 1.338604971420938261e+00
-1.206218431266797841e+00 -6.563836649933978418e-01 1.580878843539185841e+00
-1.034226813429867775e+00 -1.699238206405897511e-01 2.101642415288385857e-01
-7.644065581857933944e-01 -6.160004223425792347e-01 1.463160695176405568e+00
-6.900340692482646032e-01 7.086894313636893372e-02 4.911582495810897786e-01
-6.833410474233124754e-01 -1.321026873811939950e+00 1.292426326045967189e+00
-8.506461635333231186e-01 -2.054901637414525695e-01 1.751260543148987159e+00
-1.153612982127451447e+00 -3.597737876120836731e-01 1.934243063856941891e+00
-1.259848273864327961e+00 -1.469025042468399045e+00 1.525660175121680062e+00
-7.216003627224163441e-01 -3.680229246777511065e-01 4.610694987573837889e-01
-6.790181317930277238e-01 -5.917840920019437068e-01 7.446933516710551038e-01
-6.186125348379005739e-01 4.250187368593818515e-01 1.116651713105885513e+00
-1.212651063729445200e+00 -2.908683589599414532e-02 1.352729302298112612e+00
-6.986765773846905780e-01 -1.053542970742932905e+00 9.517238552657375505e-01
-8.854231237486793749e-01 -1.168509568420754929e+00 1.555423566067993368e+00
-1.031278986881392523e+00 -1.242579055328274951e+00 1.642458130737576738e+00
-7.039978776612302314e-01 -1.397477629562418056e+00 1.404728894278255868e+00
-5.315148930191115895e-01 -8.031811900950303063e-01 9.457879371848131322e-01
-7.344044162384889551e-01 -2.078121297808950274e-01 1.764641697104717188e+00
-7.305013009019390990e-01 -2.686550697425340584e-01 9.855953055181193578e-03
-1.209812646135887126e+00 -1.065743471156255451e+00 1.515162179808630993e+00
-1.103681606242868929e+00 3.077432487630966662e-01 5.529841496153593550e-01
-7.645581540390322672e-01 4.943189209626623892e-01 1.633527163744879607e+00
-5.941771692196313737e-01 -1.275952162991314642e+00 1.348649755790097604e+00
-1.004902621421199793e+00 4.586618038811618447e-02 1.612842557139404942e+00
-7.302886746955983277e-01 -2.599640144045385348e-01 8.462635255846140403e-01
-9.834082712715441765e-01 3.547316341877799761e-01 3.202956607562043034e-01
-5.733271536892327047e-01 3.309601243455115860e-01 8.962459857293932908e-01
-9.196224616153874099e-01 -1.101875577536558515e+00 5.764477731547346107e-01
-6.091787401550421421e-01 2.545199962220343615e-01 1.681093070867078376e+00
-1.262412496219549318e+00 1.711421787021638607e-02 1.450103230519123265e+00
-6.852163724962634372e-01 1.928217155368048275e-01 2.632185334765150264e-01
-5.898254993510946287e-01 -1.010136338996547201e+00 7.035949378762796913e-01
-6.223696652684271857e-01 -5.068487457258676887e-01 1.889188470221231819e+00
-1.063334805787077064e+00 -3.979779190751304707e-01 1.707944404566394292e+00
-5.408580302743675183e-01 -1.085154222525713585e+00 8.833973698636667926e-01
-7.122680152657093755e-01 -4.621641283458890470e-01 8.383646164907052611e-01
-7.450700468696378476e-01 -4.352258075754260602e-01 2.437431534783102427e-01
-8.399132225264442919e-01 -7.746196246884586856e-01 1.523095201162724122e+00
-6.300648290149807318e-01 2.000073296375270981e-01 4.296562903009667478e-01
-7.172176184375430585e-01 3.886696967195766295e-01 1.636262965611522402e+00
-5.985492168743393737e-01 6.672325877320628429e-02 9.364764342477333026e-01
-5.757358675462034281e-01 -5.172851078844464823e-02 9.378335594687560173e-01
-5.077486391337445726e-01 -4.590812012848677348e-01 1.455776750080859161e+00
-1.250882025163768674e+00 -1.416351918949317668e+00 1.635884072716519366e+00
-1.164507581413177784e+00 6.765147504552571078e-02 9.114325695206714206e-01
-6.318350434120371117e-01 3.495008806497272857e-01 1.241469814922790960e+00
-6.919345387377386913e-01 -1.485707782627053497e+00 7.399761818721642959e-01
-6.384373765311815996e-01 -3.580807448351954747e-01 1.701351185935055854e+00
-7.759926059826780520e-01 -5.188362021592920481e-01 1.048943412335168190e+00
-1.082530881140084444e+00 -1.038768094022840094e+00 1.775082216420841519e+00
-7.077984686984567508e-01 -9.281880433130462738e-01 8.772525356525378015e-01
-1.295406311981565306e+00 -1.390161943977321846e+00 1.551696564483731500e+00
-6.385042162928237230e-01 -2.436827193371837730e-02 1.546122301656031262e+00
-8.745088804566895080e-01 -9.567725564913605041e-01 1.821349774678238109e+00
-5.421436783851674157e-01 2.200040778153637966e-01 5.868342959677794735e-01
-5.396839232135663966e-01 -4.965086953728792274e-01 1.839985100600334267e+00
-1.277009856671955879e+00 -3.257855472622936954e-01 6.162280779392929064e-01
-6.617743627068856105e-01 -2.633573732580201110e-01 8.788232446087491656e-01
-1.147345816458286594e+00 -1.200461430280267194e+00 6.148847083861987972e-01
-6.581470907371700374e-01 -1.446828645272867808e+00 1.287750105764627895e+00
-1.029151708342148863e+00 5.636719484929897384e-02 1.925814717336646886e+00
-7.424704562478100511e-01 -4.895504929608915923e-01 1.688926765928034923e+00
-1.087742006573804154e+00 -3.981807965562726981e-01 5.125385831372267775e-01
-9.579603991565259768e-01 -4.095285068777299031e-01 1.483201020696491623e+00
-5.781828018607491071e-01 -3.646673836964273718e-01 1.821394906984231954e-01
-1.170326941824168854e+00 -3.834340259308239851e-01 1.254641597884738058e+00
-6.006677056748886967e-01 -3.770261944152346612e-01 9.258844963380888915e-01
-8.004904553308676007e-01 -1.522296019132689526e-01 1.435491688415188705e+00
-7.838571334765083165e-01 -1.338511444061119660e+00 1.222654817088200341e+00
-7.233382134507317929e-01 3.396569241937863470e-01 1.099823198096567145e+00
-1.128091055347357541e+00 -8.763139160016211182e-01 6.593152777180948387e-01
-7.487266973829839189e-01 1.352748138886514795e-01 9.402169222933286497e-01
-5.283110793171463815e-01 -8.847141569697893893e-01 1.586093573297002068e+00
-8.089358441259237864e-01 -3.513552427624115904e-01 1.165251468940035950e+00
-8.835189357646748842e-01 3.999080466251194732e-01 1.199320936290422024e+00
-9.902968451686677831e-01 -1.346362679974798970e+00 1.389145794919908417e+00
-1.108315940828906720e+00 1.208461315814159942e-01 1.117088883405063848e+00
-1.197030185086787268e+00 4.632730729456089325e-01 1.702565907504369092e+00
-7.530406456622887879e-01 1.183762605476581520e-01 1.666638085541021663e+00
-8.820345357848702328e-01 -9.837299182700538491e-01 1.938869753110207927e+00
-9.307804108429400536e-01 -8.349603995380159294e-01 1.350528883548682613e+00
-5.088412509114802473e-01 -9.000618392427830461e-01 1.866447604188018472e+00
-6.612963847719625088e-01 -1.829878478933237851e-01 1.897714716512937771e+00
-1.016400999314681641e+00 -9.289424075474141951e-01 1.555060429431901259e+00
-1.051968387735738197e+00 3.665991487282034278e-01 6.437033812070364069e-01
-9.741497543426974604e-01 1.188275388575410485e-01 1.335596414709530499e+00
-9.686645148842619735e-01 -1.154208652488540876e+00 1.318057153748014132e+00
-7.631874037802531818e-01 -1.067867195190861151e+00 1.149127727642308194e+00
-1.031999410620407787e+00 -9.785826616493820129e-01 1.815786015202562442e+00
-7.994085165370371504e-01 2.284179080694901387e-01 4.074745624528045007e-03
-7.640828125122420822e-01 1.477452704418038554e-01 1.465212231482713845e+00
-1.035168936862668421e+00 -1.220868401410184045e+00 7.268697377790472869e-01
-7.234820669610806387e-01 2.017461860560310072e-02 1.879414604603974359e+00
-5.388534058584106834e-01 -1.905028283026282132e-01 -7.104991271999104574e-02
-1.041527001654261486e+00 9.911967154855694240e-02 1.539057372269451829e+00
-1.185806308945472454e+00 -1.270849671718093266e+00 1.856031760581815959e+00
-7.603481369427628200e-01 2.205486023328886436e-01 9.580608700125602395e-01
-6.872979654683326611e-01 -1.014096410021800843e+00 1.588171045295757589e+00
-5.775224112133178211e-01 4.514784785111258802e-01 1.909063250443010062e+00
-8.839292224840638035e-01 4.384473885407695892e-01 1.732333548966017434e+00
-1.144123823317415578e+00 2.511999361145320631e-01 1.394393782418701599e+00
-6.799466498518998980e-01 -8.278914647099144819e-01 6.980533141512638151e-01
-5.052910832274808417e-01 -7.564027139335371963e-01 1.674098050691437578e+00
-7.412838629034503857e-01 1.722887555686827277e-01 1.753653548984802635e+00
-7.515326615886719352e-01 -1.451613399602449395e-01 4.266208699519264957e-01
-8.594035116547711350e-01 -6.598755904468425193e-01 1.152842038691012538e+00
-1.024196543654469771e+00 -7.063783985998237647e-01 1.801166556578886357e+00
-5.355404713193363531e-01 -8.997252065160337153e-01 1.001227828042910106e+00
-9.283549498907632813e-01 4.780011474986762821e-01 5.791524868917962143e-01
-1.195493017530124602e+00 3.643474512018662903e-01 1.626779353840329900e+00
-1.111010629242831893e+00 4.230084263958597823e-01 1.746024328863786446e+00
-5.646416891864253218e-01 -6.658186047613545711e-02 1.939836861809373370e-01
-8.779546067214383243e-01 -6.714586102972623927e-01 1.373359829711780167e+00
-9.753340490865719525e-01 -9.415332578922575024e-03 1.859858145125164730e-01
-7.063284801534148727e-01 -1.264041456170317268e+00 1.984945193266094865e+00
-7.385374979321283062e-01 -5.618836372045254990e-02 1.468104542507523647e+00
-1.138348972495826894e+00 -1.062488198571729825e+00 7.456733436859163122e-01
-5.662672361622060890e-01 -1.154485718758307300e+00 7.562270042479486420e-01
-9.497002254143481759e-01 -5.947913200796508537e-01 1.707601069728226895e+00
-9.928196173957468673e-01 2.575208170059046786e-01 1.633159807627572402e+00
-6.854042897116088273e-01 -1.429384865555852979e+00 1.003905175974298736e+00
-1.014346606979778187e+00 3.610306819535784584e-01 9.138369036557308922e-01
-1.045516403227868096e+00 -9.309353247208826954e-01 1.110407166046933902e+00
-9.070707209096339207e-01 1.288558549697165212e-01 1.789218860940991751e-01
-1.080886865072641756e+00 -3.324715033912621909e-01 1.373459476784269606e+00
-8.648836897007552427e-01 3.236256983274921062e-01 1.930616327368457785e+00
-7.789353748552996226e-01 -8.213470874057737792e-01 1.740957414517301682e+00
-6.647091287723188024e-01 5.148458501855790459e-02 1.162977771041250774e+00
-1.015328479013603014e+00 -1.399337835320665357e+00 7.510945241270748918e-01
-1.098879485817799484e+00 -1.576212297350028102e-01 1.148117997432075876e+00
-1.100663962800849438e+00 -2.325600392526301352e-01 8.517903504922974545e-01
-1.220667961033581106e+00 1.032132545469552909e-01 1.086334169895135870e+00
-5.369312563179271525e-01 -5.312047687995979928e-02 1.273839079317488521e+00
-1.231337819275635681e+00 -2.133617730630672504e-01 6.529923626503920664e-01
-7.719580130141171503e-01 -1.336677174955949177e+00 8.152028742443067078e-01
-5.865897617770203798e-01 -7.639148479411217441e-01 9.629318871190212237e-01
-1.256776058521527517e+00 -1.636733138563928325e-01 9.086321477886528664e-01
-1.200043081507867315e+00 2.021365063206286283e-01 6.128099239991279257e-01
-1.077612341688529041e+00 1.664343834984891579e-01 8.038067565106825629e-01
-1.281543796336588548e+00 -8.740424733811014146e-01 1.034638944647614522e+00
-8.611619547838255118e-01 -1.390931114223143306e+00 1.202953924085096382e+00
-5.371092447305715334e-01 -1.398440323478576053e+00 1.819473598860993802e+00
-6.233202434376903245e-01 -9.222550948633068124e-01 8.622881215242591546e-01
-8.974224129174588338e-01 -9.251137077869504566e-01 6.338025342188933209e-01
-7.712700546158520742e-01 -1.098909711332052064e+00 1.058091501934112610e+00
-1.290362839322730215e+00 8.303554476878360902e-02 8.456677273908758119e-01
-7.542871316004536864e-01 4.192867408577105603e-01 2.885576994940374229e-01
-6.387892912362402864e-01 -5.685497015712566160e-01 4.355333380625926454e-01
-6.599863851919307578e-01 -6.361817791431749747e-01 3.304851647666320336e-01
-1.182624250017134004e+00 -6.250802036476352797e-01 1.479125437250714992e+00
-8.365580546750390756e-01 5.892656368388848875e-02 1.114189445212838248e+00
-9.456098815741398322e-01 -2.420732238419760485e-01 1.395470518984930131e+00
-6.497229147590720677e-01 2.850274755569817131e-01 1.846378745424015033e+00
-7.692059924246938962e-01 -5.051763209534154697e-03 9.573346323020041071e-01
-6.631570801577919561e-01 -1.120059853821766094e+00 1.737618752216190332e+00
-1.199987605566741111e+00 -2.841001263062541415e-01 1.205334795758885358e+00
-8.729945794595386221e-01 1.141777108790855699e-01 5.016066746408410770e-01
-8.295203242564412882e-01 1.536128399604006489e-01 1.053303961222219476e+00
-9.212989309440555719e-01 -1.269835933560527375e+00 1.021413424199245190e+00
-1.075907463371096773e+00 -6.975404959302220487e-01 1.307832176935278978e+00
-7.660881466500845116e-01 3.898056361184818464e-01 -5.942063810568886523e-02
-8.087677214034572071e-01 3.505161336769406777e-01 1.576488307277685630e+00
-1.034480391886733130e+00 -7.213889360586971389e-01 1.595711182443874110e+00
-9.230921019046562925e-01 -8.789087599242815241e-01 5.876054405687480831e-01
-7.270536443374249203e-01 -1.135241470593346014e+00 7.487740441611594466e-01
-6.926982571052857640e-01 -1.385474228332145286e+00 1.083502378638821595e+00
-5.391466531660727979e-01 -1.048262568962748498e+00 5.472335055677673976e-01
-7.215934952516253054e-01 -6.187711672471962743e-01 6.193489252983185311e-01
-1.121141030978834552e+00 3.594684788233593054e-02 2.754027835670295188e-01
-5.995063670776779041e-01 5.603545342317794997e-02 1.532268970429925714e+00
-9.842605834368267637e-01 -6.277123884167084000e-01 1.864257971110010015e+00
-9.040184348785593738e-01 -1.409757343090761506e+00 1.303141376159205667e+00
-1.212942814178561424e+00 -1.158368910915276384e+00 1.560330061173651028e+00
-6.000833146272620544e-01 -2.888246033486743247e-01 1.936439431314150639e+00
-7.782491335517830455e-01 1.874046538012048568e-01 2.015063768194690630e-01
-6.305719543500052371e-01 -3.029657805295959960e-02 1.745222579785208117e+00
-7.973918548800228434e-01 3.543308261003716986e-01 5.145904962245406722e-02
-9.427082233771186814e-01 -3.071380503453600141e-01 1.752127131675962568e+00
-7.760457637348191495e-01 3.110976699377523413e-01 7.495896479861552386e-01
-9.208446249570541031e-01 1.822393869356813134e-01 2.843517818541188014e-01
-7.638278383966408125e-01 -9.902088539063291783e-01 1.449159880136807521e+00
-6.610638662338849114e-01 -1.032326148502892282e+00 1.647663940986422659e+00
-1.266349743856992616e+00 -1.178886336589591410e+00 1.959768189399844207e+00
-9.262770249803802258e-01 2.109959264826135605e-01 1.380217337406769662e+00
-1.289892765736928348e+00 2.137921448698199001e-02 1.184691316615127166e+00
-8.151972423252547006e-01 -5.152218708329192598e-01 9.523112341388949575e-01
-6.988020773080222403e-01 -1.320632466636471269e+00 6.942341221104316729e-01
-9.014064220084053725e-01 3.329219574870505571e-01 -5.458567942565259457e-03
-1.192813030226604232e+00 -1.196267994962808778e+00 1.061269485147950498e+00
-9.887498540434564998e-01 1.209655267165414827e-01 3.300249612797460097e-01
-8.418865082939599453e-01 1.965726544115411478e-01 3.763505118379579795e-01
-5.693219955912767194e-01 -1.264022442960555548e+00 1.649790814372748438e+00
-6.563133142164013778e-01 -1.385194108056609918e+00 8.765258127360692209e-01
-6.659901185487834274e-01 -3.421251074543614212e-01 1.401740942145002000e+00
-6.771196761027680200e-01 -1.164390837234654086e+00 1.722519157869977446e+00
-1.078123696641752005e+00 4.988686620679261274e-02 9.727126844564214503e-01
-5.297167744178377102e-01 4.575600639353483157e-01 1.252187585969624983e+00
-9.994411793530303401e-01 2.207103514648769416e-01 1.150255464001921357e+00
-8.598287438506272418e-01 -3.274670044145593373e-01 1.789814918751662765e+00
-9.526595325478807164e-01 2.538586774146818215e-01 -3.836519138205356921e-02
-5.754623098862695629e-01 -4.069421566411766111e-01 1.157787942260234404e+00
-1.163594523823102023e+00 4.406893291507525401e-01 1.024932505563600937e+00
-1.231447213049021716e+00 1.465659829521535062e-01 1.551456062828798332e+00
-1.167099822364866535e+00 4.719098506355752232e-01 9.981629504334700309e-01
-6.384760455219249398e-01 -7.183254612647085313e-01 1.904856697062124127e+00
-5.411862069386388363e-01 -1.421228490353707574e-01 1.024331330165897169e+00
-8.912140023347593365e-01 2.038802778158643747e-02 1.247335159786521208e+00
-9.290323698026361487e-01 1.947013726497224262e-01 1.748283873256750498e+00
-9.823762095592656340e-01 -3.421842878550380718e-01 7.552977944909027297e-01
-1.034805590400623920e+00 -1.290429676711602136e+00 6.460695249822882014e-01
-1.124640106827614172e+00 -1.220765488086052786e+00 1.744892412719739605e+00
-6.127045522070926342e-01 3.768825188829130202e-01 4.637677447236280281e-01
-1.056167647266696541e+00 -1.262176591471146914e-01 6.243928457549192679e-01
-1.248822217723254857e+00 -2.174277033033966688e-03 1.911661473840424730e+00
-9.019075300730894362e-01 -9.118195294171018705e-01 6.125403873503659780e-01
-6.864223339347853559e-01 -1.217839170043230279e+00 1.767908562626513413e+00
-5.079056341151658716e-01 -5.445854943931480729e-01 1.577331167479170404e-01
-1.092153836551305490e+00 -1.000055859959928073e+00 1.426275861930933253e+00
-7.227572557297566869e-01 2.681021298089225624e-03 2.809232501927375614e-01
-1.218790864119367656e+00 2.980255712576216354e-01 8.342998586251118009e-01
-5.578831921100009250e-01 -4.152087465366827157e-01 1.922456744930714390e+00
-9.199077710646745842e-01 9.333321226916257984e-02 4.005095691898831189e-01
-1.118664176047537095e+00 1.802453446302731965e-01 4.934318807772649640e-01
-1.278251838798864393e+00 -7.709895935158748159e-01 6.465462282667703287e-01
-9.324081461972887341e-01 2.095690288104852250e-01 1.995066077946733518e+00
-1.262404810570682878e+00 -7.745794527350511327e-01 1.771429073294299883e+00
-7.341723955032810611e-01 -2.035978258822728204e-01 1.301841491415552943e+00
-5.066432786660782783e-01 -1.139021862962814824e+00 1.769842806563070470e+00
-1.046372850336297455e+00 -1.290439026274683210e+00 9.898333447063668578e-01
-9.604512158507192421e-01 -2.690298425649155778e-01 1.774655748579288206e+00
-6.920357846214171271e-01 -5.613302879606711926e-01 7.531906097781094767e-01
-1.066858702043611107e+00 -2.308154762936560633e-01 1.658730955583359146e+00
-1.016319024012673378e+00 -6.524640075829761798e-01 1.570044471163889233e+00
-5.608660067144343175e-01 4.483404495000027357e-01 5.496233329662935096e-01
-9.480937171888659254e-01 -9.302552427145005520e-01 1.369010192399995551e+00
-5.749429670078088916e-01 -6.937072756794653294e-01 1.360604228715083241e+00
-6.206839270861650437e-01 -1.237814011225975008e+00 1.177718710748826947e+00
-5.161106819563435755e-01 -2.675512118443323928e-02 7.822609427429227935e-01
-1.220322426037418584e+00 3.968802833213918024e-01 8.937705386149787934e-01
-1.168449887256768571e+00 -1.242468511412874621e+00 1.065487305686232178e+00
-9.295836502169683158e-01 2.523889691232963362e-01 9.255532527252124941e-01
-1.222727661144350719e+00 1.972736715138245778e-01 1.492826928156350874e+00
-6.071735815573295891e-01 -7.305096171078881984e-01 1.244595154327744480e+00
-6.751047023656082668e-01 -2.417795477141853056e-01 1.229255339114767587e+00
-9.901027208822048564e-01 1.309486419860892426e-01 3.184948932959195123e-01
-8.340367603068030711e-01 -2.174071393726577650e-01 1.452598057314461011e+00
-8.911256567622847236e-01 -6.835743254735293650e-01 1.785220213898142561e+00
-7.842740373938529297e-01 -5.965549783115835503e-01 4.151280193736544000e-01
-7.039526037518544221e-01 -1.163380514666573884e+00 7.170420895829312524e-01
-7.816404363005678979e-01 1.124079053171751497e-01 2.468743113296817115e-01
-1.064874844067456472e+00 -8.801897846531707703e-01 1.529340639140948754e+00
-1.026047337057717446e+00 -7.021626557554703218e-01 1.231116885372466330e+00
-6.743418438020674088e-01 -1.113686794630217580e-01 1.643099895271635580e+00
-9.203836164017284993e-01 -9.747788164435990943e-01 1.506964431966621332e+00
-8.146673471168914826e-01 -1.426787588768823944e+00 1.540271051984938966e+00
-1.153746447632971739e+00 -6.630423829094711508e-02 1.106537600544532651e+00
-7.180548645682762743e-01 -1.464327356835986027e-01 1.472829125861950805e+00
-1.169420396269837736e+00 4.188466979232656762e-01 1.685472142386653660e+00
-1.194647420956221451e+00 -1.605436627703300534e-01 9.242922733212134423e-01
-7.263023226661945442e-01 -1.402471533434906492e+00 1.183797731916427232e+00
-8.248164474798707069e-01 -1.157494375521676222e+00 5.904469521388658881e-01
-1.109315779460267937e+00 -1.156223967225555871e-01 1.994832386308594163e+00
-1.152541081163668935e+00 -2.462357217293669187e-01 9.136029223801312993e-01
-7.770606464646852007e-01 -3.911336459639029872e-01 1.127975121526711089e+00
-1.203143504391324115e+00 -5.230175900908158315e-01 9.047956286857533614e-01
-5.546200734628395912e-01 -7.298886072973085337e-01 3.106880546037609214e-01
-1.231950443193249978e+00 -1.496490130182513756e+00 7.264281050737826373e-01
-9.786372931047633283e-01 3.922955210879468524e-01 1.816638411426910071e+00
-8.623416807977601906e-01 1.858615891108943430e-01 5.883086170535694048e-01
-1.279602993993684379e+00 -1.207171142027442690e+00 1.623223600604625005e+00
-7.789812619360306778e-01 -3.456077083393578331e-01 1.785317472819280882e+00
-6.133352441793580301e-01 1.500248718879635401e-01 2.928322568131788151e-01
-6.290039972673755475e-01 -6.091899238697329189e-02 4.366803389068776298e-01
-1.105990547828215931e+00 2.353516211496333721e-01 1.513902046541732327e+00
-1.091686935592680818e+00 -2.596729813892209027e-01 1.893913968578869955e+00
-1.201375836794936314e+00 -1.356715844532671689e+00 7.806493863074385198e-01
-9.300480571551292819e-01 3.329945789071562245e-01 9.147051375106488580e-01
-9.684131473444170801e-01 -6.482767639094095813e-01 1.305536299310070314e+00
-5.287146055891281948e-01 1.606233522305386963e-01 1.486303084704406530e+00
-7.641505517758723220e-01 -1.017693002341610420e+00 5.463704980443960801e-01
-7.836045310769430561e-01 -8.688646154707788671e-01 1.704966676346375554e+00
-9.573472716006150574e-01 -8.683515816387181729e-01 1.532275054815916748e+00
-1.170405639420041721e+00 -9.962951103564865463e-02 4.378630110049189783e-01
-9.711913192391827820e-01 -2.829075329454402432e-01 1.457048257781426770e+00
-5.324859726205672938e-01 5.279579554093438709e-02 5.343794045404904880e-01
-1.036145205360853083e+00 -1.128121843068442987e+00 1.889384564261067601e+00
-1.030619144341487603e+00 -7.354264991321337597e-01 1.282298824151834049e+00
-9.076866143393373942e-01 -8.538863496586839297e-01 1.978733785584174232e+00
-8.640341631105405984e-01 -1.060730231677618152e+00 8.221559143314061124e-01
-1.169542281778986448e+00 4.906901985171872038e-01 6.082373013401843886e-01
-6.986066681178801918e-01 2.887094114728006033e-01 1.919706941288526758e-01
-9.991744470719141624e-01 -1.312043732894655701e+00 1.028136216368128464e+00
-5.688878063579719813e-01 2.040137175171190531e-01 9.937850224320631254e-01
-6.617228838625595078e-01 -2.372317168930340170e-01 1.925435421263290259e+00
-7.947873872181671073e-01 2.671479899102588984e-01 1.100888089163599703e+00
-5.613489652829655174e-01 -7.181932466069371745e-01 1.213977499115477698e+00
-6.486659892669811578e-01 -1.313968657733141088e+00 1.631087208978510672e+00
-9.072470062627548959e-01 4.556011547804494910e-02 1.879138641266149268e+00
-8.088231066495447097e-01 -9.208746259815541180e-01 7.256338488319739044e-01
-1.123388127746369092e+00 -1.471818243791912062e+00 1.609003540510257180e+00
-7.451856285804664415e-01 -6.941652430881379843e-01 1.482271399946610835e+00
-6.061077817932266631e-01 -3.239292821145394186e-01 9.340918243609458438e-01
-1.247726798479175114e+00 -9.325518263369336758e-02 1.697072948724038577e+00
-1.112394090374711153e+00 -4.262990418944716531e-01 1.469239613988430948e+00
-6.916240498066932307e-01 -1.185371269425270491e+00 5.520839018471896953e-01
-5.027179462959397993e-01 -5.021479463075473326e-02 1.655123752090217892e-02
-8.784552622829224777e-01 -1.052503033736547078e-01 7.245723121795639710e-01
-1.052955520327403693e+00 -4.232144908644754899e-01 9.015835834887614419e-01
-7.962626136840014190e-01 -1.102596828364086345e-01 1.933929949540591220e-01
-9.099054689654926253e-01 -8.469436428592163058e-01 1.776601213259461742e+00
-8.444182838146740977e-01 -1.610880187022820653e-01 1.549258464229570142e+00
-6.265445499709815236e-01 -7.369265814863790176e-02 9.956363670235336416e-01
-8.361543066411289971e-01 1.988709748954069489e-01 8.129360166034588220e-01
-1.182442781896060557e+00 2.447354450635685907e-01 1.810699571677348851e+00
-1.269828513918122903e+00 -4.110802595316098706e-01 1.879123045362579569e+00
-5.330961578697681613e-01 -1.650800334522035673e-01 4.142322720141565773e-01
-1.080863830375495604e+00 4.974585050022244381e-01 1.610563373462260639e+00
-7.392024295741399520e-01 -4.392850719540386528e-01 1.769810942326616177e+00
-8.083716660851294478e-01 -4.820525776998660916e-01 7.280315509338786129e-01
-9.780401368734610301e-01 -1.330258613204492457e+00 1.951976793691163614e+00
-8.112318105390738943e-01 -1.044513645339646413e-01 5.920555288069214717e-01
-6.224317648491181076e-01 2.294356553620442440e-01 2.451371910372145690e-01
-7.678169908418530643e-01 4.826929188357984568e-01 1.214698952114293906e+00
-1.086452062988953138e+00 -1.058680098988538543e+00 1.587384938353690211e+00
-9.323596351528866677e-01 3.720563322051562150e-01 1.264482287451818454e+00
-1.040696300598128232e+00 -1.427185553719665156e+00 1.294908903126567701e+00
-9.474528067132352849e-01 2.929205306611915027e-02 6.494415373274544656e-01
-1.048253020275686342e+00 -1.395215025104135087e-01 6.180747861287289036e-01
-6.037474626315454396e-01 -1.773929597567864835e-01 8.858675894431679021e-01
-1.012484231191395967e+00 1.730457594616638950e-01 8.156734696521290573e-01
-1.271105285384783290e+00 2.460017826378479988e-01 1.541120978832695165e+00
-1.117194095397621600e+00 -4.590623732214607067e-01 1.841499478809807799e+00
-6.447529143373650351e-01 2.435204182016059704e-01 5.456570425278087777e-01
-1.246006184131128292e+00 -1.106210662013478396e+00 1.337120979818023025e+00
-1.056516677919793867e+00 -8.765944622656498542e-01 8.221406952082469521e-01
-1.097907023988355935e+00 -1.104270454941002289e+00 9.227099205236871660e-01
-1.115677279516594345e+00 -8.434506181188619056e-01 1.365132313556384425e+00
-6.049552671828712924e-01 -7.203443759625578480e-01 1.028020492902741889e+00
-7.648563830851796697e-01 -1.134300455412829089e+00 8.611944525711859866e-01
-5.821535414946455989e-01 1.302130112822066366e-01 1.049395989655381500e+00
-6.616582638374250980e-01 -8.939194494247191258e-01 1.272978319774828337e+00
-5.952094679259445353e-01 6.435593724885624312e-02 1.858508453629173385e+00
-6.858445013532203927e-01 -1.065663439122950917e+00 1.150693799794454186e+00
-8.129257325698446834e-01 4.596295240898875534e-01 5.561706911699726419e-01
-8.941800297377016093e-01 -2.509748001480927027e-01 1.618928925812849196e+00
-5.112181765387480148e-01 -8.008324067444068106e-01 6.395239821370179989e-01
-1.127335074350944044e+00 2.039078339260274042e-01 1.885107593100669332e+00
-7.845541833501107343e-01 -9.918186406165114821e-01 1.039126167631041708e+00
-6.353883926581610497e-01 -3.983492243835140556e-01 7.702923412963085248e-01
-9.644190982592042438e-01 -1.065267190786834295e+00 1.459848662704737565e+00
-6.835761086093582461e-01 -2.225257305548165032e-01 1.538878093227080690e+00
-1.019785066878222235e+00 -2.440254388549323306e-01 1.447247281430291466e+00
-9.526442034523090463e-01 -1.046251128881264369e+00 1.011769388441381645e+00
-1.249747221722524504e+00 -6.632374688074573754e-01 9.340491106671161559e-01
-9.875318650222462136e-01 -2.276279411380530693e-01 4.626445890914475667e-01
-7.042714336305160305e-01 3.823085625944799837e-02 2.872079580234451202e-01
-1.082947377827364832e+00 2.655388021744904403e-01 3.286466075783058827e-01
-1.053577864482234894e+00 3.226726803185444581e-01 1.813850240814045112e+00
-8.855442659516639115e-01 -6.260774530283883532e-01 7.874452056010723400e-01
-6.775953760529489500e-01 -4.255863898372911347e-01 2.608589588805194648e-01
-6.992852336373449607e-01 -1.274434690607304521e-01 1.293509281588991922e+00
-5.886917555106905287e-01 2.656713542082269619e-01 5.204594824730972569e-01
-1.287388483120180060e+00 -2.646451925333637156e-02 1.674015200402305004e+00
-1.277540373816911323e+00 -5.782977077770827812e-01 6.001310990257993083e-01
-6.104216707190308622e-01 -7.361946544171447115e-01 3.798496697166319214e-01
-8.549145705652918537e-01 -8.944736893466151972e-01 1.510316019828408018e+00
-1.135857925308954242e+00 -3.253753705567374865e-02 5.120418536105536544e-01
-9.381062695668833662e-01 2.234900571618285703e-01 1.865355871857186321e+00
-1.209359954297003936e+00 -4.360095538027728423e-01 9.944018339410446439e-01
-5.875633487474851702e-01 -7.691902477520915493e-01 4.321289291592398385e-01
-9.483397522722221140e-01 2.448210601922335972e-01 7.287481538749335241e-03
-1.212276142033358761e+00 -1.422442129703167524e+00 1.643517845800025468e+00
-1.260398516767757826e+00 -1.335720864555973497e+00 1.018602316109401995e+00
-1.214188520674831961e+00 3.821210432661612533e-01 1.391675084677883589e+00
-1.174542258877380840e+00 -9.707550854446258537e-01 6.090614409037606869e-01
-8.381097143997872090e-01 -2.354460257973558512e-01 1.822480049316225870e+00
-1.267457722329526693e+00 -4.427317580115792683e-01 1.478349048440282809e+00
-8.371939019161309670e-01 -4.556775417604710388e-01 4.469000012467994054e-01
-8.825782301284893494e-01 -4.052342946847786731e-01 5.429399965931973604e-01
-5.583534240441291319e-01 -5.508486136468540018e-01 1.620433805073339117e+00
-1.249156584417756788e+00 -1.392015514773736307e+00 1.647723243751087363e+00
-9.056475062453184233e-01 2.364819223708420903e-01 1.064514552782550361e+00
-5.210769449251292373e-01 3.405301241903966325e-01 9.074953964062398848e-01
-1.063279455334488199e+00 -1.023925105381116474e+00 1.681512754732446213e+00
-9.054783244665114417e-01 -9.177890266462047641e-01 1.435613483351581010e+00
-1.094766575138634401e+00 -1.623393430249842062e-01 1.535865893340710109e+00
-5.667823957828433956e-01 -4.150929442567390382e-01 1.027741733834191651e+00
-6.019117075780514581e-01 -4.319932063703249003e-01 4.410012881176839095e-02
-6.827449602408839358e-01 -7.445740400281752880e-01 1.318070187226803247e+00
-9.489132787743193020e-01 -1.121758073028100045e+00 1.803332562040946163e+00
-1.016292983523354954e+00 -1.069435930265293599e+00 1.692537820819085326e+00
-6.414194175178715707e-01 -9.439067460593477676e-01 1.681787434450993546e+00
-7.881447945957117396e-01 -1.089085016104804904e+00 1.606395683515653872e+00
-9.286748766112574716e-01 6.426873695657064900e-02 6.752852310148439452e-01
-9.641341283907149950e-01 -2.311568864658710698e-01 1.841427775816658619e+00
-7.875005169620656886e-01 -4.488453566881394075e-01 3.039790361662998430e-01
-1.270623432287048438e+00 -1.132239936863186358e-01 1.702496973286555360e+00
-8.549936036396796890e-01 -1.205352012299586217e+00 1.973621622044707369e+00
-1.106676979775392589e+00 -3.737221365419480801e-01 1.452125548785809572e+00
-9.634469550673534499e-01 3.799424294546949188e-01 1.799084388573998661e+00
-6.693804671790605232e-01 -4.665341865865664239e-01 7.709776370240720711e-01
-7.878206707195577474e-01 3.388108355828898244e-01 1.196613965036811278e+00
-5.259282089556078787e-01 -3.407037802691001982e-01 -6.872474416737950342e-02
-1.230623499837931289e+00 -4.510581511519893283e-01 8.732444823447473858e-01
-6.888586743870150908e-01 -7.888582902541589892e-01 1.841995463882234674e+00
-1.108656396608613148e+00 -2.978547549789767324e-01 1.588011186606550940e+00
-9.866012642581527547e-01 -1.410759616274106287e+00 1.961696081963895555e+00
-8.563864601654938014e-01 -5.907109687392382291e-01 1.165539837166141623e+00
-1.266140647198285452e+00 3.565934861733961458e-01 9.866516608813710176e-01
-5.975442225052005618e-01 -1.018714210536853848e+00 5.191135269481919057e-01
-1.063193200174373132e+00 -4.041495471541123319e-01 1.053390340050766039e+00
-6.874604805893353987e-01 -7.020295026072775890e-01 8.663375877963105376e-01
-1.179064237365320400e+00 -6.430109788820126404e-01 8.163424311613927120e-01
-1.234038618697179679e+00 -4.415830496709134412e-01 1.998729232005945544e+00
-5.272092751681659584e-01 -1.015523621209464489e+00 1.674670591186992574e+00
-1.253389279933352363e+00 3.601983823464558476e-01 6.247887472641890927e-01
-7.291417863735100147e-01 5.645066843148249802e-02 1.468812655682230739e+00
-9.428772216187343291e-01 -9.637878897511382714e-01 1.593235525069882419e+00
-6.444739449957600508e-01 -1.859901332709459343e-01 1.517860217112453336e+00
-5.152523880128390132e-01 -1.324326209700073198e+00 9.757017022127495443e-01
-6.988218554772663849e-01 8.567068292094170978e-02 1.138337857908497730e+00
-9.800137368855376119e-01 3.835091584873533410e-01 1.331585180803345869e+00
-1.034387688501636759e+00 -9.441178636593527962e-01 1.818031739247566003e+00
-7.343958064759780191e-01 -9.364504894105363242e-01 7.939722323315371311e-01
-8.661541799738312619e-01 -5.567423589785036597e-02 9.476122897574247306e-01
-7.808029365971117519e-01 2.156181731197714946e-02 1.080650679902197542e-01
-1.028143963530894878e+00 1.896938363429516716e-01 8.230099675585164087e-01
-9.931936709682529507e-01 -9.622853493897214339e-01 5.493804292915905885e-01
-5.836228411851659414e-01 -1.022477666721261613e+00 1.940494291802092430e+00
-1.228391685481658335e+00 -1.535238446488149666e-01 4.982278763455483261e-01
-9.138770912071643160e-01 -7.351929013052473927e-01 1.806199540118525348e+00
-6.000071652858987026e-01 -2.182065641447259452e-01 1.058128242905383765e+00
-8.970064079530448709e-01 2.233237483079670849e-01 1.170604324452236167e+00
-9.065391760589266434e-01 -5.081995354341046767e-01 1.671810514778924617e+00
-5.313799888706169927e-01 -2.706287336145081213e-01 -4.515948194257310422e-03
-1.013883586319050512e+00 -1.531925484299472284e-01 1.802582727755838610e+00
-5.217694345329381145e-01 -8.837416547659393551e-02 5.689127048259636776e-01
-1.098333884482010303e+00 -5.200200701876454001e-01 1.633368959080509608e+00
-1.039816754369853768e+00 2.887721518895123296e-01 7.240718913537682599e-01
-1.078507228034646381e+00 -4.228305222178534439e-01 9.413413291604931787e-01
-7.013958922781016181e-01 -1.594993951922618614e-01 6.340324981125419201e-01
-1.203044183322929728e+00 -4.378624829086108505e-01 8.813519321328435741e-01
-1.003555960758574450e+00 -1.837197184629686397e-01 1.939567421186330076e+00
-1.036509495551701354e+00 -1.119945726256556640e+00 1.385010988061686765e+00
-1.131329876122734390e+00 -8.184523364269691292e-01 1.664129531427944952e+00
-6.623556950594247095e-01 -1.401592487106849916e+00 9.255457739319840060e-01
-6.410937058905437080e-01 -2.756724383873390138e-01 1.991766281513402514e+00
-5.275770542029094567e-01 -6.607621759436368425e-01 7.556256340964701002e-01
-8.670178527491823051e-01 -1.491016642717407192e+00 1.002762149535483038e+00
-8.871978559740041348e-01 -6.277695485108303330e-02 9.930595208781126670e-01
-9.266123603323073166e-01 -1.724537123250744486e-01 1.448160149514157446e-01
-1.174541891989785647e+00 -1.020511358404418978e+00 1.322186796429601019e+00
-1.094533688330581178e+00 -5.239413603757725468e-01 1.360486909422997659e+00
-1.201334405737007671e+00 4.848018090858459139e-01 1.417303231212232228e+00
-5.566196891968552274e-01 -7.742638706231845802e-01 1.186380588344168041e+00
-8.490777088565475417e-01 -7.499499638556963443e-01 1.271375877488210238e+00
-9.775407161554352520e-01 -9.725669110629928671e-01 1.007313737312169666e+00
-1.240477272732088521e+00 2.426516932346227673e-01 1.845685421618447730e+00
-1.239161299355937107e+00 -8.376519334582623877e-01 1.680274224648484527e+00
-5.147395472937678074e-01 -2.186115402287909237e-01 2.669707569623730459e-01
-6.061604434575124101e-01 -1.271187243119743293e+00 1.170017134622128641e+00
-9.734841992286946688e-01 4.994762035926056942e-01 -4.032519353904300691e-02
-1.178573704306661529e+00 -1.047587483477758763e+00 1.703084250788674314e+00
-7.719137747291916485e-01 -4.299104040716852371e-01 4.291688620507256857e-01
-1.031177510493557437e+00 -1.454400614186342588e+00 1.342631872425255057e+00
-5.048432250985566139e-01 3.341402937621285041e-02 -9.298755612388359681e-02
-1.148145851303231213e+00 -1.065111681804986610e+00 6.511791726637806699e-01
-9.817603365409903748e-01 -1.105297330498345554e+00 8.129764151232363734e-01
-7.719895639102180018e-01 -1.418985184406971634e+00 1.112411534681823744e+00
-9.210881784446498521e-01 -5.240202179223381052e-01 1.191659047751319811e+00
-5.848594778324224253e-01 -1.220679841368204066e+00 1.400546000414702563e+00
-9.325058619402557536e-01 -1.722266748367928813e-01 6.417232532905531306e-01
-7.205858160420888225e-01 -1.084932322992935516e+00 1.509794666660245088e+00
-9.000819449231673985e-01 2.459676258976843943e-01 6.231837773247805856e-01
-1.047727505620392741e+00 -7.657255374238438606e-01 6.431473433638218440e-01
-8.937863261345473376e-01 -1.710339915190526305e-01 6.402640264922013769e-01
-9.389074609302540120e-01 -9.267280337560477310e-01 1.807122165855972851e+00
-7.003092337635389297e-01 -6.559805290286035984e-02 1.652721284436268423e+00
-1.158312344757348455e+00 -4.338296369014584819e-01 1.507780957485122197e+00
-5.484067843639868212e-01 -4.274667219386285577e-01 1.565352642746103307e+00
-1.018763128991845068e+00 3.142962821234402959e-01 6.210109600117788009e-01
-1.174956744920581775e+00 -1.051232109089178524e+00 1.742014474553237768e+00
-8.232134905753359932e-01 -1.337328347670300843e+00 1.457970108299881051e+00
-8.192052175219231014e-01 -5.917252204350731404e-02 1.503807866387094183e+00
-1.262796970185791956e+00 -6.384380916375325121e-01 1.810771651477049327e+00
-6.971482168961309345e-01 -1.579389208600034955e-02 5.598413709197813670e-01
-6.234600586759024843e-01 -2.865180130020428262e-01 -4.771862432226656875e-02
-9.560655620959070955e-01 -1.467277188066024918e+00 6.795954576060876384e-01
-7.047484545996431926e-01 -9.654131491101591855e-01 1.025017043315646914e+00
-8.607721191355839352e-01 3.228966397322756698e-01 5.041775871278785237e-01
-8.994043143003227492e-01 -7.624674441620236109e-01 1.555454321896267089e+00
-1.281959053774914370e+00 -1.437485448706267377e+00 6.953535573004498982e-01
-6.382740224987549782e-01 3.851539073361476273e-01 5.228936558076566210e-02
-1.051447519799038721e+00 -2.163559352167538918e-01 5.187526751728919194e-01
-5.914918849578378879e-01 -1.212147298435895415e+00 7.373714006699390033e-01
-6.239878410882380155e-01 1.133028403888958202e-02 6.513435577718579284e-02
-5.211139346365140090e-01 -8.997299282821511479e-01 1.104419569013205482e+00
-8.231389233535513217e-01 -1.426903986494926890e+00 7.834440773068815922e-01
-1.031363395593593912e+00 1.074142080259141707e-01 7.441263704097753617e-01
-1.268983813010953199e+00 -7.415742465698849095e-01 1.468546093837229227e+00
-6.862337531743265551e-01 -2.622557770822779855e-01 9.346596789921252091e-01
-5.575247406413712525e-01 -3.590619839839692684e-01 9.040510770803755758e-02
-9.462382771705455387e-01 -5.465133576455389885e-01 1.830294218943181228e+00
-7.151546334579718112e-01 3.054330552102342278e-01 1.985375171532692828e+00
-9.919834129415967539e-01 -1.017008367283624981e-01 6.165642750744619871e-01
-8.122366410163622819e-01 -3.352145359197127306e-01 1.652197820859357680e-01
-1.299726212352427135e+00 -7.423872723831630438e-01 1.191242555305444872e+00
-5.502879945874397105e-01 -1.781255410255697669e-01 4.709672372939315288e-01
-1.226300313036937872e+00 -9.105057591909060388e-01 1.435704660537220567e+00
-6.993571617805336427e-01 2.107172919428681457e-01 1.243774620386091545e+00
-5.030714207762302381e-01 -6.645341667526807328e-01 3.876596092794802884e-01
-1.048595431376971643e+00 3.671283196144647931e-02 7.205476785149445007e-01
-7.715190903000417322e-01 3.087511983737285526e-01 1.956963112917527337e+00
-1.130075285986916089e+00 -8.002647196735097612e-01 1.234030760530234527e+00
-7.540337687905461772e-01 -4.329519630972604727e-01 1.293829141220042223e+00
-7.901282623032549468e-01 -1.126286960863917219e+00 7.918070751229349113e-01
-5.538510865865073907e-01 -1.346101638443325310e+00 1.473842868447504229e+00
-9.992971896153612921e-01 -3.583892720524679554e-01 3.098994790774358687e-01
-8.925861435267856692e-01 -1.499945283203383495e+00 1.968790964470040095e+00
-6.574547499429089781e-01 3.305837425604680746e-01 1.304646455013788398e+00
-1.288574727249481855e+00 -5.261608849246077746e-01 1.569177484389485233e+00
-7.799004955527792937e-01 -5.232416731141795729e-01 3.139895880515708448e-01
-7.511796475666966399e-01 -1.015533499497613068e+00 1.314734723172976461e+00
-9.965566181667528944e-01 -9.852005568352451004e-01 1.502382158636076381e+00
-1.279470232092605020e+00 2.837660114080953200e-01 1.445602576410097484e+00
-6.613810275094049729e-01 4.183352876508863449e-01 1.959585353671558838e+00
-1.184389840089990154e+00 -3.582111669309364643e-01 1.732021954823396381e+00
-1.008810007552239263e+00 -3.448860614201694208e-01 4.300532781832510087e-01
-9.812865117966482753e-01 -6.238981236279208531e-01 1.928492441119072254e+00
-1.130890890955590811e+00 2.530275975863838234e-01 2.703556783281267917e-01
-5.620198399682527768e-01 -6.546984551988861423e-01 1.277566110792428322e+00
-7.438560003086766015e-01 -2.763605231371428772e-01 2.804918316705199421e-01
-5.876928592995867007e-01 -3.430183974663241209e-01 4.148599654062462561e-02
-1.006008537856971419e+00 -7.172859300975058527e-01 1.065465080151202670e+00
-8.677211994667364259e-01 -1.409294962370415627e+00 1.713982504479853342e+00
-1.084861783759289100e+00 4.567959920004041052e-01 7.320644594225237389e-01
-5.731769022180926987e-01 -2.966086059584516210e-01 1.854230916031887277e+00
-6.664691763068397723e-01 -6.584876892327649056e-01 7.883937667373531744e-01
-7.052582448233616352e-01 -9.011568761162258578e-01 4.253234427856150690e-01
-1.036215026226014135e+00 -1.010744943723708600e+00 9.065531651806278957e-01
-1.269432225493826172e+00 -1.170279029265289594e+00 7.543468714403627207e-01
-5.418879364799763509e-01 2.415507399712650827e-01 1.646618872747314111e+00
-8.459117683933332632e-01 -2.985040199897261992e-01 5.931813619379693314e-01
-7.940901377569052899e-01 -7.915956563186681283e-01 1.495830314403233219e+00
-5.340524252127212268e-01 -2.936155333924492794e-01 1.264840316977361212e+00
-1.097407110770196370e+00 -8.954133854804280368e-01 1.038392720497325561e+00
-9.333227657759255447e-01 -1.324429806745470728e-01 1.187024675038836907e+00
-1.130058314479887915e+00 -9.372651751857932201e-01 1.788040792120619615e+00
-6.802681557296725856e-01 6.435752553598228509e-02 1.424808457399799222e+00
-7.796207942754287412e-01 -9.137146405218501410e-01 1.856005235260270947e+00
-1.035460973236890236e+00 1.651017406625623352e-01 5.734789986931566608e-01
-7.315527388838661826e-01 -6.425924551166342091e-01 8.947510235396234357e-01
-1.290118580304055573e+00 -7.980635696367339715e-01 1.944920482537118023e+00
-1.206420592555621063e+00 1.093709282530164195e-01 8.491913715211509839e-01
-8.320536234541595633e-01 -5.934467932324971606e-01 1.512169796771258845e+00
-1.167721131561046510e+00 -4.670474433743003750e-01 1.895630669240678579e+00
-9.697086377811637847e-01 -8.483120286014500522e-03 1.567091552268947474e+00
-6.995116072719570477e-01 -2.507195004472180244e-01 1.911941485912642402e-01
-1.286084701552782761e+00 -5.551569859827591991e-01 1.166085355867473305e+00
-6.447869771784684456e-01 -5.590329221003720317e-01 9.970180424677869135e-01
-9.978452951849317021e-01 -7.670259331635151945e-01 7.123466196161941655e-01
-1.149028944740379199e+00 -8.497711270321841592e-01 1.010894639161618702e+00
-5.817027215345783597e-01 -8.447261873141977961e-01 1.628991978597889023e+00
-1.076922867633194114e+00 -7.885945220843959547e-01 1.689634049913443459e+00
-1.218630079278162359e+00 -7.289645373555153629e-01 6.601614140833239608e-01
-8.135451190240909902e-01 -5.943015977358696578e-01 9.208442905376249543e-01
-1.068204399035108665e+00 -3.444726434432829887e-01 9.774544641108510179e-01
-6.964131195135585539e-01 2.327692056464325532e-01 4.166140816796628510e-01
-1.242669789035109273e+00 -1.237727004071223158e+00 1.972949530470680113e+00
-1.113302806317969518e+00 -1.033432257728039039e+00 1.276362822087315996e+00
-1.035683366902107494e+00 -1.175684737679943748e+00 7.055799150685844179e-01
-1.018181313684003442e+00 -1.246312898128622004e+00 7.251500743365574264e-01
-8.000698967156349983e-01 -5.322073895938337351e-01 1.744292309600739665e+00
-8.587572873324675893e-01 -8.810678309178656686e-01 6.507692628437530269e-01
-5.285196801078453355e-01 9.876274668544438029e-02 1.044086460615086365e+00
-1.085097564059359421e+00 3.854369878592960319e-01 1.114133665726882549e+00
-8.379822040433384522e-01 9.536500912730905277e-02 1.742152132186822522e+00
-6.964274150526424956e-01 4.417671500971611653e-01 1.474471355860586641e+00
-7.284956232524061326e-01 1.250165241950880191e-01 3.544609259732321993e-01
-9.525470291177020599e-01 -1.197100119243748706e+00 1.670608897324002307e+00
-7.363493485116162640e-01 1.222044453351589510e-01 1.915464290287901772e+00
-8.714206880169172997e-01 -3.845707307745367398e-01 3.938706805377769626e-01
-9.792665001058509233e-01 -3.070869520412631282e-01 2.569905026589988095e-01
-8.030637470677723933e-01 4.005685176784423707e-01 1.709857058364803617e+00
-1.091688536932234443e+00 -5.320734749850868361e-01 1.838356302634986505e+00
-1.032091774955183006e+00 3.184900887622865717e-01 1.747631598108222661e+00
-9.584865253875249902e-01 2.042599778560765245e-01 6.509411104303126638e-01
-1.110250796194322653e+00 -1.913113721469117401e-02 1.725411875400582939e+00
-9.039378146905847622e-01 -2.908394936166081024e-02 6.835163294445861792e-01
-7.955527578762293661e-01 -3.664885153312371635e-01 8.453736146708182853e-01
-1.250110499180727919e+00 1.501084518601141227e-01 1.681711925496928606e+00
-1.283524288456349582e+00 -1.115310538465323242e+00 7.591751768140282408e-01
-1.137385487338946177e+00 -8.730132003582686817e-01 1.809041498402446546e+00
-8.432428109180710729e-01 -6.760692901923170961e-01 8.742601567198493573e-01
-6.808568906710943391e-01 4.444562589823339849e-01 1.455094209260445748e+00
-7.426607174709913828e-01 3.123575147928228102e-01 1.344657653823648991e+00
-9.306954819989591288e-01 -3.801413489997771400e-01 6.854608223248530585e-01
-6.284499243012542369e-01 -1.295906442546620019e+00 1.474143900464530921e+00
-5.555294472475114098e-01 5.232639517206849611e-02 -9.747977606047845966e-02
-1.106372972492106310e+00 -2.344909709390670116e-01 9.589640172045671429e-01
-6.915844580910907036e-01 2.756677980748183376e-01 1.148892007331803633e+00
-6.757939960272427715e-01 -1.093424328709795779e+00 1.278201449183457905e+00
-1.044193692944473506e+00 -5.928631798116741347e-01 7.479075833223597369e-01
-5.082986448406718871e-01 -4.340549002643738774e-01 1.087357184834784884e-01
-7.261764602717172279e-01 2.311691871641397000e-02 1.471445231767575912e+00
-6.020570618633084292e-01 -1.276549569763719694e+00 1.988180400286194693e+00
-8.420112565297449558e-01 -8.343311027223183629e-01 1.909158530961389211e+00
-1.170299804816602229e+00 3.935155791934381586e-01 9.018996100536044169e-01
-6.430398590842492101e-01 -2.907149795726147179e-01 1.707051925004742010e+00
-5.165151606833036091e-01 -1.289827176103597317e+00 1.533584400673815740e+00
-9.388745157253964857e-01 3.599612541203223159e-03 1.846921664584395106e+00
-8.002712161656873047e-01 -1.100044645499511642e+00 7.140338317890492226e-01
-7.828957034928877290e-01 3.982859606654984841e-01 1.102584167283459982e+00
-7.176058213384421958e-01 -1.741515250869889453e-01 2.718584070584938450e-01
-1.106112730398344679e+00 -1.116529920414991661e+00 1.708311214372347120e+00
-6.918830825197250789e-01 -4.022024034803635129e-01 2.146425478697684130e-01
-6.419569194074244978e-01 -1.322549136899591193e-01 1.077211502371699936e+00
-9.858615249031856820e-01 -1.367536113715766000e-01 4.265070488255762182e-01
-1.264155258702933216e+00 -6.808637669762471756e-01 1.785059697672746193e+00
-5.374072959784975678e-01 4.281749042245188708e-01 1.428962068169828292e+00
-5.532964579923316251e-01 -7.072612071767940822e-01 1.584810633475135511e+00
-8.626870138276214739e-01 1.522315883454137264e-01 9.271354347592358769e-01
-7.470485837503120230e-01 -8.264367412288471382e-01 1.176397575205987200e+00
-6.936254143085271995e-01 2.680140075378967257e-01 6.769391100994887056e-02
-5.970425562479964032e-01 -1.117399562535619895e+00 1.373539549759356992e+00
-5.828963183248634383e-01 3.339643375772616274e-02 1.528566422010169346e+00
-9.998368478551182825e-01 -2.857107623831995902e-01 9.333456905088776123e-01
-1.223763603856904636e+00 -1.016172162054489236e+00 1.410199916143939358e+00
-6.543902516200594821e-01 -1.471341683903652164e+00 7.050625821794087589e-01
-6.199758506773230815e-01 3.898530877699806219e-01 9.309336018481385588e-01
-1.292315097333706975e+00 -9.571979502388467953e-01 1.246421071559910887e+00
-1.185290282485015556e+00 -6.074847642796410430e-01 1.972145573056499401e+00
-9.187819244401690399e-01 3.464511832206629283e-01 5.000169009409169973e-01
-6.457046810560800321e-01 -8.621793602304537174e-01 5.014272220517872469e-01
-8.579451025446576118e-01 -4.419373641056292268e-01 1.515068507623150262e+00
-1.000339318203516958e+00 -7.051094006284541749e-02 1.868449230522083226e+00
-1.218352822991873641e+00 -8.282442337662367926e-01 1.218891078131460359e+00
-7.176713987394809369e-01 -9.690878225741623719e-01 9.372471047881237860e-01
-7.347579222198841187e-01 -7.287067816898340489e-02 1.827146514275905131e+00
-7.505712665415517071e-01 -8.279171042594912766e-01 1.938510281442804573e+00
-8.160757637790001517e-01 1.560189006845587034e-01 9.728779172608831294e-01
-8.246591260750040231e-01 -9.532284468893890139e-01 1.101763134529985644e+00
-6.727169426416026443e-01 4.360706341850251189e-01 1.953364224297059248e+00
-1.164582693219651244e+00 1.340958671837013672e-01 1.331755193123489001e+00
-5.662311011558267548e-01 -1.369365686394241610e-01 2.548784832529261690e-01
-8.471472201600813712e-01 3.468621299024050586e-01 1.522411606200784195e+00
-6.574721172667633562e-01 -1.447301098216944304e-01 4.829434309851834417e-01
-7.050980321554687347e-01 -6.036488212468151815e-01 8.315236211121521670e-01
-7.682192179595002113e-01 -1.215146109952463860e+00 1.220442334789955341e+00
-1.265517707215520593e+00 -8.576191344858723475e-01 8.573597959428028714e-01
-1.192267377323530386e+00 2.950869789346721728e-01 1.112104370331648218e+00
-8.039122801099569671e-01 -5.619278317506994913e-01 7.193458855033272314e-01
-5.102264812978060116e-01 4.082973762544124252e-01 2.071044158929644941e-01
-9.265375706105648534e-01 4.849380117173429650e-01 6.443998249060924888e-01
-1.087743745687725472e+00 -4.896676596949187665e-01 1.005574383391709459e+00
-7.506897171103866784e-01 -1.262481569852997865e-01 1.571773273619146316e+00
-7.331515289710737182e-01 2.044526993269013548e-01 1.848476045452552619e+00
-6.271235711311925476e-01 -1.203894603434660926e-01 1.157153047509380972e+00
-5.242567158718686171e-01 1.618112914840663663e-02 -2.006546305591279389e-02
-1.090006637958335078e+00 -1.601756961125868628e-01 3.668616466727753211e-01
-1.147037396025689215e+00 -6.798661173591513673e-02 1.004354833589378382e+00
-7.601015372540199655e-01 -4.753511363499418607e-02 1.878402164203039515e+00
-9.751346334741775035e-01 2.663536022457306807e-01 9.926504918435915537e-01
-9.828747783899198787e-01 -1.141558572854501907e-01 1.595188705837214282e+00
-1.027578936159316836e+00 -1.518026215155021674e-01 8.209326866125101763e-01
-6.855573878326839399e-01 -3.438001286915832733e-01 5.278759523575661250e-01
-1.104069780113719590e+00 -8.701296799386493142e-01 1.701105185380879847e+00
-1.136840566037409239e+00 -1.015910644809175922e+00 1.088584013421515229e+00
-6.394768238142187755e-01 -1.166635937838299775e+00 1.254611150431732991e+00
-9.815286115343733186e-01 3.026338108741697397e-01 1.529664526485900733e-02
-1.055876608401925765e+00 -1.102351586372630532e+00 1.812371190967656531e+00
-6.120170745508778376e-01 -2.882613082418945538e-01 1.028273192816287152e+00
-8.493636815536798057e-01 5.983596919386657831e-02 8.825661260817260767e-02
-7.246179884930873394e-01 -2.296149630689112708e-01 4.243154597578130405e-01
-7.952632460693137562e-01 9.134479271793427557e-02 1.713652891915220744e+00
-5.980984805011655414e-01 -2.642144864047266672e-01 1.730363630106125150e+00
-9.843225591967108556e-01 8.223591581002320794e-02 1.395566229579661810e+00
-9.372770923171565016e-01 -6.573130442115664440e-01 6.972655039749058314e-01
-9.968909189700341233e-01 6.270177594494086293e-02 4.789589074401770508e-02
-6.822492303507174949e-01 -4.751173017067391591e-01 1.664799010455830786e+00
-5.523448300598640115e-01 -4.598167105323076598e-01 2.741159491095055412e-01
-5.602022022951188562e-01 -5.709316600523319796e-01 3.977566371387831756e-01
-9.377593511406603355e-01 1.295209513161466042e-02 1.445607093095175655e+00
-9.179788372645050210e-01 -7.633434966838992253e-01 1.077242469076422404e+00
-9.529766551709328848e-01 3.356713215053594990e-01 3.658368687218218618e-01
-6.115141947232971553e-01 -1.447064544156101196e+00 1.106517315135824964e+00
-1.075206563628090084e+00 1.244020058641053250e-01 1.079449468232199338e+00
-1.001536739561101452e+00 -2.256264793212170439e-02 1.068634241367231452e-01
-7.902919396606955527e-01 1.762795656181013193e-01 1.177117540590030709e+00
-1.206173453667239714e+00 -7.044130838320596943e-01 1.870270575504832333e+00
-7.199584232591631494e-01 -8.294612147974622651e-01 1.446730469666269059e+00
-7.731647809165594909e-01 -1.014674712050942063e+00 1.425393754312864747e+00
-1.263998227743419633e+00 -2.991490482267307183e-01 1.624269980631143806e+00
-5.445136250867325112e-01 3.312445201111293702e-01 6.821519011777809061e-01
-8.090936232845430398e-01 -9.883746689751682357e-01 1.511177692427354113e+00
-7.492848176125072035e-01 -3.439314638770543109e-01 1.835401596580979733e-01
-7.731527553634123251e-01 -8.026026042225058443e-01 6.952206719244490296e-01
-7.421405728783155853e-01 3.800980406980627446e-01 1.244689563439318691e+00
-1.159916359660268181e+00 -8.065840385242462052e-01 1.825956889734634991e+00
-9.511285993350004908e-01 -9.974851544822984639e-01 1.675504602444115809e+00
-7.180200428013838732e-01 4.574252888910632642e-01 1.491492916831685500e+00
-8.683137463846501980e-01 -5.074596283875576486e-01 9.556814868791471129e-01
-8.674877224546668764e-01 -5.923684267846942575e-01 1.121410027450289615e+00
-1.123985816280395067e+00 3.150003756712844716e-01 1.820382954879649740e+00
-7.269673803694315373e-01 1.658312115762501371e-01 1.276795008052707292e+00
-5.895845158866994673e-01 7.404975398890112359e-02 1.003289797386503812e+00
-5.166218146960080970e-01 2.886064246093331676e-01 3.794316814637930246e-01
-9.247834769600897786e-01 -1.330490401246381182e+00 1.765154025275960326e+00
-1.054538804940743812e+00 -6.309386044391895876e-01 1.645970112827467302e+00
-6.863450301969561407e-01 -7.798919627608389415e-01 3.905894626812824733e-01
-1.072518401548455014e+00 -1.942972917492185037e-01 1.159824649264508789e+00
-7.625188683849574156e-01 -1.057380966303073322e+00 1.783323306158068888e+00
-5.998721776776789749e-01 -1.886638046937225699e-01 1.186646985358842166e+00
-8.502870367284889319e-01 -1.079617672731917111e+00 1.311680020094314170e+00
-7.849017236272710640e-01 -2.403241187752525043e-01 1.513668848887838259e+00
-5.034199344400039910e-01 6.612905971622007328e-02 -9.788787888886960054e-02
-1.073130087311279901e+00 2.287656246447817843e-01 1.156897176249820136e+00
-1.217945756942129032e+00 -5.606133731000852993e-01 7.858018298331798102e-01
-8.459741559212796691e-01 -2.230846111558302258e-01 1.215279810918859615e+00
-1.101860836734488647e+00 -9.532809567649815907e-01 1.985072809004026606e+00
-9.330737726932485376e-01 -1.488131729592723218e-01 1.764798915188042328e+00
-5.135271313922348257e-01 2.489950129375362309e-01 1.373352697874206330e+00
-1.170929080817826540e+00 -5.212932832010235273e-01 1.550122895199873341e+00
-1.070474943676827939e+00 -1.049174694442431832e-01 8.288347814069076946e-01
-5.134632617307977043e-01 2.438527198742672653e-01 1.521546049101098752e-01
-7.040183195663888283e-01 3.965496289924836937e-01 1.812733506515130211e+00
-1.150820107553665927e+00 -5.902848531472768556e-01 1.483331863360696223e+00
-7.711518314187134626e-01 -3.365356059298485469e-02 1.806814247982321542e-01
-6.248751405062711317e-01 -6.536891430429299099e-01 8.126720871550299208e-01
-1.064005224266837413e+00 -7.826965105648142629e-01 1.115710013956478397e+00
-1.069544492274283165e+00 -1.119766627392812852e+00 1.643283497020625816e+00
-8.567503443195249035e-01 4.793467472258845508e-01 9.922204737008047948e-01
-7.179891255001208394e-01 -6.232748776804730717e-01 1.074904621702980734e+00
-6.639322898118974470e-01 -6.680718131777885205e-01 1.726643046812617044e+00
-1.042693830108979647e+00 -1.297709731681453427e-01 6.552890974915347444e-01
-8.558857545142675161e-01 -9.188385737262245723e-01 1.877855188647684859e+00
-6.759667036697694087e-01 -1.397056679368269272e+00 7.980211707595918913e-01
-9.251963781218828231e-01 -1.180719025461210547e+00 1.602136735436863191e+00
-8.819249726944705658e-01 -8.938414762535156211e-01 1.174663425906645520e+00
-1.020144427458017145e+00 1.158408201205272103e-01 1.198116991354825300e+00
-5.192918442719784977e-01 -1.356421845914279611e+00 1.876677943019063877e+00
-5.854696886451581372e-01 -1.308589403209528657e+00 8.024442242635371203e-01
-1.042623167098041037e+00 -2.977442460821089210e-01 1.824439100474755993e+00
-6.289630218322614930e-01 -8.586911817392282043e-01 1.145003547472464023e+00
-9.482521587300107857e-01 -3.284270624698850671e-01 1.867918547051936384e+00
-1.245265733332084457e+00 4.097101204216830883e-01 1.202315319563011853e+00
-6.189164218483946822e-01 -1.144195038916469009e-01 1.675305651875388824e+00
-9.313564185567395626e-01 -1.189542628868719865e+00 6.941932293204234883e-01
-1.060966383271778612e+00 -1.374985546838703998e+00 1.811490064185361515e+00
-1.280644086377505042e+00 -9.747868221945577005e-02 1.451622733294287038e+00
-9.193011767508068033e-01 -2.074005809386803012e-01 5.353217838906672021e-01
-1.130266865799799625e+00 -3.090079945626662550e-01 9.816544009719231356e-01
-9.408227573129260835e-01 -3.000823571521826771e-02 1.342979361933277771e-01
-1.242589961143885535e+00 4.632649413743772371e-01 8.183462049080145739e-01
-7.083382177690509263e-01 -1.685151944835308058e-01 1.867378646628945482e+00
-1.151154379654219406e+00 -5.350014466592358797e-01 1.835325953912533059e+00
-1.269505737372332410e+00 4.604728980726642273e-01 6.873536369601869200e-01
-6.717832577947954187e-01 -2.068891635069520785e-01 4.872549864252829765e-01
-5.107042873300298158e-01 4.303285441224904417e-01 -2.619146892114596059e-02
-7.287027558172061159e-01 8.455552618885664451e-02 1.917622887205563675e-01
-8.222481374807486532e-01 1.227919459240174316e-01 2.823734481424596821e-01
-1.096237144973277733e+00 -3.137901670405898180e-01 9.165866595486081847e-01
-9.793508444815310909e-01 -5.623959498099433407e-01 1.808143445988896980e+00
-7.453448225883524403e-01 4.857080429009972278e-01 5.134115487228202435e-01
-9.088480810961954148e-01 -4.179337611548628040e-02 8.198682361211029335e-02
-7.442013063728829536e-01 -1.012408080141559141e+00 9.858030570970005568e-01
-5.390190867661546203e-01 -2.714960429835091560e-01 5.591430161852387060e-02
-5.678817104081559375e-01 -1.353833975997559946e+00 1.414037410150889906e+00
-8.050407738697342719e-01 -2.040952172725483127e-01 7.422409737292781640e-02
-1.140181900418324457e+00 -5.207942030211176743e-02 1.133080612217887140e+00
-7.923012867016330230e-01 -9.913309440376472104e-01 5.172390143682881192e-01
-6.431018518467491729e-01 -8.304969531465289379e-02 4.903350859240731552e-01
-1.045595785435542213e+00 -1.416633181975753164e+00 1.315451119676058767e+00
-6.541648337051676476e-01 -1.248196946160686771e-01 1.629140019355062030e+00
-1.073973708500267632e+00 -1.053073784091882459e+00 7.735114933963426198e-01
-8.650377240833244663e-01 -1.237826432706858881e-01 1.867417018503685577e+00
-8.348709929329660717e-01 -2.864056707791196033e-01 4.309757119023570615e-01
-1.071556708879702446e+00 -2.780679867754722867e-01 7.733893662657705947e-01
-1.181296725609439546e+00 -3.694291150972861537e-01 7.985498360993491529e-01
-5.148491455177497400e-01 3.017603583077610452e-01 2.305118644614320700e-02
-6.590702484649371140e-01 -8.887730817880412637e-01 1.414297978119063215e+00
-1.272779325835438957e+00 2.456870399608179767e-03 1.948485650596874841e+00
-7.587809988427974828e-01 -1.483630468871311114e+00 8.425736330250994666e-01
-5.405988882995685918e-01 -1.373567303320995636e+00 1.186972296513689740e+00
-6.922661871839821401e-01 -1.176184617722895176e+00 5.489993651914489847e-01
-8.696413701198222324e-01 -5.740690144346711765e-01 9.118580609565821726e-01
-9.989934311685029211e-01 -1.322373044510138929e+00 1.833738085714903709e+00
-7.162126546406625272e-01 3.272109968075223030e-01 1.346193427669174936e+00
-6.042725278128282529e-01 -7.081801731556294222e-01 5.976833052596199902e-01
-7.738258292827493445e-01 -7.969053122700058278e-01 1.561370926085421607e+00
-1.177528362165908948e+00 -5.399462967504313760e-01 1.172770513787358304e+00
-9.404285223611155153e-01 2.725132468055062596e-01 1.603136610042191490e-01
-5.267237572237020160e-01 -4.845356870426527074e-01 7.643375387350330730e-01
-6.152106421747965959e-01 -2.138522648857934527e-01 7.358178603136988905e-01
-6.609882580680633835e-01 -8.276287209565287295e-01 1.522330408551040737e+00
-1.064579068718643606e+00 -3.025962112686597649e-01 9.411032155149764433e-01
-1.117794810786966853e+00 -2.274530925563644779e-02 1.040278280678298861e+00
-6.896909498032444130e-01 -3.067625374625992940e-02 9.908151128662835427e-01
-1.184326877120015276e+00 -3.397925181139882511e-01 6.240780215097356809e-01
-6.713286741705630778e-01 -1.482628682249758967e+00 7.483254831516068517e-01
-5.987312307734595773e-01 -2.369082663313712978e-01 6.013147683565489565e-01
-5.419077819145124986e-01 1.425879482170522294e-02 7.559456693191798360e-01
-9.734344113927543285e-01 1.571555323374971280e-01 5.392083088320622775e-01
-1.075691521069117584e+00 -6.436810482852692861e-01 7.588044150885938643e-01
-1.028060575038968860e+00 -3.901277319049998304e-01 8.260511197680795448e-01
-1.182986985772739530e+00 -7.867771641963974272e-01 1.762234388801807716e+00
-6.770497202002528914e-01 -1.493945206448952234e-01 1.991169848321271640e+00
-6.235682125752632921e-01 8.564654941030602764e-02 4.026070484836593577e-01
-9.664510747515449030e-01 -1.249735467597933525e+00 1.977282656985211329e+00
-7.484980074941052219e-01 3.290224224944142684e-01 7.590307826080531228e-01
-1.102363245154059257e+00 -4.671479217994378708e-01 1.933512850203901401e+00
-5.141429680764890708e-01 -2.419307628732658699e-01 1.174099695281873856e+00
-6.447406901463846873e-01 -1.126529273323541025e+00 1.522555828069072970e+00
-6.778538697621547815e-01 7.489666921174920056e-02 8.773353659055662668e-01
-1.138922079801699905e+00 -3.706399505562663066e-02 8.967301312920170631e-01
-5.341047146217089425e-01 1.704251028842644899e-01 1.023765540848665223e+00
-5.103505026560319902e-01 -4.874811851858917855e-01 1.646109942775282553e+00
-5.721216906273782765e-01 4.946737034148356305e-01 6.918000737499910846e-01
-8.817180453841462207e-01 -7.569958735877371225e-01 1.486986821217012311e+00
-6.111187185356262708e-01 2.519559281624119684e-01 7.673307754430145344e-01
-7.396929883109675252e-01 -1.419446199344317261e+00 1.291145593242360112e+00
-1.115232279897419909e+00 -9.052715379890496905e-03 1.089987441690971171e+00
-6.951649439500839911e-01 -1.380189027146735192e+00 1.900481285838286905e+00
-7.667957860404620574e-01 -2.096287398945653191e-01 6.759504102324328523e-01
-6.057375405906167964e-01 -1.514234252011859017e-01 2.397174986399702445e-01
-1.061356499765610195e+00 -1.075101433615687663e+00 1.741045072664228366e+00
-5.298626087150342112e-01 1.703252185197481339e-01 7.018278624025460211e-01
-8.900624684061078096e-01 -1.213628080953367494e+00 1.864527184634590773e+00
-1.149182794755728931e+00 -9.721212416766864539e-01 1.549536476692775055e+00
-7.408879392806929642e-01 6.944488864610631751e-02 1.715070238833134475e+00
-7.197698237465849358e-01 7.385596747960687658e-02 1.453275434182047743e+00
-8.319304120859283280e-01 2.317767817521412255e-01 9.234166809536500375e-01
-8.445100070463880115e-01 -9.061158813552612212e-01 1.535031456317680121e+00
-1.243233767626348962e+00 -8.863168503864593539e-02 5.914295819520273279e-01
-7.346314662334946233e-01 -4.873190312598605356e-01 1.699546400390150147e+00
-6.842277075644552786e-01 1.531999015618374926e-01 5.518619594295414155e-01
-1.103157734057053752e+00 4.573403751179463406e-01 1.620033583689951096e+00
-6.229755708232160849e-01 3.343533282160215947e-01 8.311163463470178092e-02
-1.202602289733536001e+00 -1.293318268017986661e+00 1.890374374778117872e+00
-1.245021621290952174e+00 -2.811547027492182771e-01 1.588787608497589598e+00
-8.030861434167360091e-01 3.651297728765372508e-01 1.740449157704354377e+00
-8.626621296640186731e-01 -7.857174506923976232e-01 1.554810806039153004e+00
-7.211834289592725655e-01 -3.556359556657269216e-01 1.186142386873225929e+00
-1.279866579496025114e+00 -5.707289502006236415e-01 1.354193446380763444e+00
-7.250510312241906785e-01 -1.419410535860956113e+00 1.104649184844741283e+00
-5.082863772305786787e-01 2.409480746481895697e-01 5.228914143141955018e-01
-9.878354028761122674e-01 4.344167241363916521e-01 1.981950040060302953e+00
-1.175641541471651674e+00 -1.632393371884415245e-01 1.679403394455574405e+00
-9.101651472204532745e-01 -9.636183418165855663e-01 9.371899686304169252e-01
-5.297772889376701766e-01 -2.172720169987969463e-01 4.697226189997941725e-01
-6.449785574930225751e-01 1.585341162279747529e-01 1.741046759569657043e+00
-8.337009984368854987e-01 -5.843159844122420843e-01 8.965359907586964994e-01
-1.074280039075777848e+00 -3.101722085141931373e-01 8.345312585267296024e-01
-5.131726260477691426e-01 -5.510986539714819443e-01 1.275407411063224083e+00
-1.120778473406743414e+00 -1.166322511635865755e+00 1.144600686922459865e+00
-1.000811890546913219e+00 2.177223777540289174e-01 1.442525753315158532e+00
-1.222087691126262810e+00 -5.106891839678069367e-01 1.537349239682112456e+00
-7.496406021122575813e-01 1.152231194431270200e-01 1.481000312441949740e+00
-8.225406896974566395e-01 4.762473168048608763e-02 6.823861749330190074e-01
-5.198929817674329268e-01 1.600011300436503525e-01 1.574770898400855490e+00
-6.109923288526275531e-01 -3.429778709572977036e-01 3.421569126089969437e-01
-1.158199375411739451e+00 -1.112197065822142505e-01 5.493130155757537381e-01
-6.461990091918854429e-01 2.487308035311006638e-01 8.523893824426084231e-01
-6.179371091856169507e-01 -7.927388910668087263e-02 1.454893972452313111e+00
-1.099537226080867569e+00 -9.991565512411459959e-01 1.775615156315684118e+00
-8.756285960398715318e-01 -1.464153220389457832e+00 1.485372443580817547e+00
-5.946064968577864374e-01 -1.132854388771788789e+00 7.181736291410576456e-01
-6.547486711269630000e-01 -8.428974163864235702e-01 1.978384321583506633e+00
-5.935179247001800551e-01 -2.291033989068136378e-02 1.780899582837637940e+00
-1.225534591819993357e+00 -2.638923094121212731e-01 8.485381779216850662e-01
-7.879950690013624026e-01 -1.496911172313367233e+00 1.506579062847093864e+00
-6.893960671322930667e-01 2.061073140839528861e-01 4.776119553265119055e-01
-8.658162100777087034e-01 6.140053539047518605e-02 -3.729097641549933284e-02
-5.002527150719193738e-01 -1.233715401137683632e+00 6.791604764958530938e-01
-6.626537898044551067e-01 4.679401867882684307e-01 1.301076565787663952e+00
-6.249548327044707197e-01 1.976684879097574399e-01 -6.393514250594835302e-02
-8.616791169104514037e-01 -4.632824359589093888e-01 4.352830841520370919e-01
-1.081973262062100094e+00 -7.852280429447044963e-01 1.501739260683565780e+00
-1.121359286682093837e+00 -7.792139576939185464e-01 6.642089702016856778e-01
-1.239078481200869719e+00 4.030269802388140032e-01 1.570450635064879696e+00
-9.430803209685776345e-01 -2.324918832335536312e-01 1.123308568444105981e+00
-8.620557153837744568e-01 -4.533272898742255475e-01 5.084517054905380862e-01
-1.030740474580948751e+00 -2.793237829141159700e-01 1.953886912247572827e+00
-1.150890177524575453e+00 -9.688254353716880818e-01 7.965449184381001579e-01
-5.849895919436025604e-01 3.934884069140687224e-02 1.275382886719889086e+00
-6.996073796964707991e-01 -4.172466106043952738e-01 1.152644868024465863e+00
-1.201601959835765010e+00 -1.475331780946586901e+00 1.638880964488543146e+00
-7.872700823299716433e-01 -2.500584321652947750e-01 7.024985898090803094e-01
-8.127966505382424600e-01 -5.588742731720262036e-01 1.291985041082165164e+00
-1.039303770625774614e+00 -1.908514960209284350e-01 1.834494734356064916e+00
-1.217995380738565281e+00 3.990062176680573280e-01 1.309427624219720032e+00
-5.567532399049237579e-01 -1.487937353976569455e+00 5.896102755574207377e-01
-9.873899273331889770e-01 2.726667267159041952e-01 3.330056969164132408e-01
-8.938124796304800501e-01 -9.105463236536670557e-02 1.231901423174900145e+00
-5.280770500137830226e-01 -1.707685000686141041e-01 3.015753686153592739e-01
-1.180032182125637874e+00 -9.335203379762948561e-01 1.250449156940591555e+00
-8.347119855882638717e-01 -5.942470463672757663e-01 1.752904178568124305e+00
-7.444140453203128560e-01 -9.964929706675393906e-01 6.260409164905434976e-01
-8.345330016915402105e-01 -1.379752602558596219e+00 1.740728464097163863e+00
-1.293204421927491632e+00 -1.180153835766484249e-02 1.632668792523044532e+00
-8.562789881742776110e-01 -9.920870239129759849e-01 7.714338147799605361e-01
-1.246382101782620433e+00 -3.172017214539861740e-01 5.746338432715729638e-01
-1.034637115115640160e+00 -9.933931814700482921e-01 6.557378408368625955e-01
-6.975143614707348672e-01 -3.918313800662378554e-01 1.014860081989471752e+00
-1.007875671807097584e+00 -2.544679551935700168e-01 1.192938142771302168e+00
-9.571393467740092476e-01 -2.501363191075678394e-01 1.299740354241980755e+00
-9.438871240846391508e-01 -3.448713583888567413e-01 1.287859199781149711e+00
-7.613275705327727794e-01 -1.486728431409122031e+00 1.029283910820457892e+00
-6.750765298030835249e-01 -3.878729976526924528e-01 1.547398068024248952e+00
-5.232653702378078364e-01 8.939290152281009760e-02 1.715630239476082064e+00
-1.158045351249691102e+00 -3.336188795429673171e-02 1.405893308849900603e+00
-8.568774795209366246e-01 5.862494018041197741e-02 1.825981480117700562e+00
-1.115370885763123043e+00 -1.098343736771866030e+00 1.306794481957031406e+00
-9.804879811890863106e-01 -1.525292838569607401e-01 3.198192463593594326e-01
-1.060340617682873798e+00 -1.201338118743220384e-01 5.757046485302635963e-01
-9.073570947905846840e-01 -7.807105433937684413e-01 9.133641403761633137e-01
-5.205850657895858546e-01 -1.163079002773347304e+00 1.522517797786112403e+00
-8.871449733407954508e-01 -4.112754988692519653e-01 1.710892119396740796e+00
-1.106836267877224556e+00 2.437025636968439546e-01 7.699470478832641795e-01
-6.011226369212081533e-01 -1.213229539661243583e+00 5.984244149294316584e-01
-9.601586776324860795e-01 -2.414349547247398586e-01 8.492617384606934161e-01
-9.155513600377009897e-01 -4.945559714442069321e-01 1.288025711679489094e+00
-1.227788544570993290e+00 -7.771030015486559694e-01 1.265645374759138519e+00
-1.014959601576647552e+00 -6.804475148487267866e-01 1.072947327535472173e+00
-7.406510874768230668e-01 -1.288644182967759733e+00 5.896781421351562358e-01
-5.714085472796701648e-01 -1.350384583878938560e+00 1.060387395770643781e+00
-9.166563401532271671e-01 -5.151834639479335731e-01 3.874958601780752465e-01
-5.076774743527606715e-01 -5.953427211422088750e-01 1.376931477933457826e+00
-1.222189763494574644e+00 2.110956098715393026e-01 1.408733788570129430e+00
-6.668641310308484060e-01 -1.114329985002894485e+00 7.481585687096333759e-01
-8.753124427470213575e-01 1.683101131780666559e-01 1.616803664403762442e+00
-1.062147449457187198e+00 -5.927562506129264719e-01 4.772301201516290226e-01
-5.227314145005561574e-01 -1.040261610976559226e+00 1.422820418384289187e+00
-1.053483957040261210e+00 -7.194826343669618041e-01 1.957147786583952609e+00
-9.636196028131183144e-01 2.953225496845155451e-01 1.335986137500909887e+00
-1.188929133820094020e+00 2.056386204568989573e-01 9.924137476385920253e-01
-1.047459033554042129e+00 -1.002218785658911759e+00 1.259337541269959448e+00
-5.482168765201090865e-01 -2.850060200002797473e-01 1.803950880205350771e+00
-1.164457155050458104e+00 -6.537470759605659154e-01 1.281689090980328904e+00
-9.210817972022773414e-01 -9.849112750869819521e-01 1.735172770957479571e+00
-7.349309389931536485e-01 -6.005966627247356637e-01 8.843990867435910230e-01
-1.068160098854447959e+00 -8.640366227593245796e-01 1.106860003104348289e+00
-1.211360244671104480e+00 -4.515726576196139597e-01 1.441909760391764772e+00
-5.390257475879243199e-01 7.209155055874605367e-03 1.101651670179716547e+00
-9.952178660363989460e-01 -1.320046800874456583e+00 1.430043494360869971e+00
-8.620290560728884888e-01 -9.144210322466219676e-01 1.977384342858670596e+00
-1.097350233742137027e+00 -9.217195845995755921e-01 1.374237569051831365e+00
-9.364427331087044060e-01 -1.005669474275302067e+00 6.046463152205360236e-01
-6.199326369108322243e-01 -2.550502885386789487e-01 5.989527193784897063e-01
-5.795148885351102397e-01 -8.058697065281594796e-01 8.389370692671296315e-01
-9.579787961701634602e-01 -1.648970382642467314e-01 1.809935266413262411e+00
-5.726841544478807888e-01 -1.029374503703691657e+00 7.303209695852364014e-01
-1.211926741912997985e+00 -8.671598112118001911e-01 1.059117573757188291e+00
-1.287616249915721101e+00 2.892587665745642855e-01 1.802045097610918356e+00
-9.459153164225689858e-01 1.264890823182125423e-01 1.544734981567978283e+00
-5.143665611068801713e-01 -2.503954463842228417e-01 1.098970009960483774e+00
-1.089935538416728189e+00 3.108897053634105401e-01 1.348306833939459937e+00
-5.778864445255904592e-01 -3.536121483805421128e-02 1.635460737414177412e+00
-1.216833031707048152e+00 -1.339682704567121352e+00 1.395123541462288674e+00
-1.160888735934324290e+00 -1.424601231490031372e+00 1.799698490324428857e+00
-5.423820570257422702e-01 -3.608137887964819601e-01 1.645217208431308586e+00
-9.161769959451621093e-01 -1.271304538764104208e+00 1.945892464760051954e+00
-8.855040741271468230e-01 3.581264093249669767e-01 1.843082035331595980e+00
-9.875880701747437040e-01 -6.131747035209185182e-01 1.188989229438222939e+00
-1.265078117590403339e+00 -8.651096018065322912e-01 1.879053051206730274e+00
-1.061357570461656907e+00 -1.061657836211456152e+00 1.814224252851000196e+00
-7.997934906873888083e-01 -3.074177369056434461e-01 8.823416001653097140e-01
-1.029254726670910669e+00 -1.245769932146737480e+00 1.786884685157386743e+00
-8.441747490417301769e-01 -1.286384071241120086e+00 6.936047750018187186e-01
-9.057233227676932952e-01 -2.536125621233973337e-01 1.507937871019347398e+00
-9.890230371961586942e-01 -1.097516012242998107e+00 9.149331788076869865e-01
-5.203089140383019284e-01 -6.442865379679807436e-01 1.417594804046709456e+00
-1.145466467689754353e+00 -3.585668802239643238e-01 1.289245731179123444e+00
-1.089698259651122658e+00 1.651038698148594719e-01 1.620000006004342907e+00
-9.030986320202188944e-01 -5.851005403931122117e-01 9.359824430307984722e-01
-6.826926685235357173e-01 -9.609432361516037080e-01 5.636067866489548051e-01
-8.961242824540676111e-01 3.766199752334271622e-01 1.696435495131521032e+00
-9.180026626806021550e-01 -5.768014176220859213e-03 6.236586418625320594e-01
-7.579954039680146805e-01 -8.027680036495419280e-01 1.433971116617009267e+00
-1.057699709979845304e+00 4.002215296285702717e-01 1.403523713976808418e+00
-1.231323492508223927e+00 4.820430384604852403e-01 9.334245257632655113e-01
-1.060558517242928378e+00 3.397421173094827829e-02 1.967983341673644748e+00
-6.658656491368042385e-01 4.516926342263398730e-01 1.970917611803920444e+00
-1.046451155533516530e+00 -6.524184765959895049e-01 4.915893339260213324e-01
-1.051053862643034131e+00 2.067918326280806518e-01 5.200743149330321335e-01
-1.226042738545301214e+00 3.599828945484311316e-01 4.232963016099510201e-01
-7.866300846563858418e-01 -3.011756581334992244e-01 1.678163871253215866e+00
-9.683487137324831018e-01 -1.113100346658851603e+00 7.508107609777447955e-01
-7.220401171422301534e-01 -1.756196943325478710e-01 1.578718433149808753e+00
-7.120971405294571621e-01 3.974071061690422901e-01 1.779870956050127351e+00
-7.038674354402401079e-01 -1.348717421391247839e-01 1.319826676423511813e+00
-9.482917957211689508e-01 -4.047660019865213510e-01 1.207965270020255666e+00
-1.224394156872444572e+00 4.501480611869586035e-01 1.151064783378152434e+00
-1.062378673291301645e+00 -3.106310666371614460e-01 1.961641817407718147e+00
-5.774811429796775641e-01 -1.250572208291404142e+00 1.680674949690528441e+00
-1.078986917780128785e+00 -6.517899308356471799e-01 1.022199637887968304e+00
-5.638122415856448022e-01 -1.057966564549022825e+00 1.616357437116868079e+00
-9.420226821008947926e-01 4.164973089591159638e-01 2.155758659211357842e-01
-6.870512511303592529e-01 -1.094720312431970433e+00 1.634468155166142855e+00
-5.313785799155141820e-01 -1.446880115645491571e+00 7.990376512744421511e-01
-1.023596324196453633e+00 -6.302233655195552675e-01 1.809741818771726019e+00
-1.099664175963365409e+00 -1.245387609269240192e+00 1.759505745295852464e+00
-1.145958403397276726e+00 -1.058522375398734061e+00 1.863957829078202844e+00
-9.709829764226636239e-01 -9.097947720472470134e-01 9.586707915285656023e-01
-6.316082129727723649e-01 5.947607801343446354e-02 1.842973341491255690e+00
-6.832215596009652003e-01 1.239589098467277495e-01 4.529224279730286185e-01
-8.499114031033765393e-01 1.628549209818896948e-02 1.605853969177023721e+00
-1.037830393820339259e+00 3.309629525952511031e-01 2.681566951351168626e-01
-1.025298768469953492e+00 -5.362462731167441099e-01 9.891083004101913767e-01
-1.240633914210485189e+00 -4.681220753310177951e-01 1.843148938138289505e+00
-6.418318705171472960e-01 -1.344489647377794084e+00 1.879802722314877439e+00
-1.255816518394266446e+00 9.875183788540509155e-02 1.345878782415487418e+00
-1.277784510483583436e+00 6.472283992756455717e-02 1.448113288554849554e+00
-1.139328686419561532e+00 -1.760906243739501775e-02 1.441285398787120586e+00
-1.229668253553880986e+00 -9.825737544152217673e-01 1.789979817612588509e+00
-1.244636957082035256e+00 -4.434409016766875933e-01 7.107996745183811083e-01
-1.187975170547142634e+00 -1.026660193981758784e-01 1.175204808598204531e+00
-1.076180883745387451e+00 -1.167121336758347727e+00 1.501973305906186384e+00
-6.820846619655346332e-01 -6.501724547995291204e-02 9.282001378751726373e-01
-1.124341428558770062e+00 -9.000418863672829950e-01 1.906240730048384346e+00
-9.589833984061578720e-01 -7.843478891535586861e-01 1.126120477207240178e+00
-1.124386020687694554e+00 -6.871221877045003978e-01 9.350582614860772912e-01
-5.047173351220453075e-01 -1.387423463481513686e+00 8.563235779774569512e-01
-1.229981874723064639e+00 1.788615406956339804e-01 1.797060167820735410e+00
-7.310567813198107778e-01 -1.274252285004430663e+00 1.874614601777979450e+00
-1.085870602454832357e+00 -2.713157340923859628e-01 9.231403526196911846e-01
-9.327594413942390528e-01 4.787109655302583811e-01 -3.728146341370409955e-02
-6.117814939049627254e-01 3.292558100696871826e-01 1.525341333704321123e+00
-1.154426850457513032e+00 2.874989805940528775e-01 3.809859969735474028e-01
-1.039188284669298579e+00 -5.532758976327534217e-01 1.675096660139057336e+00
-6.399093079233515446e-01 -1.314264993438951423e+00 1.073666092094349489e+00
-6.624717588677533353e-01 -8.346651271513507719e-01 1.610420416138103494e+00
-6.823245412109663066e-01 -4.466891391519856036e-01 2.395406770954172926e-01
-8.291061935210546352e-01 -7.789884454262607782e-01 1.836815413031341659e+00
-6.439180162362805326e-01 -1.196139402204432267e+00 1.608782832508604654e+00
-9.879939518887149719e-01 3.335401753002256164e-01 1.998707112035173594e+00
-5.541555886935149999e-01 -3.832941724556839791e-01 1.131342521435546589e+00
-5.017529360971731967e-01 2.287513129899010345e-02 1.696632110389619141e+00
-1.259108771647433400e+00 -1.086320000868561841e+00 7.584151250850994508e-01
-9.129795484496900926e-01 -2.630996723049572328e-01 6.183273565361161461e-01
-1.102056033523830081e+00 -6.344449240394671730e-01 1.032845476604309143e+00
-5.259690815007068698e-01 -7.782359994424985494e-01 1.281978465465943851e+00
-1.096401215941342100e+00 -1.038688116930419403e+00 6.547072611651248986e-01
-1.204520567123544827e+00 1.401532137373806552e-01 1.413320257556045068e+00
-6.888937732704097927e-01 -1.055098471482593947e+00 5.733992486143474343e-01
-5.199227432962955087e-01 8.146027515272269426e-04 1.888066010531529226e+00
-8.469199418078285913e-01 4.803167784679309715e-01 1.283939846130996765e+00
-5.100679037453262898e-01 2.041111222668696712e-01 1.397797341696712436e+00
-8.901158950618954790e-01 -6.399442215526087718e-01 1.707739147462880691e+00
-1.068566787149894060e+00 1.984711983688547399e-02 1.840949764903038632e+00
-9.702848944377004958e-01 -9.118575266977240190e-01 1.234071577897167593e+00
-7.985384012452468872e-01 -9.443955261937251322e-01 1.830815201714789842e+00
-7.899383576747415203e-01 -1.239832442821751091e-01 1.830487062328624681e+00
-1.190959960326694267e+00 3.759375724161391208e-01 1.969619500714840932e+00
-8.602054933589681207e-01 -6.352670989705122562e-01 1.459565503117519647e+00
-1.036556607089462956e+00 4.519883682705196914e-01 1.488298209985262410e+00
-9.934332092899682554e-01 3.291046302117048850e-01 1.165938405448488036e+00
-9.286347580157054971e-01 -3.758977162543786221e-01 8.352818183352916925e-01
-1.199407741315811959e+00 -8.494838541201403803e-01 1.513661510048758041e+00
-5.999109771497219690e-01 -1.792812068126625746e-01 8.879450947299233343e-01
-5.477824367772140546e-01 -8.103309246252436981e-01 9.403787865616112240e-01
-5.375034040666772928e-01 8.825874278836121078e-02 1.943524338318570965e+00
-5.860767606049133160e-01 1.720393942921834007e-01 8.507259776966985543e-01
-7.120842223816922223e-01 1.428401213063488218e-01 3.167284718442541225e-01
-6.842527254744729115e-01 1.646135190766173650e-03 9.721322261898205364e-01
-6.011025989154793470e-01 -5.961489419804235634e-01 1.799262069324766067e+00
-8.020488972054513610e-01 3.468124486737176326e-01 1.519995938015551884e+00
-1.024862503443620954e+00 1.721947186963763698e-01 1.842043656235440585e-01
-1.296981501092927758e+00 -1.122369927630834319e+00 1.775305027525277080e+00
-5.433322616174003361e-01 7.526322054749345902e-02 1.489444332940109028e+00
-6.867768779367310339e-01 -3.266883605420487502e-01 2.059175314492703301e-02
-1.124216448562276982e+00 -1.236004430952958977e+00 1.967122501255035960e+00
-7.278271059848048230e-01 -2.064782574869579168e-01 1.352742284707305842e+00
-1.105935732173150221e+00 -1.249219745655456570e+00 6.818676543179101879e-01
-5.204516337738790410e-01 -8.474111136618631690e-01 1.106057153625428668e+00
-6.685529807707314420e-01 -1.260281481212012666e+00 1.251138656899128954e+00
-7.775329913005629701e-01 -1.246625795232210177e-01 1.840706660367453340e+00
-7.687634753033724122e-01 -4.465593511785082015e-01 2.278870157094431692e-01
-5.504816658781404026e-01 -3.682609987312468469e-01 8.343591686407012542e-01
-5.633465497211648243e-01 3.154175331190609555e-01 6.882324780763171557e-02
-1.152406043268168201e+00 -1.047742222391496725e+00 1.031856779019299397e+00
-1.054158696543042950e+00 -5.732687312759410236e-01 1.559017499816903074e+00
-7.952180337365757357e-01 5.440022114150466770e-02 1.596359092614533681e+00
-9.191676920318985200e-01 -7.626057073197607394e-01 1.903252023705267248e+00
-6.957847405248314132e-01 -1.325484949868221074e+00 9.462053406249500975e-01
-1.197119993795995763e+00 -1.337503054365977162e+00 1.317139936345650408e+00
-1.249080892950038768e+00 -1.385956741077554621e+00 1.879144169277719767e+00
-9.639207784143688507e-01 -3.480079921662815323e-01 3.972882916126065922e-01
-1.032883907498560738e+00 -6.899401882992499679e-01 1.080046942912635366e+00
-1.243057801750780955e+00 -5.114305113229997701e-01 5.109276649885061694e-01
-5.191269810530181328e-01 -3.580432943486708819e-01 1.810285590003915868e+00
-1.144095069305747003e+00 -1.111234811801697919e-01 1.312993965414129161e+00
-7.435286619355684357e-01 3.600576621766360397e-01 7.797506541259192625e-01
-7.785744111129252465e-01 -2.435366602994133434e-01 2.728501220521308834e-01
-7.933821968861897167e-01 -2.852994852811974180e-01 7.432288110176182849e-01
-1.290545806134140827e+00 -1.137137787277398004e-02 1.324472864500144453e+00
-6.979535305924210453e-01 -1.116132092176854496e+00 1.028312352276349984e+00
-8.088856591633502013e-01 -8.269178896645013044e-01 7.169218184655581361e-01
-5.656951354888457573e-01 -8.098209324935234932e-02 3.112986914136690597e-01
-9.562430408671167559e-01 -9.280725033254988432e-01 1.351982085213871532e+00
-1.142129462398228101e+00 -6.047554946738129544e-01 1.759435563056807705e+00
-7.303782390520092704e-01 -1.552163791471945498e-01 1.996801446192691731e+00
-1.220391273250997166e+00 -9.216998427834477425e-01 1.610095820740296446e+00
-8.898843720558345938e-01 -1.368451255637193276e+00 1.239525061691606256e+00
-7.280543933642207310e-01 -1.228744247143176427e-01 5.051293347833948899e-02
-1.093124998312040574e+00 -3.150929383517369065e-01 1.212765559182398700e+00
-5.370138755573091727e-01 -5.363729327170687622e-01 1.683432922647016605e+00
-1.107551655827641923e+00 -1.586702216619944039e-01 1.564928303268786181e+00
-6.206781100304841203e-01 -1.122528874288008405e+00 1.456835034316930289e+00
-7.381400839656938606e-01 -3.368537938852638192e-01 1.408899898864372835e+00
-1.022676486096803394e+00 9.080460723523486877e-02 1.822191326738459072e+00
-9.629640359035003261e-01 2.967873804545595462e-01 9.201693989301112930e-01
-1.003241726336720374e+00 3.608510829446205381e-01 1.358327100608481830e-01
-9.087441447605617562e-01 -9.619915956491587039e-03 4.120932747721115508e-01
-8.783759463314073646e-01 -2.410056474291348838e-01 1.402395220202424353e+00
-8.890528667329533619e-01 -4.596825229087841969e-01 1.850023871632423766e+00
-7.671079535266447369e-01 -1.089047048375152871e+00 5.995197198985314779e-01
-5.880754626675821495e-01 7.412066594940847075e-02 4.149894926939895479e-01
-1.144502128921352835e+00 3.174367210908002335e-02 1.316268076587723934e+00
-1.050821666733705140e+00 -5.764759932123304509e-01 1.030675359774048339e+00
-7.646206860110167369e-01 4.780479986524717173e-01 6.423925157263328245e-01
-5.850259165065053724e-01 -6.238742645575310330e-01 1.052322861709105828e+00
-7.286441039595040747e-01 -5.705366491405938767e-01 6.623535797994888341e-01
-5.360237765106152796e-01 3.517951259767346794e-01 3.287823767312730849e-01
-1.142180776832324218e+00 -1.343763419584984353e+00 1.265823216858839695e+00
-9.044024201375036043e-01 -1.990234664309098456e-01 2.996554676037902487e-01
-7.901663322320707783e-01 -4.582495494176166417e-01 1.190764669519588814e+00
-1.135151220307326403e+00 1.700254534708689480e-01 6.068838521906221306e-01
-1.257591586479252177e+00 2.447632778275043997e-02 1.184082601734898210e+00
-1.004499526140665067e+00 -1.254622843021274914e+00 9.144355799994566825e-01
-7.163916950146526075e-01 -1.050200237702999084e+00 9.453248994031934194e-01
-1.154938581928348418e+00 -1.049916086873410315e-01 1.418560511920712308e+00
-5.255105926172050079e-01 -1.954577447672996016e-01 -7.125288885659661342e-02
-8.551939416507021718e-01 -3.807277756221603138e-01 1.797551014847468709e+00
-1.124552354161901579e+00 2.703142955283404092e-01 8.023730353586058239e-01
-6.094453406949186247e-01 -5.259153442465114292e-01 1.669436770966902683e+00
-9.417941759638672750e-01 -1.351628459106219537e+00 1.556876676703645046e+00
-1.285213603486319078e+00 -1.121726690418343164e-01 1.787302466804732148e+00
-1.196094523256846287e+00 4.383167561899916631e-01 1.065922537921294211e+00
-7.319608266278575526e-01 -9.746945927570525026e-01 1.318984770714673349e+00
-6.206545204650542047e-01 -4.475949714016369541e-01 1.770352331181330063e+00
-5.650881790353379230e-01 -9.416444047445380328e-01 1.342855153128047263e+00
-9.250530408304161734e-01 2.747635417401865787e-01 4.238484957476432724e-01
-8.630661522423479504e-01 -2.341030723177166539e-01 8.481370803236335520e-01
-6.847101272280762263e-01 2.541362702495069126e-01 1.890195280549190171e+00
-8.667441963269992833e-01 2.432808440553286822e-01 6.414610704552264897e-01
-6.132592057965091659e-01 -6.012865046490023513e-01 9.763223737541600888e-01
-1.233183352037652503e+00 3.361946123318615420e-01 1.725258436941212503e+00
-6.076706714757931227e-01 -1.024079886314766430e+00 1.327726066970906338e+00
-1.010631500988631082e+00 1.205182746099506819e-01 2.579567310496567734e-01
-9.355619609240743983e-01 -2.977938369816035546e-01 7.166038122260398602e-01
-1.170221518006604011e+00 -2.215687143929896408e-01 1.448008773701853436e+00
-1.219620183452610807e+00 -1.235285859942508724e+00 1.502339212518984279e+00
-1.164941414933840180e+00 -1.215731441870390173e+00 1.189093556641586558e+00
-1.286139014501241462e+00 -9.453551775618684871e-02 1.050161886923723031e+00
-7.245848731130678511e-01 -1.111605963309560074e+00 1.818323893693842619e+00
-8.565392319995817072e-01 1.317936799762418065e-01 9.077415294106240262e-01
-9.419677250438313054e-01 -1.318214052640424239e+00 1.399212800915677901e+00
-5.418778849915864004e-01 -1.105928345774095822e+00 5.447414144601232522e-01
-1.082848420432151348e+00 -4.839049605171508173e-01 1.451696926465795956e+00
-8.350432985555481524e-01 -1.341194961416361187e+00 1.666526247623228540e+00
-9.426784842161124445e-01 -3.058050475269569191e-02 2.391570116213902752e-01
-6.719809085173167329e-01 -1.439380871552440988e+00 6.174767451925758932e-01
-8.594349194525428004e-01 -4.354785500162321465e-01 5.636711702256854695e-01
-9.376152920843388028e-01 -1.212010294005227307e+00 9.926205574898917527e-01
-1.062647800449764368e+00 -1.153443795571325037e+00 1.321491255247960961e+00
-8.723422584363730303e-01 -1.497636130870297011e+00 1.471564533317317736e+00
-6.781787437388701045e-01 -1.042570618824555373e+00 1.374060413299115213e+00
-9.644178121316524521e-01 -6.937667838535970244e-01 1.124864477288807230e+00
-7.369831416620126197e-01 -1.916342642091701798e-01 2.402218091348487794e-01
-1.160452838692877409e+00 2.048552260263325486e-02 9.805860802747078386e-01
-1.152186667668456899e+00 -1.499806646412287225e-01 5.606601996357974960e-01
-1.159643646010251050e+00 4.279323534996009037e-01 4.184845665276277771e-01
-6.296365556182632606e-01 -1.013478219313386219e-01 1.675922183943425070e+00
-6.077464412115254344e-01 -1.031323008977420796e+00 9.372451094231945001e-01
-1.072423701290747822e+00 -1.696130406077562824e-01 1.570436009864635718e+00
-1.217502739061148809e+00 -1.290792150372523928e+00 7.637099188051014176e-01
-6.745388933714577817e-01 3.207292711442200073e-02 7.080399512045405519e-01
-1.052490888889042520e+00 1.698085896543723994e-01 5.677155980832647719e-01
-7.396576755198616127e-01 -8.479768930674511651e-01 1.740414164547654075e+00
-1.283113952779120437e+00 -1.096383339602737150e+00 1.534844862096958140e+00
-5.078491376220184428e-01 -1.330740034351798773e+00 1.218343252272985122e+00
-9.891222230873897292e-01 -2.997301058021724085e-01 1.026966753874112737e+00
-8.151548304492126640e-01 -9.368011562048539353e-01 8.327483258966943414e-01
-1.097207171894173827e+00 2.702531100536496034e-01 1.246418509714995571e+00
-7.947305011448803080e-01 4.457779632379375023e-01 1.001240721450057602e+00
-9.041769581553049662e-01 -1.244320363651171713e+00 6.234823461754400720e-01
-5.691604527159905835e-01 -1.248244482755471729e-01 1.572298633219672837e-01
-5.962839232743808449e-01 -4.415234937450862596e-02 1.769203533719123644e+00
-1.005108957485049803e+00 -1.788544281952375581e-01 4.206014624786992284e-01
-6.416843355001644600e-01 -1.138823385264002841e-01 1.322117456811147118e+00
-8.995074370443261191e-01 3.203392029948732844e-01 4.256675398286184908e-01
-5.226456728477026914e-01 -1.395056502598418735e+00 6.966523719475388177e-01
-7.361606519046931529e-01 -1.468533141637474504e+00 1.379127226118449068e+00
-7.165866015112888343e-01 -1.022559090314676178e+00 1.640047509732458275e+00
-5.090901627099396753e-01 -2.135780922016157213e-01 1.768359169231586758e+00
-6.288118595147811352e-01 9.637468239789748203e-02 1.070506895323330987e+00
-8.729118927529024852e-01 -3.323755138738353487e-01 1.283148960241335956e+00
-7.318379712150697713e-01 3.527447937776253539e-01 1.809103201922766191e+00
-8.593029624058419191e-01 -3.513113696496403815e-01 1.192789805099609080e+00
-1.264668622770185769e+00 -1.175451355118548813e+00 1.936388284973874274e+00
-1.137417092124352935e+00 -4.080991560304996213e-01 1.138435597174521696e+00
-7.921001266133450569e-01 -1.302607021268092025e+00 7.502057774615359387e-01
-8.692597315238042022e-01 2.179738730015308157e-01 6.999342088152248342e-01
-9.378732164067128396e-01 -4.276958207779504306e-01 1.389091313859577070e+00
-8.064346593455473666e-01 -7.076179737828036664e-03 2.567461870690042058e-01
-1.039353071691736741e+00 -9.900900873210372044e-01 6.625425424213932102e-01
-8.536571991200045950e-01 -2.706553741205159902e-01 7.758760604972663177e-01
-7.206182879467056823e-01 -1.253271407343569344e+00 1.118106119644332486e+00
-1.267541774583913261e+00 -2.909747220735376949e-01 1.970203508548907134e+00
-7.916653448297009676e-01 -1.264804253885267737e+00 1.555090553570027456e+00
-7.290859090491389471e-01 -1.048989285097133184e+00 5.240343883456373142e-01
-9.682937817709302841e-01 -1.343388361830731181e+00 6.658201284575693268e-01
-1.266605324509383346e+00 2.517236119790446924e-01 4.512943431350526780e-01
-6.230989046485860827e-01 7.633530775038344096e-02 1.241299124565998779e+00
-1.030451103908406774e+00 9.380188774600672907e-02 1.047129579240719810e-01
-5.104385524780244987e-01 2.625178077726966208e-01 1.976922852834354372e-01
-7.306834467869841587e-01 -1.053748751111696080e+00 1.247513349771792512e+00
-9.449807633166735776e-01 -1.128231025942625809e+00 8.682259494531220367e-01
-7.638793504384996380e-01 3.958754464450926491e-01 1.730268123686241333e-01
-6.861452029050284507e-01 -4.560128437184529648e-01 3.213826908551072892e-01
-1.175264166378167996e+00 4.881083542040771661e-01 3.413931760512839420e-01
-5.108483370419316660e-01 4.200113036891290896e-01 9.305830245037359783e-01
-8.066662069883658859e-01 -5.237985904844864038e-01 6.177777113993881963e-01
-1.253691581117583942e+00 -3.749156693217159386e-02 6.483127782735765843e-01
-1.119905876498580977e+00 2.478810397721111780e-01 1.628195905915326147e+00
-8.178241826064245323e-01 -1.416290126606206679e+00 1.681439277239586305e+00
-5.258780645627560979e-01 -8.643976983522903002e-01 1.643466224496702877e+00
-5.010086638561787042e-01 -9.848130700064672283e-02 4.125710840217610142e-01
-5.904507059125860824e-01 -6.542289112723143063e-02 1.304778763103816797e+00
-5.833515206297745781e-01 -1.358541692590412131e+00 9.086436146632302924e-01
-9.749951053090435416e-01 -1.474559406343268764e+00 1.105473364041854145e+00
-1.047082178076512049e+00 -7.565505338951838965e-03 1.516445393427799715e+00
-5.998807626856352826e-01 -4.538992459512825040e-01 1.375291364624494639e-01
-1.001433213174659276e+00 -6.737698477602727110e-01 1.193498896629092920e+00
-8.266268191931716025e-01 -5.650627787000874758e-01 1.735145829816573171e+00
-1.005325631198159098e+00 -6.244671507974237645e-01 1.903729130016637683e+00
-1.144005318725830556e+00 -7.095838089248296399e-02 7.769020883769290897e-01
-8.829966508616764465e-01 -1.103154654924402234e+00 7.424090183647689134e-01
-6.145665781811424644e-01 1.377755195830712154e-01 5.311175341266093364e-01
-9.750254772200974696e-01 -6.496568168502625529e-01 1.138693376584234640e+00
-9.477824909824577038e-01 -5.333508639506003846e-01 1.944018561259194922e+00
-5.058278647753388091e-01 -1.421983132267115035e-01 1.897103918998394034e+00
-1.105917162713194291e+00 -1.183844549278486813e+00 1.972883758219687866e+00
-8.171501739168447465e-01 -1.372975553246595926e+00 1.707512024896165270e+00
-1.039186149137327542e+00 -7.187659838521782696e-01 1.791407794940851783e+00
-1.108863498477243192e+00 -1.379272738789606212e+00 1.039892655240675534e+00
-5.173945602839319369e-01 -1.028136742676894366e+00 1.284116890746719086e+00
-1.139680797272557111e+00 -4.912166966665878487e-01 7.259261168896845584e-01
-1.179508805528734383e+00 -1.255350366249430305e-01 9.400058877619895670e-01
-7.551136153425134223e-01 2.844868021098856392e-01 6.456731292809014811e-01
-6.788510755141999864e-01 3.194273015802107096e-01 1.702457723756129804e+00
-1.220756906645458884e+00 4.675958886716589102e-01 4.398053461423245825e-01
-5.018889540985960185e-01 -3.649548057622957753e-01 1.722649944407478317e+00
-5.064023057503960201e-01 -1.136237086413721009e+00 1.026567075947732111e+00
-1.142367462174791681e+00 -4.795241246665735702e-01 1.653096244883536903e+00
-6.880301716843530979e-01 -1.316265159738317259e+00 1.325637109274081737e+00
-9.878043521927032389e-01 -1.644018365047459351e-01 9.709248644261537775e-01
-6.836315868476399160e-01 -8.135946898984982578e-01 7.527682803690780577e-01
-7.331722792965158497e-01 -6.196157210738784116e-02 1.292893011424635530e+00
-1.203144366838367230e+00 -1.208526592306350844e+00 1.278857846892327066e+00
-6.338481509278405257e-01 -9.552946949025167278e-01 8.439617607007274813e-01
-5.026151281243558255e-01 -4.094866431402772733e-01 8.076451061657388686e-02
-9.154720691076435601e-01 -1.087239558374540005e+00 1.709991048380254952e+00
-5.731438508086396100e-01 -1.200585216704016744e+00 1.123108116783985810e+00
-7.634439339392324886e-01 -7.080138930030634992e-01 1.699079030235316035e+00
-8.781101838170410900e-01 -7.063859279578263983e-01 8.855182449192956495e-01
-8.181499734989068351e-01 -7.158111819492110062e-01 9.645292627244318462e-01
-8.650643834310051128e-01 -7.485460285992786567e-01 1.143368050520748858e+00
-6.505364685299258598e-01 -1.197047398126839690e+00 1.182797876533347337e+00
-1.009431651142782549e+00 -1.639396866111504369e-01 6.039646281230753866e-01
-6.890505633409922392e-01 -1.023409808253416653e+00 1.198791996009884508e+00
-6.755890363362812012e-01 2.762932591701225959e-01 7.715522977450668396e-01
-7.589152352228492049e-01 4.570016501975018297e-01 3.582057193322417676e-01
-9.090780612133466665e-01 -2.519702269379520132e-02 1.396482453286575165e+00
-1.116897139063852240e+00 -6.311082737749587057e-01 1.291969452888248604e+00
-9.279595849447848099e-01 -7.241009809314051804e-01 1.499817955418221604e+00
-7.456930503052568993e-01 -1.056631984819988546e+00 1.342032484996094954e+00
-1.169676054140923238e+00 -5.984039371781335603e-01 1.302848889449997660e+00
-1.152911316540471409e+00 1.510782158451209334e-01 1.765184564265303901e+00
-9.631362026050505065e-01 -4.969680752693328429e-01 7.961493941712022293e-01
-1.000140873861619317e+00 3.998533043679652899e-02 5.620114886257926434e-01
-9.560736670350029609e-01 -4.759082201817310676e-01 8.711849440635909270e-01
-1.259625061262079848e+00 4.315822773307378402e-01 5.027399737694852044e-01
-1.009036804748595806e+00 1.846229980822400307e-01 1.420355541082586326e+00
-8.319225488046005923e-01 -8.159473377177328679e-02 1.154729000506795389e+00
-7.430624092374319423e-01 -1.332134778424833854e+00 1.030206050510680038e+00
-7.764047893932575217e-01 -4.037315188475361083e-01 5.548808044114471594e-01
-7.977923502345437567e-01 4.262173276263063748e-01 1.176869706726781262e+00
-8.043880002513179583e-01 -9.961013688770807839e-01 1.559923144818617935e+00
-9.363389469881342464e-01 -5.442870238523234150e-02 1.880014469396937393e+00
-7.848124149281159312e-01 -1.138452669296265540e+00 1.196747896347380546e+00
-8.981030518879311586e-01 1.361112426375026274e-01 5.082065917451361603e-03
-1.192284118878843557e+00 2.244473116421512593e-01 9.160942282288014882e-01
-8.889732737913791372e-01 -1.101485023845416134e+00 1.792174326759801373e+00
-7.289933386438586238e-01 -1.762357936688816462e-01 -7.025847822623484951e-03
-1.094472612256224275e+00 -8.890785961631730849e-01 1.527850302160765006e+00
-1.125031835739360497e+00 -1.092404546337624627e+00 1.273292083472208791e+00
-1.025144809429021198e+00 -5.543614180420963766e-01 1.217085049527284246e+00
-8.746162020678056592e-01 -6.477790877347233689e-01 1.332361910721582721e+00
-9.693399945774154869e-01 4.063373881099259233e-01 7.755597688021204084e-02
-1.131087612283044219e+00 -1.265745898851766693e-01 1.775342457640580962e+00
-1.069792914575149467e+00 -7.548603776614291050e-01 1.071668675953517003e+00
-1.107966175110689067e+00 -1.175398788828530661e+00 1.799106574899852040e+00
-5.168524011535580165e-01 -4.865464281156113291e-01 8.894322703079524661e-01
-8.030646029552129805e-01 -5.767179637006691895e-01 1.033985964231159294e+00
-1.137681228205127182e+00 3.176485973820082354e-01 1.425491797399640159e+00
-5.053299150844308141e-01 -9.612353896282381793e-01 1.473174036666842213e+00
-7.957680828679277729e-01 1.249419854984614719e-01 -9.473965459527955435e-02
-9.611135215949146993e-01 -1.472935704813008506e+00 1.201838027363020034e+00
-5.163185200734418112e-01 -3.354322344950599888e-01 4.114660307584526722e-01
-5.578110967426108679e-01 2.009345105193491854e-01 1.365521994604532718e-01
-8.033871822210005842e-01 -2.183800828082578249e-01 1.600829583050270122e+00
-1.149861642306998499e+00 2.575174139095379733e-01 1.597888105474500220e+00
-6.924429074528276606e-01 -9.738003133914387988e-01 7.815949445135469409e-01
-7.083789730082253877e-01 4.012629131203906407e-01 1.072911563283270031e-01
-8.827560963444043285e-01 -1.476422211169565957e+00 7.153730485245247683e-01
-1.018915197022926211e+00 -2.839658293150086887e-01 1.283218690426217279e+00
-8.257739333646001434e-01 -2.653562005193643714e-02 1.428103380190213434e+00
-9.454132710236315962e-01 2.583475481546115837e-01 8.429676937076914234e-01
-1.249074314246463091e+00 1.359351442006757615e-01 8.175679781631594034e-01
-6.010928134538351397e-01 -1.139808464453619941e-01 7.840264988327851903e-01
-7.712584329873245492e-01 -1.405735466091120101e+00 1.177457284010213989e+00
-1.100378985760962935e+00 -6.471088154851332153e-01 9.414943678072243971e-01
-7.978423403803999170e-01 -8.768434477617204070e-01 1.609992436972580210e+00
-9.544743291357691284e-01 6.055671343387469818e-03 1.993695116311570370e+00
-7.710922251691083584e-01 -1.208732602856257055e+00 9.187625454858080465e-01
-8.874144251141624640e-01 2.809969866153712026e-01 7.324797170138290792e-01
-1.046474652758336177e+00 -1.393856225897788459e+00 1.043628010807165829e+00
-1.089797636890495136e+00 -6.134451947104293534e-01 1.323035095847258757e+00
-1.002076483330250234e+00 -1.205882460189466876e-01 1.575577272715856569e+00
-5.308246230480793137e-01 -7.903765501071544630e-01 8.841090320014032278e-01
-1.018678380853299537e+00 -9.837242226086819752e-01 1.582274277491493963e+00
-1.125773548614095176e+00 -2.922346061739287126e-01 1.908027247170469121e+00
-6.665095440448676190e-01 -1.232170198055504207e+00 1.139787324688688264e+00
-1.043238645283048438e+00 -1.225281153062824702e+00 1.554297401213686536e+00
-7.279896117152155899e-01 -9.200145476524681509e-01 1.729339620760565799e+00
-8.010706347858458365e-01 -1.327201142876081486e+00 8.853867615453275830e-01
-5.548810666991987883e-01 4.951600904873256770e-01 2.766556417199159679e-01
-5.676072074252810351e-01 -2.504137418559393424e-01 7.859458289300979006e-01
-6.367987835727497714e-01 -9.729533704097845792e-01 1.158956313591023912e+00
-1.145669657580679512e+00 -1.080785742597649701e+00 1.368273236602974396e+00
-8.857871775492933697e-01 1.307328420912634570e-03 1.747980258178464918e+00
-1.064780752941337116e+00 -1.031912245423492358e+00 1.523162191395312837e+00
-5.811165414385163208e-01 -1.167185882571150302e+00 1.607509929644036273e+00
-5.626535974835642495e-01 -6.192974106244890642e-01 1.058108066890958820e+00
-7.974749387527374500e-01 8.522140714596337929e-03 1.855400586589209144e+00
-7.925482646534808273e-01 -1.126694754327566717e+00 7.562467281142080111e-01
-1.226911655754389985e+00 -2.553927813305942873e-01 6.764908670624120157e-01
-1.109541002045859592e+00 -4.711425781830367310e-01 8.275158448907308228e-01
-1.222055942730389644e+00 -6.841038575951943201e-01 1.048506337739554262e+00
-5.600248398298538488e-01 1.004568324508594568e-01 1.672497785988900532e+00
-9.751659881869367830e-01 4.076590950232823474e-01 4.803977432946413550e-01
-6.972149521381247883e-01 -7.266248070733078990e-01 5.911276953414592583e-01
-6.214502613541892373e-01 1.085592469770821911e-01 6.962283305956673551e-01
-6.323089139532342973e-01 -1.103303954212348170e+00 1.472720323075292770e+00
-6.445706335523457842e-01 -7.845384405635977831e-01 1.898280803061033417e+00
-1.141652872095011206e+00 3.606584252989122330e-01 1.821781052706041848e+00
-8.007501080070659194e-01 -1.454788076664707885e+00 8.834095440225504525e-01
-1.088123843637861743e+00 -7.168149408635304809e-02 3.524553389951791127e-01
-9.387925921834783249e-01 -1.009393770264035206e+00 6.380088687489049448e-01
-7.313425615349432585e-01 3.390816052849077167e-01 1.450223691651719049e+00
-1.236627692649940213e+00 8.264870872380414291e-02 5.838758776054714383e-01
-8.114839018643698054e-01 -1.263000756469076835e+00 7.098988155263961097e-01
-5.950806833537848339e-01 -6.633820235836256352e-01 5.971079861649557508e-01
-1.151117244556055574e+00 -1.033067682539898779e+00 1.533134130148015917e+00
-6.516016056594253758e-01 -3.379193257341108758e-01 3.373109231888253845e-01
-9.384761220762825040e-01 3.575837148041407509e-01 1.918552578097808770e+00
-9.788772023073850637e-01 4.928288314519837510e-01 1.400913988395048326e+00
-5.207463978207613753e-01 3.838978050772952066e-01 1.366866912987241500e+00
-9.416112273612419203e-01 -1.437236681840841079e+00 8.667174127527833560e-01
-1.254405307379408585e+00 -1.213334277721539234e+00 1.585145442408527172e+00
-1.296434950476147652e+00 2.945726401672486006e-01 1.735663381791939797e+00
-7.025373091672065806e-01 -4.331183184097202599e-01 1.777559837089574435e+00
-1.101287234689265038e+00 3.812967620568288307e-01 1.362323632403223073e+00
-1.029351212611894217e+00 4.878630937349541785e-01 9.818476371726877483e-01
-1.167779811805657708e+00 4.317920756583581987e-01 4.849064202448735150e-01
-8.633096293499591400e-01 -9.083902447790841439e-01 1.878012450336710604e+00
-1.287436378618699306e+00 -1.365023748349223798e+00 1.480441219204282621e+00
-6.025378423326946953e-01 3.039709644285657486e-01 1.076223302914549818e+00
-8.881123427300487982e-01 5.640932827032685282e-02 6.043582377405049000e-01
-5.359649610458738778e-01 2.528441442677242801e-01 8.183091971481032401e-01
-6.366948972399202322e-01 -2.578497010549181123e-01 1.353528179956131616e+00
-1.052543230511001626e+00 4.404501804216709449e-01 4.163442205549080510e-01
-7.925121545579997262e-01 -8.448843538846562140e-01 4.924325503929122272e-01
-8.756481933408173379e-01 3.045079060219688660e-01 7.812821684379076537e-01
-8.020096753713918947e-01 -2.995873159831714538e-01 1.405796667852259985e+00
-5.189525582582266150e-01 4.740193105396290907e-01 3.010031555659703484e-02
-5.892223528873034022e-01 -4.803673029012789364e-02 4.337723054817776980e-01
-7.245189536111272810e-01 1.311669200416254455e-01 7.486199154251904631e-01
-8.906949477463945719e-01 1.550332013870967529e-01 1.780681312295275154e+00
-7.759451715978404884e-01 2.666245991940197069e-01 1.213072236239886914e+00
-5.822337422328291989e-01 7.023909445237719318e-02 1.806333303229438858e+00
-1.241060708030529369e+00 2.132771782251166037e-01 1.253986679627751899e+00
-8.264406857262480699e-01 8.017546521827001449e-02 1.237956733795564368e+00
-6.717123622320751997e-01 -6.906503252489502032e-01 1.621453502140540959e+00
-1.112801680701205775e+00 2.105631460432291213e-01 1.846839671079755441e+00
-7.125456943114438779e-01 -1.793696029828240057e-01 4.054396141719289748e-01
-1.159196219546648754e+00 -1.237832006405812368e+00 1.363236030709663371e+00
-9.304110899230204623e-01 -1.213284559743525115e+00 1.473665121701789982e+00
-5.734922683289032097e-01 -1.371063237870103313e+00 1.761152746482008258e+00
-6.224355796014137132e-01 -1.092996025529524351e+00 8.718260833614910332e-01
-7.038278735930311170e-01 -1.461758771841864979e+00 6.478654689123407584e-01
-6.180644796894191328e-01 3.550283027686444992e-01 6.270938240775628669e-01
-1.279732932230372766e+00 -2.904850272122168064e-01 1.785635065257453968e+00
-9.926427972926366028e-01 -3.448204065044815358e-01 1.197882964051015131e+00
-5.520015637016583154e-01 3.462956724807173536e-01 1.640494530677942819e+00
-6.787685148755673303e-01 -7.467656804653866054e-01 1.164100661459652741e+00
-1.024708807347742390e+00 3.770631135490178920e-01 5.775038733164906679e-01
-1.016090599740355760e+00 -2.242965071341915806e-01 1.423072451595787991e+00
-1.215049036987522202e+00 -2.094457187986376034e-01 8.144428360911453169e-01
-5.421617784972634357e-01 -8.965256658695111014e-01 1.118005291374032373e+00
-1.137379271165322114e+00 7.771125280549928682e-02 2.643157727027344306e-01
-1.203154119929676691e+00 -5.860580118405225303e-01 5.566719973626027551e-01
-5.093083370705588919e-01 -3.913830608782948861e-01 1.411503779524664548e+00
-8.626677491876344472e-01 -1.108985124062227490e+00 1.453693476549726027e+00
-1.273851363329342901e+00 1.047149773860938105e-01 1.713002195304648811e+00
-1.299022942070643838e+00 -1.176113253099188682e+00 1.541511889041473626e+00
-1.114805513675880766e+00 -6.430623764143452714e-01 1.821924349588966541e+00
-7.586505463637149838e-01 -6.290206118233179211e-01 7.894739901303645668e-01
-5.148066194186001754e-01 -2.390395776520981563e-01 1.051034972038229487e+00
-9.783049628498545758e-01 -2.900250175968301924e-01 5.335105330610510066e-01
-1.040493364892572270e+00 1.895110608731698232e-01 5.066380333433796457e-01
-6.766974102130325353e-01 -6.812755411030786412e-01 1.321159501592167773e+00
-7.628862182764978295e-01 -1.394084334629677402e+00 1.237351174320557856e+00
-8.710452010933826816e-01 1.843162072542310348e-01 8.204427125369341267e-01
-7.343279502431795391e-01 7.073189086570685902e-02 1.146882765442074348e+00
-6.806153316140013398e-01 -1.045564384282646753e-01 6.572148669851646252e-02
-8.256071660125585687e-01 -6.145155543330371728e-02 9.755231122300519475e-01
-1.201421203132489124e+00 4.234266841349827448e-01 1.726253129433160227e+00
-1.094448846476388626e+00 -1.130920777945350286e+00 7.043662363454662456e-01
-1.094406383031311325e+00 -9.962125508393659956e-02 2.143141108521320060e-01
-1.014066639442595230e+00 -1.645026383394474490e-01 3.147059093747173186e-01
-5.959595019926566817e-01 -3.214690021282140542e-01 4.956354453432266771e-01
-6.599230281353636318e-01 -2.514235884618623018e-01 1.142336343461201720e+00
-8.099996968162230804e-01 -1.144035721856083709e+00 1.713708050875536903e+00
-7.035715280450839382e-01 4.316186819266165653e-01 4.366970873539220976e-01
-5.555526977473268513e-01 3.631872221549399260e-01 1.714935769918660036e+00
-7.840123567626092749e-01 -8.648102873200258500e-02 2.133594660848574798e-01
-1.109360238798954512e+00 1.441277595737122663e-01 9.447180886886757945e-01
-5.976767581415931563e-01 -1.468996186828542605e+00 8.363784907371067945e-01
-8.372900348699485740e-01 -8.568431775458333899e-01 9.833903659706769718e-01
-6.131858674730310543e-01 2.221469350430058665e-01 1.296849667296305464e+00
-1.131735184123072724e+00 2.722853302035268541e-01 1.166666214979240612e+00
-1.038685880556427632e+00 -1.106138843374531611e+00 1.471242828248355838e+00
-1.165056291171080671e+00 -3.963624015996973782e-01 1.011662630354279946e+00
-1.190358306561964730e+00 -2.706407749851165168e-01 1.498331853816142090e+00
-1.299941139878242558e+00 -2.475490595946481243e-01 1.493077059953651364e+00
-9.322108719058592730e-01 1.742053891513573038e-01 1.965354416802513882e+00
-1.059296832670152622e+00 1.428360333339977473e-01 1.760046910991562186e+00
-6.339227221620322705e-01 -1.012732431843318848e+00 1.820836250934949385e+00
-7.647504745220800038e-01 7.592308751559029290e-02 1.455465222295109440e+00
-9.819775349032753287e-01 -6.908044512532276471e-01 1.447185812554382611e+00
-6.005753140299097126e-01 -9.520978539049076428e-01 7.273629885915074977e-01
-1.220843345980338279e+00 -1.270708840806489492e+00 8.331839864979260213e-01
-7.736716493263035010e-01 -1.423157169411652712e+00 7.406133173248398149e-01
-1.032663164078492457e+00 5.692794930987066238e-04 1.851268850636214047e+00
-1.131524529285577119e+00 -4.435935227942664483e-01 1.108088449021587429e+00
-7.181076551253530171e-01 -4.501323256884124380e-01 1.482603037610886743e+00
-1.168561540148488342e+00 -1.222814910543013722e+00 1.084742838187327418e+00
-9.401487627897948673e-01 1.814995472808698107e-01 1.227259102551458314e+00
-5.582119786577027787e-01 -1.256656231768928933e+00 7.375638880894836991e-01
-5.014817210339114206e-01 -8.131501112745134208e-01 5.072287646359173729e-01
-7.292984290935667913e-01 -7.268548203859928059e-01 7.691481552319928694e-01
-6.019260479361899785e-01 4.456181882704690622e-03 1.747837832054801588e+00
-7.463476462081808371e-01 -9.070099743141046833e-01 1.894502514759584422e+00
-9.880460977014721147e-01 1.031006944232240041e-01 1.874619916374087536e+00
-1.219213564654308746e+00 -1.495110187390311651e-01 1.551803014568354788e+00
-1.040687163294103934e+00 -7.958363461494275537e-01 1.615961001073297432e+00
-6.072944123415706663e-01 -1.302405251211022019e+00 1.894071351005367498e+00
-8.765954131634616786e-01 -2.667741461874402198e-01 1.921613016006521235e+00
-1.271744185532589055e+00 -6.206072253814383100e-01 1.436142698363509274e+00
-6.824739526059785399e-01 9.692999412866520892e-02 2.447858967630026361e-01
-5.797301951692983568e-01 -1.827546161128801305e-01 1.759839533578539283e+00
-1.101377682426272875e+00 -2.779031916967142912e-01 1.740505140388169059e+00
-1.211904287112447465e+00 -4.389066973731050592e-01 9.030046336044262878e-01
-1.179865794415238645e+00 -1.849784444368058889e-01 9.998343411021107796e-01
-6.359743274570635041e-01 -5.846231745823193826e-01 1.857181732888952830e+00
-5.575710155528337264e-01 -5.647596215079042636e-02 1.916621899529670880e+00
-8.050980441692386913e-01 -1.973151610322769756e-01 9.718848983389739571e-01
-8.881201411858434813e-01 -5.148726999263431026e-01 1.011500525147410068e+00
-7.343207933540564225e-01 4.223139094915373537e-01 1.110682883667954757e+00
-7.462816423592639747e-01 -1.484991488165881224e+00 6.298982626659875850e-01
-1.151941840789801441e+00 -4.526869255449672558e-02 1.970234056975783243e+00
-5.482823895915124313e-01 -1.018922521451552266e+00 9.546606586905600489e-01
-1.093484692848975870e+00 4.947936782590087734e-01 1.392605971699713674e+00
-8.388780984086785519e-01 -8.478074790895449020e-01 1.430169294694115134e+00
-1.067229243912572345e+00 -8.623681775564495666e-02 2.464331510431209404e-01
-1.039925319621068045e+00 -1.356306420184950401e+00 1.835222472202476363e+00
-5.493892247451126476e-01 3.564356231480210191e-01 1.701363889850842304e+00
-1.073803823903918042e+00 -1.376825621596757809e-01 3.395003726065362049e-01
-9.208281153545290199e-01 -8.752100637020425733e-01 1.850941410345877003e+00
-9.028576932973156888e-01 -1.231631520657606282e+00 1.634020871749518156e+00
-8.688683526460512230e-01 3.990073498945325703e-01 1.795859217727483692e+00
-8.266305886612382858e-01 7.874679902575487667e-02 3.900174611141320469e-01
-1.223950479850374640e+00 -1.444163806969998021e+00 6.664904681758446747e-01
-1.033845973407462537e+00 -2.834257496200001114e-01 1.442588027836153808e+00
-8.297384274215506839e-01 1.356408920897200776e-01 4.086708511831237400e-01
-5.129190273000788780e-01 2.691332588850827712e-01 8.783158002319639834e-01
-9.211486531560817426e-01 -5.534108294885964341e-01 1.936848472525583453e+00
-5.612606956282225612e-01 -1.484588501151508089e+00 1.038953721930011120e+00
-1.017855682570949494e+00 -7.026626458502782668e-01 1.050834347238590150e+00
-8.348787862821447359e-01 -1.308510623487980418e+00 1.473050377184651927e+00
-1.263994507807702838e+00 -1.217648990646730045e+00 1.430346956381368217e+00
-7.313168441084474392e-01 3.503861216481782836e-01 1.930305786805699420e+00
-6.539188048420888633e-01 -8.935394924432606967e-01 1.717465893543681288e+00
-5.512202005523662018e-01 -9.596604182301413655e-01 1.246817429530923338e+00
-7.936141960618663393e-01 4.911086004220095447e-01 1.864192907555090262e+00
-6.463025712828038838e-01 9.481578952279612338e-02 1.569926044480076888e+00
-8.314293153991869634e-01 -5.175805233725041532e-01 1.377827410824226551e+00
-1.007333225197308391e+00 -1.407842315036032410e+00 1.545409737523375959e+00
-9.078396934322476852e-01 -9.621560771850439231e-01 8.169961835497188130e-01
-1.096632926770351402e+00 2.742442867448982025e-01 1.203897244272406297e+00
-1.116262238178574506e+00 -4.718413930524634203e-02 4.576801205612315293e-01
-1.202874279707109695e+00 4.975440830282480409e-01 8.862916232684537876e-01
-1.049159244140368097e+00 -1.291787641188908875e+00 1.791160791273237241e+00
-1.121545786891583907e+00 -7.962850788259634438e-01 6.957469007025158803e-01
-1.192181923637726682e+00 1.352423763152277303e-02 6.366521547832215688e-01
-8.223790960231969205e-01 -1.494059097561704075e+00 1.322170110222972372e+00
-1.258219791906532770e+00 -4.328591179316063631e-01 1.162180302556306000e+00
-1.274338559355050249e+00 -3.294594019875356494e-01 6.913746306709631639e-01
-5.891551201092928292e-01 -9.031908144401479266e-01 6.208503178481814544e-01
-1.260482901965401137e+00 -4.505230688681522988e-01 6.168712353802063841e-01
-6.939960483595299934e-01 -3.913267132196538434e-01 1.601475711320631712e+00
-1.273498202838023063e+00 2.763676544634021681e-01 6.955562697484511947e-01
-7.525589453777022930e-01 -3.506695867983955495e-01 1.611341074194999612e+00
-8.301757749413894993e-01 -3.593914924648926590e-01 5.736095286264795146e-01
-7.283369980498707319e-01 -1.417984877378245523e+00 1.251816322952309379e+00
-1.176110198257458217e+00 -4.467346743993976244e-01 7.567749409173936126e-01
-5.541835536369361659e-01 4.831025038412877226e-01 1.551231457703627026e+00
-9.020275808394369044e-01 -3.123468371068487404e-01 1.031460015075915226e+00
-1.132434687269701312e+00 -1.261946690385993275e-01 1.430697215111821574e+00
-8.193676957954649787e-01 -1.112392739719332946e+00 1.459301036461209566e+00
-1.080297704287058069e+00 -1.381807244213764108e+00 1.859337254551572949e+00
-1.051125289179605682e+00 -5.238202638158104829e-01 7.371818993191306957e-01
-7.502747178090101166e-01 2.766404862430693612e-01 6.035764783705249714e-01
-8.478407204215101522e-01 -2.549340009179277278e-01 1.108005221492764258e+00
-6.085929673533664319e-01 -3.351832009621484865e-01 1.015138085825676439e+00
-1.022584457675018266e+00 4.675385390762871740e-01 1.310707422627557461e+00
-1.266297411432341979e+00 -1.205521621412285693e+00 9.943478621700284625e-01
-5.121174947982978232e-01 -2.686071804653311634e-01 1.868538809343719631e+00
-9.777817804400255053e-01 4.327207312155547658e-01 9.596389905250092278e-01
-5.603742387768475552e-01 -1.453861245520865264e+00 1.745662268036469289e+00
-9.812672738364931480e-01 -7.483541336561667645e-01 6.561879472860898677e-01
-7.068106688422916006e-01 -5.903994612788765473e-02 3.343050335430292064e-02
-9.171665390006780161e-01 3.592304657717562133e-01 1.537377099805610436e+00
-1.063236025744158209e+00 -6.347500450645899850e-01 1.854802867672865840e+00
-7.920960391735463180e-01 -1.428767171918710055e-01 1.463611308991136228e+00
-7.807766785726774073e-01 -1.404890967289617043e+00 1.321791808793955969e+00
-5.107368505497531519e-01 -1.726048638818491465e-01 6.002292213839481860e-01
-6.373463519334916505e-01 -8.404134052085914242e-01 1.682829954122998961e+00
-1.192529323810047392e+00 2.990327048554410894e-01 5.296828216895660413e-01
-6.617262406186485979e-01 -1.338299582322472370e+00 1.111316170846101015e+00
-8.168137712984664400e-01 -2.414865084624606695e-01 1.931225186026746865e+00
-8.514024857102406862e-01 -1.340963157334481126e+00 6.472213937760465940e-01
-6.102352252345094596e-01 -6.803857914644666494e-01 1.608147093736980393e+00
-1.256942275551133026e+00 4.747951829081222819e-01 1.114843030138471303e+00
-1.111266826904556471e+00 -5.669694227072243908e-01 4.660312725961140989e-01
-1.282817575273005328e+00 4.177058494717502679e-01 1.881655985086957861e+00
-8.268114068439829101e-01 -9.957819744167073495e-01 9.120772381993976774e-01
-1.121924054966266571e+00 2.730337475412494275e-01 3.354393526132830594e-01
-9.440200073380444756e-01 -1.168255027705682458e-01 1.671995160105684386e+00
-9.018917188017244735e-01 -3.843971116905517960e-01 2.637876216512863303e-01
-1.005783502745989377e+00 -1.315827982847348476e+00 8.379592326843123828e-01
-6.514360604664598542e-01 -3.037743589372441377e-01 1.386545848108100776e+00
-1.032463825139586566e+00 9.110093709953526186e-02 1.743832595707414779e+00
-9.264410947066639146e-01 -1.131263539588033273e+00 1.832968416454327176e+00
-9.164605802192766770e-01 3.789851651522471165e-01 7.732388879241919311e-02
-1.244498159101518953e+00 3.719165180763404077e-01 1.872707127660631077e+00
-1.082075480731467643e+00 -5.676311376988909529e-01 8.121450322251340115e-01
-8.247023399088906359e-01 -2.190006467696654635e-01 1.014805140829731389e+00
-1.122946129432721207e+00 4.001847279367614085e-01 1.452930922338245834e+00
-9.458447264025422463e-01 1.426495364504178909e-01 1.488056878355546564e+00
-1.001327548154350655e+00 -1.371832517603649659e+00 1.387001232452175437e+00
-9.404390798288546627e-01 -7.172305110799199745e-01 1.577759270024085225e+00
-9.890400895370109469e-01 -1.362466697581149910e+00 1.015144111473835098e+00
-5.427497667571660189e-01 -4.646773497573957190e-01 7.029153162531397436e-01
-7.330193673142064714e-01 -1.135711787323885114e+00 1.571276833146473262e+00
-1.077261835568165127e+00 -4.793416176234310822e-01 1.809575167096718618e+00
-9.091366604565106480e-01 -1.538256328370573023e-01 3.586433218782397736e-01
-1.079288592739095387e+00 -4.440218481961559771e-01 6.224282408615391393e-01
-6.936794497569890305e-01 1.484922135249155950e-02 1.912162334553500764e-01
-7.233308893062418976e-01 1.889772706200019137e-01 6.322648675358929493e-01
-1.267283471863474675e+00 2.134873525518856674e-01 1.874333021322175163e+00
-9.838846041347155680e-01 -6.760006543955392466e-01 1.648300296469002113e+00
-5.259956805457790541e-01 -1.075349384449511003e+00 5.085843855147835768e-01
-6.218205529757865335e-01 -2.433626531457264708e-01 1.849996931858018723e+00
-8.892095244262452347e-01 -1.324937425761052889e+00 7.614900683051581964e-01
-1.014231244925634323e+00 -6.788102164967120267e-01 1.663920630613129559e+00
-6.492724762798099958e-01 -2.121973979915869890e-03 1.405506009116471056e+00
-1.015198951033974950e+00 1.663285610958846750e-01 1.059940420667426775e+00
-7.502543234019273255e-01 -7.660111432472915816e-02 1.927694901046635323e+00
-7.995623456329576939e-01 -8.412049198699322883e-01 1.484825940502947583e+00
-7.903450218649472614e-01 -1.170964596142201497e+00 1.513580887386528628e+00
-1.278784559242578611e+00 -1.297748032649500560e+00 9.253288444374886401e-01
-6.796146149955071269e-01 -8.558725445298405177e-01 7.322128657602460233e-01
-5.376500056293778140e-01 3.582534994151087560e-02 9.577706459446869713e-01
-1.224841330379335291e+00 -8.738844461323787005e-01 6.959331632785183963e-01
-1.052537165115739803e+00 -1.017951519610175826e+00 8.569085482599509973e-01
-7.365630012120815140e-01 1.734542976546240567e-01 1.066239733707186721e+00
-8.041010604006804119e-01 4.675470482579149323e-01 3.554169751806963706e-01
-8.937621729580451646e-01 -6.069336879689115616e-01 3.763006517670223205e-01
-1.239168107823281240e+00 3.054415393825651304e-01 1.936500225079794468e+00
-9.178057971809892024e-01 -1.128794632917643481e+00 1.493038720015691156e+00
-5.326406029224936001e-01 -1.962524083588126356e-01 1.525792895838276042e+00
-1.108910074578482785e+00 -8.045868680658441185e-01 1.641414240159852156e+00
-6.517427862110894976e-01 -1.466011019605285348e+00 1.403768843154591162e+00
-7.033334390986489826e-01 -2.499387411801101688e-01 1.277672572058965728e-01
-9.278422811683292304e-01 3.634665158871452917e-02 8.066230197401051960e-01
-5.612004535271825079e-01 -9.703451707562549267e-01 4.680002949989073846e-01
-1.009157671129766287e+00 -1.141065154628877254e+00 7.348959492365938484e-01
-5.892118888455740722e-01 1.731029058025912448e-02 1.252887566423151577e+00
-6.485641478062742493e-01 -1.234097478482290677e+00 5.298515852699315909e-01
-6.349831904669455129e-01 4.735835655827800306e-01 4.113605808556045629e-01
-6.511298757142534033e-01 -5.688246499502400688e-01 1.144256616969410389e+00
-7.874442977171660640e-01 -1.316955674187453296e+00 1.125838289644619961e+00
-1.037451963800292809e+00 -6.021682293041163980e-01 6.475389962974754665e-01
-8.021520416138263609e-01 -3.562355284442713099e-01 1.081764683609348188e+00
-9.378046191400365439e-01 -5.872676712660012122e-01 1.567004911241787424e+00
-7.778837134348430826e-01 -6.302487169430608382e-01 1.105048148073369152e+00
-1.133288896594343509e+00 -5.410603055119511673e-01 1.639079609825514039e+00
-1.246617163166412912e+00 -7.136657380268440765e-01 1.928762870206340185e+00
-1.278161534413025491e+00 -4.404073330686497645e-01 7.379846215778670393e-01
-1.244217833895701730e+00 4.826193100056406227e-01 1.579428870447178168e+00
-6.699962414706638336e-01 2.061928909686643330e-01 1.577858060046828159e+00
-9.029491571920471582e-01 2.003797129158666479e-01 1.936528233767782048e+00
-9.058102013467705937e-01 -1.325320909657472512e-01 5.990923128047584978e-01
-1.029311622777215662e+00 -9.449204348820976485e-01 6.492363371224481039e-01
-9.096062168016821881e-01 -9.700707417040088654e-01 1.434659054108667675e+00
-7.251890381252249496e-01 -8.723816122741823165e-02 4.117285631115629174e-01
-7.963673109420358331e-01 -1.319119139073597680e+00 1.054827896574933366e+00
-1.060465087341182056e+00 -5.880131382954780772e-01 1.833717491909694131e+00
-1.175482453051896581e+00 -1.089800013338804385e+00 9.202062179873057302e-01
-1.251866728110296201e+00 3.088437838166411264e-01 1.015213041602068600e+00
-8.144948155294977621e-01 -1.963613350703721228e-01 1.517361298221438837e+00
-1.123428152487888410e+00 -1.177609353901701850e+00 1.035676269425640061e+00
-1.171720639076581083e+00 4.595511925371591477e-01 4.964655617124936748e-01
-7.236710743642673638e-01 1.160661262069098143e-01 5.050685513303524443e-01
-8.189953199539286022e-01 -4.084485867074310050e-01 1.061048118960082220e+00
-9.256645583970964930e-01 1.821595226158188030e-01 1.447360017663261056e+00
-1.279270814395407907e+00 4.384612861403660578e-01 1.542499592090711413e+00
-9.112765227428145653e-01 4.553700304377483743e-01 6.631478308183027526e-01
-7.105997595429562885e-01 -1.055395228491792015e+00 1.603176105263067530e+00
-8.446852268305036215e-01 -1.278484288714156536e+00 6.670999484753579178e-01
-1.031357499580466186e+00 -1.452622613755213177e+00 1.378985659030152799e+00
-5.173959858072959550e-01 -5.255878740546982009e-01 1.589342131450319495e-01
-9.690784411367627804e-01 -1.400034340044378656e+00 8.495555530183713788e-01
-1.046088474794155676e+00 -9.141316187633636847e-01 7.550014046129714940e-01
-8.772466385255441867e-01 2.539873099310210325e-01 4.126304283666684114e-01
-1.258623462955127392e+00 -1.339346317555889510e+00 1.237934181425264457e+00
-1.167158761970793712e+00 -7.275850911496497542e-01 9.464201242045507945e-01
-1.293497917034455158e+00 1.050053833482842425e-01 1.106222171057065218e+00
-5.593768624724488880e-01 -1.186544363650037015e+00 5.845748951182441200e-01
-8.587571939483553685e-01 2.775676913033224835e-01 3.646773508360926508e-01
-5.043160801801149784e-01 4.894344906013974317e-01 2.843274024011819279e-01
-7.313782884369360859e-01 -1.438334229533978048e+00 1.089923522733200922e+00
-8.627704042396497908e-01 -1.297388487174964355e+00 1.571218369995415420e+00
-9.468082244371258671e-01 4.090677384269771899e-01 1.130190012253448950e+00
-9.019280724204508104e-01 4.181326427297296089e-01 1.257754658306739159e+00
-5.079487621544334086e-01 -2.731357887121284023e-01 -7.783613521582076478e-02
-1.129050430127599203e+00 -1.145457146555250993e-01 8.915357731119646356e-01
-6.819678339125900823e-01 -1.113521675014719214e-01 5.727412824559265925e-01
-7.720790334425298163e-01 4.495119903458342225e-01 1.758469756670799633e+00
-6.476443217242764394e-01 -7.301407145094758189e-01 9.610483039398257654e-01
-6.365322727475836162e-01 3.721997284387577043e-01 1.965442982109695536e-02
-5.811244556939663131e-01 -1.282337825753692373e+00 1.258298259869591318e+00
-6.271362399858994019e-01 1.793038333980534471e-01 1.630945904246739131e+00
-7.697803282034481054e-01 -2.491016806272494666e-01 6.867079947914606075e-01
-1.267100302885056040e+00 -1.309348654787617416e+00 1.153726652194161817e+00
-1.296581588824998965e+00 -1.406105653186523474e+00 7.376544628454673180e-01
-9.523070667154467372e-01 -1.323280486426081648e-01 1.802915817960202283e+00
-5.384662895449847664e-01 -1.437622966762578391e+00 1.700936756608252498e+00
-1.171586811529569783e+00 -7.813088569460817645e-01 1.570227504135755625e+00
-8.312151905851614675e-01 -4.319482037816577691e-01 5.956760402082748040e-01
-1.267247980190374212e+00 -1.076772695384528244e+00 6.215579143965391795e-01
-1.253542777488098947e+00 2.179704729978082511e-02 1.470613467336068680e+00
-7.038933432716137917e-01 -1.270462201811202174e+00 1.327361933152568563e+00
-5.207818435330990869e-01 -3.683077597192154773e-01 1.636810982480900512e+00
-5.582984620802926568e-01 1.128118395564852161e-01 2.949279172592971232e-01
-1.189390099493997877e+00 -4.396454508942473360e-01 8.745063440926100773e-01
-1.000859629412532925e+00 -2.311577935051163379e-01 2.674204371063982899e-01
-8.967013282874385371e-01 -1.204067471059302674e+00 7.759792864800645340e-01
-5.427263277809390996e-01 -1.301866351451918646e+00 6.894720468109268863e-01
-7.903044400250252011e-01 -6.765856007285708795e-01 8.704477139698729715e-01
-1.000929834767431803e+00 -1.679290031192710586e-01 1.781231770067186471e+00
-1.116544519106109634e+00 -1.086515161298787557e+00 1.682655553025566686e+00
-9.549946164104770041e-01 -3.519683667238169278e-01 1.766355476123914192e+00
-9.676047338401932985e-01 -1.104233702022437535e+00 1.657049428726552254e+00
-5.939228669501719349e-01 -1.356324645302229293e-01 1.470483219092598492e+00
-1.166512458378359485e+00 -1.752104137799435080e-01 1.276131890524419887e+00
-1.109598042872961265e+00 -7.554370317630405562e-01 1.056697841065200816e+00
-7.182340423366404547e-01 4.929824480212163795e-01 1.249359129177783467e+00
-9.001573656674528578e-01 -3.501993836883627864e-01 1.855621327252772845e+00
-1.070244684879583019e+00 -9.974357237556441547e-02 1.447651621203400740e+00
-1.195812533148616685e+00 -1.730176817821320601e-01 6.830434510257612502e-01
-7.138010650587675032e-01 3.220665623760448071e-01 5.071687691832861278e-01
-9.916186797936410446e-01 1.315411861507831404e-01 1.292651682610968245e-01
-9.240908965718974688e-01 -5.567235163962718225e-01 8.917042533893398959e-01
-1.032931789606078343e+00 4.237312140278708394e-01 5.374200128168837853e-01
-7.993443744267531015e-01 -3.504408993010708073e-01 7.319895112260403902e-01
-1.016274014755604416e+00 -5.094963290787497545e-01 1.978300840419311868e+00
-9.145481191482552896e-01 3.314217976875382110e-01 1.874666873452016935e-01
-1.216426480401983312e+00 -9.972369394308522317e-02 1.980952171090896829e+00
-8.374637036758316722e-01 -8.491428588096903152e-01 1.689067705907250749e+00
-1.084570578649261652e+00 -1.636949892951544694e-01 1.996296231766015783e+00
-5.974962304485939013e-01 4.722200495666328823e-01 9.429203245964224989e-01
-7.936359878831064085e-01 -1.938263226806393735e-01 9.326720369391471310e-01
-5.184290876043131657e-01 -4.709383398822606370e-01 6.846522847019550495e-01
-8.119301049839200424e-01 -1.041488127480560077e+00 1.760700113788782328e+00
-9.564840850265867722e-01 -1.185233396414719920e-01 9.669785851872870763e-01
-6.664688560041172050e-01 -3.560540476896840723e-01 7.016570179320402723e-01
-1.080484183405293397e+00 -1.148822247904705218e+00 9.003683705477941723e-01
-5.666979100316963391e-01 5.343619124925691466e-02 1.265054296128394817e+00
-8.411501924240872841e-01 -6.731375903490237622e-01 3.963165327119444470e-01
-8.147036025229912326e-01 -1.248747785150702061e+00 1.749575031672079284e+00
-1.046323433461048058e+00 -1.226612287520455036e+00 1.379698778788132962e+00
-9.244444720203213173e-01 4.119680689527174255e-01 7.525173799943816189e-01
-1.167039889393769680e+00 -6.635499924016512452e-01 5.095278335809669823e-01
-8.934319760897493357e-01 1.743741325876899673e-01 1.622233615493273051e+00
-1.257895005042014347e+00 -1.467475256115838844e+00 9.213102027776877145e-01
-1.002544411746896902e+00 4.071687100744836307e-01 1.435172930641993805e+00
-9.496551945907928394e-01 -4.651790342841359838e-01 6.962529857074406525e-01
-7.726924941614062847e-01 -2.922920974778042691e-01 1.213695348858593537e+00
-1.158395166683737321e+00 -6.804088501433049885e-01 8.989187674962462182e-01
-5.150368929062290047e-01 4.616583169489318905e-03 7.445322614721444632e-01
-7.386614316906169320e-01 -8.770349224573874558e-01 1.960502050513295291e+00
-1.288796721553205460e+00 2.512662310312183678e-01 1.029537174798648813e+00
-1.013248152998252216e+00 -1.443296700005524347e+00 1.894494779439681809e+00
-7.416901748190951604e-01 4.729074884608075457e-02 3.756717774590240255e-02
-1.003773977822088437e+00 -6.195480394746573083e-01 4.797237715878199804e-01
-1.226471258183117641e+00 -8.119622606864111969e-01 1.338726074466112026e+00
-5.978564715972101151e-01 -2.126716205914052082e-01 8.452367791078434500e-01
-6.328139792604762226e-01 -5.010009977107190426e-01 1.508089747905027700e+00
-6.280080250585912127e-01 3.663127868277400445e-01 9.393989243853900772e-02
-1.091000356546120820e+00 -7.664330240022547702e-01 6.236788969164943630e-01
-9.880775782302483323e-01 -2.705822620379949583e-01 1.670684495570089245e+00
-6.332346557594139558e-01 -3.819834312731713588e-01 1.330090592514676651e+00
-1.027546544269802631e+00 4.923592207826656963e-01 5.424426512074560502e-01
-5.212203037172357112e-01 -1.006734026235212909e+00 8.011020611296746363e-01
-9.464244312931314740e-01 -1.200691976665527960e+00 7.872958314976739036e-01
-1.058139943177577980e+00 -1.405754613776040163e-01 7.225121181005091930e-01
-1.185586817776225654e+00 -6.463559248980055294e-02 1.641537691989489955e+00
-1.086033018719142040e+00 4.109303525823384540e-01 1.042119711022919670e+00
-9.964184989367470546e-01 -1.294713399104509444e+00 1.951080878111822070e+00
-6.454920097211171992e-01 1.314474136483858580e-01 1.525710542725479346e+00
-6.052917781010355158e-01 -1.715740080236456411e-01 9.496585431785696807e-01
-1.181650501814824006e+00 -1.324737076406095060e-01 1.460277916133601028e+00
-8.903769978786779671e-01 2.609067850219735085e-01 7.295793978825294568e-01
-7.655388761165334843e-01 3.155141866261663708e-01 1.588436738891785494e+00
-1.086566326677060879e+00 -6.126942544179454497e-01 9.681267702794528196e-01
-9.206360593679401294e-01 3.424110651318295062e-01 1.682306758278374170e+00
-5.628117262166713042e-01 -1.616237308304295794e-01 1.859189710699933551e+00
-6.386866369458641390e-01 -1.343110495963347306e+00 1.977750349261591101e+00
-8.659271063687850045e-01 -1.287329254901608211e+00 9.031170109852818539e-01
-1.244792959204008787e+00 9.173589390879910432e-02 1.737201559911545568e+00
-1.006096940913415949e+00 1.946664001528342069e-01 1.368206200675153861e+00
-1.143813998441170821e+00 2.526632669058574976e-01 1.389442692927135514e+00
-1.188616007918551487e+00 -4.124292231086084115e-01 6.830235798425912108e-01
-5.902526751063607025e-01 -9.513721387950300201e-01 5.670252564276103691e-01
-1.263424459203724481e+00 3.776033514897503274e-01 6.196838942135995953e-01
-1.035563506919411569e+00 1.659897382652941733e-01 7.446282655985690946e-01
-6.764322166733918174e-01 -8.057836264712614494e-01 6.100967070798604119e-01
-1.136808994866828293e+00 5.969995110420756035e-02 8.655508247436213276e-01
-9.726452538485761412e-01 1.113323615774532982e-01 1.364478752983671717e+00
-8.087012543814047216e-01 -1.811008354746652671e-01 6.266896798395645840e-01
-8.618814853857750258e-01 -1.014478590821691784e+00 7.404894726003946603e-01
-9.060702208099509214e-01 -3.930667226592292618e-01 1.749484618488964305e+00
-5.721694965952229817e-01 -9.637762010648609490e-01 5.902009445206889415e-01
-1.114224713862125071e+00 1.848764353843557195e-02 1.475237727764058704e+00
-1.187263581571408766e+00 4.889290147435547684e-01 1.517842055939882417e+00
-7.427756301601523559e-01 2.217965494187863484e-01 5.027877045091581065e-01
-6.820922547133799752e-01 1.880877893389338862e-01 2.361505818975255522e-02
-7.082889172552893076e-01 -1.065275690226585859e+00 1.505226889065306439e+00
-5.855279168272958801e-01 -5.017819507275784741e-01 5.266360835688889130e-01
-6.651062246993166838e-01 -2.313538660072118613e-01 8.912677283929704153e-01
-1.182665897041557779e+00 -1.099467642204887685e-01 9.824841956227127193e-01
-8.016170721429942692e-01 -1.053660516417999959e+00 1.255862261095918475e+00
-6.012809675204758841e-01 2.018104171825216842e-01 1.543500897374761927e+00
-9.571594534276595123e-01 -1.146801317801553477e+00 1.910843976274261280e+00
-6.890261093753830002e-01 -2.191506236362705806e-01 1.660321523130481536e+00
-1.248491600725860406e+00 -2.820897586618613673e-01 8.176948984114909003e-01
-1.193282158566643769e+00 -8.596603628491863436e-01 1.258347777214099406e+00
-1.062176489138190627e+00 -7.764258820496749980e-01 1.927657899849100520e+00
-8.266003419201293223e-01 -6.279197329010983708e-01 9.328261808167667146e-01
-1.070031030218219215e+00 -1.259219707406862288e+00 1.128942406058031978e+00
-1.181237104960775053e+00 -3.306174441735409975e-01 5.420332805236014462e-01
-8.527415784395182552e-01 -1.213245377919575541e+00 1.429324635387466236e+00
-9.348329301495335031e-01 -1.268864659560160035e+00 1.535457292308338273e+00
-8.755233118741903020e-01 -1.219071326322255011e+00 6.917454584089970382e-01
-5.154487011953076125e-01 -1.674082985084839326e-01 1.929829111250275009e+00
-1.168628181510376063e+00 2.991271967423221323e-01 8.091821790778663814e-01
-1.136203922848700865e+00 2.323202643059547601e-01 1.880812940191495031e+00
-1.190468214561942517e+00 -1.196238842094149213e+00 1.098001747073956480e+00
-5.763487478828906996e-01 -3.030186602923570227e-01 -4.589658961509268664e-02
-8.911658593887179514e-01 -1.052985699931661578e+00 7.403760845900987375e-01
-5.399577565903447285e-01 -8.016582708522292933e-01 6.691393106411511749e-01
-5.135874795360620970e-01 -7.866364300491108796e-01 1.795291702897743313e+00
-1.284527275786887968e+00 -1.962730354914274944e-01 4.672070575806420711e-01
-6.032180051001864163e-01 -6.174002210684281788e-01 1.638344977420742143e+00
-1.033020636834654171e+00 -4.435340211865754778e-01 1.277878775808010570e+00
-6.935029812066113575e-01 4.014469507874542931e-01 7.474213126932649498e-01
-9.623297660239342743e-01 -1.260972930896951949e+00 1.687035973700094393e+00
-5.514907506829845873e-01 -1.167092416801780219e+00 5.979045725595615313e-01
-1.072669401064988648e+00 -1.404359175476452837e+00 6.949325921141653595e-01
-5.075402473046668472e-01 -2.812768249441621737e-01 1.506577509280452976e+00
-1.120178034552769653e+00 -3.143913803219580139e-01 1.273360558960466848e+00
-8.518869708994352141e-01 -1.146156796339607986e-01 1.779047202063538169e+00
-6.384420951321987392e-01 -1.688522434334884803e-01 -1.526441304121682607e-02
-1.047299167065218528e+00 -1.102848315289014725e+00 1.230209776174893577e+00
-6.057671056298050694e-01 -1.388164502534433797e+00 1.067953881223000945e+00
-7.017320308827785791e-01 3.553851580502420671e-01 5.855014979944335174e-01
-5.000715827089950993e-01 -8.352811253931506918e-01 1.141038866782913663e+00
-5.162757936307307283e-01 1.056539193813104127e-01 1.279467326677720562e+00
-6.989232809978965788e-01 -2.143443913390208344e-02 8.856969634075796405e-01
-9.323903101635276913e-01 3.426278888770002418e-01 3.587521825437720024e-02
-6.839465606985639656e-01 -1.257486637002467544e+00 1.723145008355586816e+00
-7.199638377357192587e-01 -1.321886091763404769e+00 1.582481234527317371e+00
-7.471691724192217610e-01 -4.985200911493996578e-01 1.086890120533812842e+00
-7.537308197563680201e-01 6.069293836976186185e-02 8.547761921115054617e-01
-1.013102240511471575e+00 -3.179333600200906496e-01 6.792398042112545165e-01
-8.665914713971931693e-01 -1.486667274590567356e-01 1.302341438377059957e+00
-1.045770547464454081e+00 4.850789998163766992e-01 1.533878164391081933e+00
-7.064339525160538980e-01 -1.261021269539327916e+00 9.909277091908247348e-01
-1.212961249892631654e+00 4.061111001079078520e-01 8.211306496093336849e-01
-1.083187815489810024e+00 7.142139270206482315e-02 1.528956420343720479e+00
-1.066848979564128053e+00 3.597529356658293320e-01 2.100646620129073272e-01
-1.264227511247073776e+00 -2.263602822704644524e-01 1.170497575021454129e+00
-8.677238111562288747e-01 2.470584577550780647e-01 1.264505045448077292e+00
-1.093612539967812936e+00 4.337832596388597750e-01 1.235046316066463756e+00
-1.090649615562852448e+00 -7.440658560927020382e-01 7.270740836479909763e-01
-6.867961556005508506e-01 -1.476650127121881262e+00 1.762988087072799415e+00
-6.566055291004595507e-01 -9.598085928575224024e-01 4.863398762803220476e-01
-1.052693669984738234e+00 -7.785119305111694032e-01 1.036376290798328048e+00
-5.170196691472592754e-01 -2.213863399291349232e-01 2.705198706178033596e-01
-7.380447016924557291e-01 2.804109177267699593e-02 2.364112243093147436e-01
-1.119333816630178502e+00 -6.614444544918560709e-01 1.260143859360168150e+00
-1.000705504100398047e+00 -1.361416166309497466e+00 1.214310272762945564e+00
-7.723141075557431456e-01 -1.297211980809515941e+00 9.792476659307726150e-01
-5.591641529440382063e-01 -4.215472086976235211e-02 4.602024878505357464e-01
-1.241115773598511440e+00 -1.460463755649574757e+00 1.681274319337170642e+00
-1.290571541673666056e+00 -7.501127657167994123e-01 1.720761630253055952e+00
-5.191256522475355961e-01 -1.088858788787883558e+00 6.423622768766691360e-01
-6.644173209028275684e-01 -4.294511893723158558e-01 1.736072846744997067e+00
-1.196158909109505952e+00 -1.210955025176529531e+00 1.017805368048325443e+00
-1.199289828104111333e+00 -4.580841266950890223e-01 1.088887461702289006e+00
-1.076597153707048671e+00 7.411571262823946071e-02 8.047839666835706618e-01
-9.457187214524707120e-01 -1.314937846680857447e+00 1.906231387507280495e+00
-9.325224437068555527e-01 -1.358931971302483666e+00 1.781784127041319277e+00
-8.284987510878504269e-01 -3.329465134875895238e-01 2.578471580757374371e-01
-9.134651182251065649e-01 -1.221958236514798735e+00 1.959186836506044749e+00
-6.205082975562549175e-01 -1.106849193948315380e+00 6.164101351777500071e-01
-6.807937439717778316e-01 -7.241471030240618223e-01 6.987216333081824882e-01
-9.689888954297629642e-01 3.510575206566213247e-01 1.349496234191622790e+00
-8.898948366469268123e-01 -6.296058337420300521e-01 6.090554731519106646e-01
-7.304957054759370072e-01 -1.141978241078032141e+00 1.058310742958580075e+00
-1.247890884914246268e+00 -1.208179992348459297e-01 1.622916081525714871e+00
-8.371145171525851136e-01 -5.049101872946233360e-01 1.283899099338552174e+00
-1.187017641811546564e+00 2.236049115983547164e-01 1.992478368693066937e+00
-1.066192019710236583e+00 -8.247213212325910092e-02 1.014613256086557058e+00
-8.297271731251874005e-01 4.450355485575852033e-01 1.896366352506410891e-01
-8.953996248562146043e-01 -2.770228826186429405e-01 1.307484455912360177e+00
-6.700908662548911154e-01 -5.000194566835971521e-01 1.049035351611203648e+00
-1.185363285047269732e+00 -9.238293493578619842e-01 1.772669804379638947e+00
-1.114143247137289849e+00 -1.336442055303312726e+00 1.574308069727796688e+00
-1.056336583266149320e+00 1.112916474809131362e-01 1.084273474144798133e+00
-8.910611075943717374e-01 3.865261165699322987e-01 -8.795693999826972864e-02
-9.594216102895463116e-01 3.556977422872298344e-01 1.000759541068749092e+00
-7.977285328690356669e-01 -7.658495804514124927e-01 9.403072153708654790e-01
-7.427073971312136980e-01 1.009606917947989402e-01 1.306613529831113008e+00
-8.981784022186836136e-01 2.903232819977683565e-01 4.345955704999717728e-01
-1.123924212488913721e+00 -1.185641321888723621e+00 1.459002295595529075e+00
-1.161723601401577266e+00 -1.428059540014019024e+00 6.946265584466494447e-01
-1.174539788533579099e+00 -7.167656725432116627e-01 1.529808530775723208e+00
-8.884859277000112243e-01 -3.026397384230421483e-01 1.263763583276797497e+00
-5.102425893249593614e-01 4.492088834779315309e-01 1.806741815738257761e+00
-8.649093281736833783e-01 8.165638721503376551e-02 4.713388309233396134e-01
-9.661321339328958757e-01 1.444984270451756814e-01 4.753859830482689564e-01
-6.148759501371727776e-01 3.267780884786835038e-01 7.098127498588304718e-01
-5.474677574275426117e-01 -1.275929234179399963e+00 1.679616155164689317e+00
-6.920035003129025863e-01 -9.250997683234907232e-01 6.413967871578425406e-01
-8.815737635811928818e-01 -7.964528802200065982e-02 1.684628977948860129e+00
-9.313051573405474182e-01 -9.844566159096499458e-01 1.915913923621946235e+00
-1.017139960631755491e+00 -1.782541697307238326e-01 2.967611647453900492e-01
-1.027703374322025631e+00 -1.300917496999397516e+00 1.835553741501854130e+00
-9.663327920479303224e-01 1.321340450118135834e-02 4.893928284913898752e-01
-1.167038302129242533e+00 -5.813960186649782536e-01 1.759777329636131649e+00
-1.216810580608305381e+00 -3.962852738072002445e-01 1.148003530784092119e+00
-1.118393415357111342e+00 3.401712124394655756e-01 1.837039665905773944e+00
-8.291904910771152881e-01 4.130667077774619056e-01 1.138983293023717314e-01
-1.142450148646638741e+00 1.258384333717559311e-01 7.757757689094243458e-01
-1.005781021860905344e+00 4.292292232446346389e-01 1.875942655691404282e+00
-1.034535830314872173e+00 9.152926819197637620e-02 1.495428510437093239e+00
-8.598127810240749902e-01 -1.115731219012827680e-02 -6.994597948955658118e-02
-1.253753725126664831e+00 3.592876157795166225e-01 1.602188662653680540e+00
-5.380786660441185809e-01 -1.150482377206537121e+00 4.728364988379476497e-01
-7.070617532997337529e-01 2.284125602328566096e-01 6.688164985444172705e-01
-1.140420785387015412e+00 -5.265652178009296858e-01 1.486685889487547874e+00
-1.026306072327897168e+00 -8.324875997478782264e-01 8.685908247602575072e-01
-5.842963010043709104e-01 -1.011569681578677216e+00 7.912526367725671861e-01
-1.168309297516677336e+00 1.163570881720861205e-01 6.710287803245802429e-01
-5.156418922469403476e-01 -1.062148329129043667e+00 1.531315430813090073e+00
-8.716565192518588301e-01 3.811616672388495886e-02 1.801748125488861652e+00
-1.158372119709027093e+00 1.399107581887995000e-01 5.773565972233372090e-01
-8.107279211759210735e-01 1.362822207721934298e-01 3.116333968329285664e-01
-1.010515011606087477e+00 3.761908165786911340e-01 3.246351594060969958e-01
-7.432549447911703799e-01 -2.493360149270440473e-02 1.243843490333043367e-01
-7.967103692866992493e-01 1.988373528172249216e-01 1.732292708225051214e+00
-7.643413739381824668e-01 1.162106910759643785e-01 1.952786144876721697e-01
-5.082469577966708396e-01 -1.216416518798452584e+00 6.633365918006342010e-01
-1.095110330388105346e+00 -5.967878211856225690e-02 1.209946950609249061e+00
-8.470265579725850813e-01 1.621471130291209928e-01 1.813529819613613592e+00
-9.949839440686139014e-01 -1.117053830737428921e-01 1.184988226471969108e-01
-5.224622047972454775e-01 3.910437717998060947e-01 9.376724346755155315e-01
-1.044265147047738207e+00 -1.340135931313600093e+00 9.179272204174308003e-01
-1.026775580384669206e+00 -8.019876447981209022e-01 1.619743673820007501e+00
-5.456053176101636204e-01 -9.969417917646228311e-02 1.811118192757281697e+00
-8.251494776808434573e-01 1.260121890957717206e-01 1.999482772571365086e+00
-1.105824223383710780e+00 -9.267714056000670997e-01 1.701641882904520120e+00
-9.227597783154184441e-01 -1.152927777865813130e-01 4.216785559520435100e-01
-9.576303952383806717e-01 2.408244237174237412e-01 2.009525623449512077e-01
-1.093012706115133792e+00 -2.817645794204077792e-01 5.566408522889279009e-01
-1.056647114059766412e+00 -5.742769880615616884e-03 1.646711149783903316e+00
-5.910896973840430446e-01 1.491586212038913395e-01 2.457328891297407558e-01
-1.077084292315451330e+00 2.620396384509162679e-01 4.016817222261297449e-01
-5.875472666581835757e-01 -1.479241334645284844e-01 -6.101470229176526872e-02
-1.286881346740880394e+00 2.285086527941353474e-01 1.089869365116603817e+00
-1.020416043789872607e+00 -8.004178163280470937e-01 1.036952119006603112e+00
-6.067963768715715078e-01 4.765949312291906104e-01 3.611156910656906915e-02
-1.043721259951266855e+00 -9.335732850987770171e-01 6.416626939309670874e-01
-1.172766685475650883e+00 2.000720830158972952e-01 9.900833521158375339e-01
-9.393759673390136289e-01 3.028583036932097627e-03 1.579633612678438492e+00
-1.137160883724211757e+00 4.443093971177336510e-01 1.047962244708589452e+00
-9.319738620937194629e-01 -3.504959987010192179e-01 1.139400851754920563e+00
-1.019578072972795457e+00 1.355274548354878927e-01 1.852563644136894894e+00
-1.077040728478702913e+00 1.785402497838346481e-01 1.304180690113661889e+00
-1.069712011322135892e+00 -1.259068439441983100e+00 1.439776195256008195e+00
-1.146256180361050037e+00 -1.046795692219975038e-01 9.208786709793720382e-01
-1.276530448112821015e+00 -7.029643949279227311e-01 1.423703863474427678e+00
-1.006625067158878117e+00 4.163888708990186593e-01 1.339376029836261972e-01
-6.703996448146318787e-01 -6.129052317556582530e-01 1.316860481912053515e+00
-7.978358133598071333e-01 -1.451222453610351737e+00 1.082566946530255425e+00
-9.920897604685294802e-01 3.518009744676777739e-01 1.533981290306171363e+00
-6.725435746196631870e-01 -9.888104012682497057e-02 1.477543336445349853e+00
-7.572707073758986329e-01 -9.196484471011820983e-01 1.428209901867644183e+00
-7.377074056836128157e-01 2.320320174151688786e-01 1.524753481264934374e+00
-9.215679412586301744e-01 9.495477621982550964e-02 3.497090298328437985e-01
-5.752459645647161057e-01 4.538749486383164555e-01 1.012071230477090245e+00
-6.226324820612004762e-01 -1.242099347416956157e-01 1.558659051566278819e+00
-8.584674029349228519e-01 3.701342726803689143e-01 1.867961039080647812e+00
-7.894287025316241158e-01 4.992375297621840513e-01 8.091564694274542280e-01
-9.963884246811216538e-01 1.593945118554320750e-01 4.706044214847998619e-01
-6.362304097268383085e-01 -1.139591181473554649e+00 5.517924987793768610e-01
-7.337610215276354486e-01 -5.160367885221672779e-01 6.545767832959786814e-01
-1.236351725705316928e+00 -1.418477372499121536e+00 1.238622410344264901e+00
-7.492249917012645533e-01 -7.380354097255570345e-02 9.487544583466204218e-01
-5.327215961453013460e-01 -4.163770484392670390e-02 1.631561985512228752e+00
-1.170992104777006437e+00 3.354856308892264494e-01 3.529903932477146400e-01
-1.115607255279868593e+00 -2.355707608436992118e-01 1.818794450783803196e+00
-8.313584195727776738e-01 3.936020830609785470e-01 1.068619865304405225e+00
-8.513185322780474351e-01 -6.009915658235258640e-01 1.160636303275562886e+00
-1.187998273079318379e+00 -1.360753821114457196e+00 1.657047025774744942e+00
-1.057348087757118416e+00 2.970067390131003737e-01 1.315759461139149877e+00
-5.389703586976906102e-01 -3.062075876730019353e-02 2.980801110527675490e-02
-1.249564387492379414e+00 -7.087557023712569571e-01 8.191966208618559619e-01
-8.072735089893554594e-01 -1.679088487853963585e-01 1.628959641346842568e+00
-9.214203155031022163e-01 -1.759734667028278743e-02 1.623417878123535107e+00
-7.637498101567536946e-01 3.331634957459517210e-02 1.293794961955043732e+00
-1.019938384521357211e+00 -2.369648478312216255e-01 1.049880458262445693e+00
-1.145040292121656922e+00 -1.044772604914142589e+00 1.360577418823030849e+00
-9.451903224964468553e-01 1.867497773709267950e-01 1.007840311647988152e+00
-6.985719165856818513e-01 4.912856495992965478e-01 2.145328015409268818e-01
-1.151771314047872696e+00 4.048438187677507738e-01 1.039064813954796218e+00
-1.142214814383584187e+00 -1.128096322316567424e-01 1.338636106395209247e+00
-1.021836349649754005e+00 -5.670367878327224886e-01 1.347646049895055986e+00
-8.341009344509382473e-01 -7.085239187518375115e-01 3.927368808712244919e-01
-7.460772442440738450e-01 3.756401768072576974e-01 1.558346257287001713e+00
-7.687020259112012921e-01 -5.708961586315599579e-01 1.064288946975335604e+00
-8.473939093202421668e-01 3.353952634492185503e-01 6.938639376490386423e-01
-6.986581446145040397e-01 -6.244740222626954385e-02 5.241261876598123370e-01
-1.040477475378563943e+00 -1.022763503446315392e+00 1.938640396782181696e+00
-1.274940766408950044e+00 -1.380311058843580074e+00 1.472655213223498460e+00
-1.267943455607373648e+00 1.574351714898285515e-01 1.005122621278577322e+00
-1.051824094676971244e+00 4.043262410214407687e-01 8.815306832320974895e-01
-7.476795484858732577e-01 -3.810024755475394098e-01 8.666461130273921398e-01
-1.245979941675871672e+00 3.425346510656035459e-01 1.933976734098827421e+00
-1.205743809020969559e+00 -1.106994798646118605e+00 1.349768117342176277e+00
-9.010101426564549598e-01 -7.387489191981846393e-01 8.297350030206420701e-01
-1.176512837547905033e+00 1.901980429421361585e-01 1.671228418265833682e+00
-1.097722116172128004e+00 -1.265094991606015240e+00 8.806445824729675076e-01
-1.032241263686637156e+00 -1.172965992070592156e+00 1.701803948030965241e+00
-7.377598729099501540e-01 -1.204443051194324710e+00 1.177786703281426872e+00
-7.669574834730144008e-01 -4.007944320166383356e-01 1.492320593652137539e+00
-1.238351664758482240e+00 3.261975407189146026e-01 5.100546844656915768e-01
-9.579947864717457406e-01 -8.148101142322841106e-01 8.404107203208456278e-01
-9.812123416118998520e-01 -3.889087605400542991e-01 1.357955384983258629e+00
-9.894817524212911053e-01 -6.407720775958520854e-01 8.847429345626381947e-01
-7.615570714148925946e-01 5.703658222874441464e-02 2.652969145533388140e-01
-6.510365978781240681e-01 -1.148629245727106341e-01 1.725916843918135823e+00
-1.217980820030759359e+00 -1.403155947815007298e+00 1.616841767914286354e+00
-1.102623486747894122e+00 -6.707578481504561374e-02 6.195113668696706766e-01
-6.580587438645915110e-01 -1.421587109794729464e+00 1.673930076339155359e+00
-1.270020262384043974e+00 2.085647574450422148e-02 1.834417868778086769e+00
-9.445008940112560314e-01 -1.387906982393742217e+00 1.767225366407260578e+00
-5.722096904646949422e-01 3.766087637399802013e-01 1.280142251321788605e+00
-7.988076502428906878e-01 -9.512754348815595229e-01 1.547303619470848046e+00
-8.282440168160578597e-01 -8.904043048028238427e-01 8.043329474655184219e-01
-8.568724787707908686e-01 3.151453248642028804e-01 1.164900885847584222e+00
-6.168734265197535205e-01 -1.412522162611712151e+00 1.289294699508100939e+00
-8.404258010694392045e-01 -1.209281692467746527e+00 1.832814548375623742e+00
-7.455021123929146398e-01 4.187454018325864613e-01 6.030871982739619552e-01
-7.117236745802205666e-01 -1.410720067143800938e+00 7.075093598371727799e-01
-5.681629970379411532e-01 -8.441633284016438754e-01 7.106831250144763912e-01
-1.144275097517237549e+00 -1.152457937463472026e+00 1.586631710294528208e+00
-7.682432398028263831e-01 -1.302421547106202615e+00 1.770016943490475558e+00
-1.243222995793799024e+00 2.499588555256353484e-01 8.929258193469400418e-01
-7.891574786050697954e-01 4.266457991675491890e-01 1.564061608147233162e+00
-7.891997854643796328e-01 4.786690037191800862e-01 1.766438754356470131e+00
-9.297878451137658873e-01 -9.468539396280286624e-01 1.209624359081805434e+00
-6.679753082961037425e-01 -5.892589493312327953e-01 9.833872974124270305e-01
-7.818112175533928898e-01 -1.370950700520743526e+00 1.050152850624844758e+00
-1.298801970882444312e+00 -5.353995520728898061e-01 1.811911028695571080e+00
-7.107733595316254593e-01 -1.485298364732388965e+00 1.082123228954201988e+00
-5.198486442702743293e-01 -9.692832498691290599e-01 1.408372311392615650e+00
-6.132691528891049959e-01 -1.014538093142587583e+00 6.329637535334351472e-01
-5.315320847800054649e-01 -1.090149401498303972e+00 6.540636480944784781e-01
-1.003914233320565286e+00 -3.949481380410397868e-01 1.461669672302367440e+00
-1.198887025429246300e+00 -1.463864396310184723e+00 1.764843794653648601e+00
-7.201154857747679161e-01 1.992523970737778427e-01 1.064040874351152244e+00
-1.251490591810116015e+00 4.889461818834357487e-01 9.952038189978812399e-01
-1.135334200624285250e+00 -8.470036767430544344e-02 5.426674897334038405e-01
-5.570933259201151788e-01 -1.192872062041970604e+00 1.509111040579544039e+00
-1.124834266846568287e+00 1.723249202915952960e-01 2.352051815042120186e-01
-1.078525597219667898e+00 4.843391366923943675e-01 1.061415986980643433e+00
-9.663530848139406659e-01 -6.157471472966746795e-02 1.291968810488555830e+00
-1.162104477559257276e+00 -8.496001576975897862e-02 1.709314161893716655e+00
-8.779045554177835609e-01 -7.774607302930995889e-01 1.966433143366659309e+00
-9.991177912619744195e-01 -1.511316278269509983e-01 6.636600419741501833e-01
-1.152531182345645000e+00 7.846119753513969286e-02 5.408724239529208999e-01
-1.200856167171642452e+00 -3.714633407718848090e-02 5.515960381201329144e-01
-7.300432571173874896e-01 1.961633996052936091e-01 1.889240590543117992e+00
-7.909003384318176177e-01 -9.191903015072901972e-01 4.919986589889636663e-01
-1.100953033004927750e+00 1.815222913790937032e-01 7.668611177217034003e-01
-8.539787882113102357e-01 -9.272374341308611267e-01 1.173206086521339175e+00
-8.759517905035487662e-01 1.985520482450207069e-01 5.527935541885725668e-01
-7.219592333572738552e-01 4.848629654723857207e-02 1.375408080777672293e+00
-1.004082567563069794e+00 -2.647722637045442085e-01 5.828468018407489959e-01
-6.191581845679710039e-01 3.743762036491669054e-01 4.775970745462883027e-01
-1.064897421024973534e+00 4.645518022907011435e-01 1.400702285413814030e+00
-9.967676513758341184e-01 -2.897218959866985077e-01 1.782892528003046761e+00
-8.606846651286463867e-01 -4.384293912674341875e-02 8.053805680527719169e-01
-8.527902705005165895e-01 -1.247670016389510028e+00 1.665729107021038047e+00
-8.580204087556748682e-01 -1.045786069516824401e+00 9.240791840316348038e-01
-6.812398952673313079e-01 1.542102075630502611e-02 8.674028438784603390e-01
-7.466083872376391151e-01 1.781509362872268909e-01 -2.848150967969080571e-02
-1.126532792106113456e+00 2.081341049107587882e-01 1.887069086555009712e+00
-1.233864101839299954e+00 3.961400715045935161e-01 1.061269267273697858e+00
-8.373266927636106027e-01 1.355589398978762627e-01 1.231735664261635055e-01
-6.334383600752585552e-01 8.689915739179410181e-02 1.535984184498165595e-01
-6.291643616345619083e-01 -1.424190780179744431e+00 6.823374164853145407e-01
-1.184977547069762327e+00 -1.321195198042346641e+00 1.296677862781896895e+00
-1.110695513757883335e+00 -7.538771857015258426e-01 1.079792249218826994e+00
-5.172567126983868002e-01 6.715895186954834450e-02 1.233769715435717451e+00
-6.240843435111763648e-01 4.219060035085431259e-02 1.750223006657199099e+00
-5.294019255474746721e-01 -1.329157765474275665e+00 6.168130938020823795e-01
-7.131150466708116031e-01 -1.271846796850829797e+00 1.420988242437690730e+00
-9.101439227547367672e-01 -1.083712653628727374e+00 1.222669820688543352e+00
-8.722307250358751762e-01 -1.145682115264478274e+00 1.850795098212407508e+00
-1.070493986260240948e+00 1.925545101098586898e-01 1.912421113787311722e+00
-6.279641841366584432e-01 1.953880385571191702e-01 1.508129424751887049e+00
-1.261775045356509972e+00 -4.601492867226890660e-01 1.762925979277176314e+00
-1.133879529176567758e+00 4.744593887012367173e-01 1.602747396839687477e+00
-6.900746678927818234e-01 -6.716043438136733990e-01 3.006257503736315950e-01
-1.061918037466040632e+00 2.562622862182757366e-01 5.511993275106484846e-01
-9.777832321232683421e-01 -1.463226088582574302e+00 9.692090480539413688e-01
-5.045466148794764960e-01 -1.711188709730795399e-01 1.255322125417892565e+00
-1.219629322725083842e+00 -7.840152195845353500e-01 1.090731140452228853e+00
-1.193961865229565600e+00 -7.198143491195305721e-01 6.335044872893067502e-01
-8.148428322556324765e-01 -1.154114993822026536e+00 1.161587841599345694e+00
-1.231248211874059528e+00 4.669481774292623122e-01 1.393566633448725334e+00
-1.064862977562867519e+00 -1.102342060177000649e+00 8.498063014935605120e-01
-1.146652967107430587e+00 -1.119944751379958747e+00 1.797149820191689118e+00
-5.645424079167243869e-01 -8.980700549442086622e-01 9.837565003592357860e-01
-8.120950408825298172e-01 -5.434032166927877938e-01 3.399505794697382788e-01
-6.032442101317481153e-01 -1.510754107195844131e-01 1.926869928971092438e+00
-6.847740020084002177e-01 1.654447772407348083e-01 8.267742207948681754e-01
-8.081693411400682203e-01 -8.882055452526735895e-01 1.737966962901765777e+00
-7.636667226548536913e-01 6.842285576706785832e-02 1.651843015136016835e+00
-6.185742858032787783e-01 -1.179415390732322599e+00 1.759157970136503435e+00
-9.147472356845280927e-01 -4.373834781730734367e-01 3.025505389512990195e-01
-8.017403571621748437e-01 -1.142231627849139564e-01 8.844916361845256425e-01
-9.618617365045443179e-01 5.872955876742258496e-02 1.979592112031390183e+00
-7.835512452144829387e-01 -1.378708911380815749e+00 9.531585115678694597e-01
-6.762665161279864945e-01 -2.098749511447439708e-01 1.109111808915429265e+00
-9.634471666606903018e-01 -3.179961695752266948e-01 9.020917443704782324e-01
-1.043417803176550196e+00 -1.486024012483744050e+00 6.493725227533495570e-01
-6.846253520664009606e-01 -4.421017285087631699e-01 1.500667898824317614e+00
-5.748580559743398100e-01 4.278564694108346611e-01 1.148837404779691651e+00
-6.089680126549902317e-01 -1.191745365591029504e+00 1.211516045297048372e+00
-1.222618660261883816e+00 -5.595621673049429035e-01 1.622913847424951150e+00
-5.002393427047759911e-01 -2.587650042690947672e-02 1.963011033244288495e+00
-9.834947680926973135e-01 2.117103296661981826e-01 5.328775553863393522e-02
-7.289939424593069317e-01 1.311931834602217961e-01 1.879320485896680104e+00
-5.119993132115493450e-01 -5.002789525896249589e-01 5.422713865396727728e-01
-5.682891459285377422e-01 -5.227206789580791657e-01 4.405610397292347713e-01
-7.694391639193057797e-01 4.670664117695479955e-01 7.235611058672147822e-01
-7.097687399999310642e-01 -6.775366771984707714e-01 1.954194440073673711e+00
-7.626447401619925737e-01 -5.235355620647874630e-02 1.471804476361767033e+00
-7.845579288309197930e-01 -1.218596933937263982e+00 9.013817080395197801e-01
-1.290454858384397996e+00 1.823186622441863580e-01 1.128968109366654371e+00
-1.206558479109628657e+00 -1.494797603904157945e+00 8.265978720958414572e-01
-1.136613887146019630e+00 -1.161448142774677006e-01 1.166152811858054639e+00
-1.193354635925022000e+00 -1.322878967277947293e-01 3.920745648346015688e-01
-8.955214440249568142e-01 2.567558819590705088e-01 5.176748408490874365e-01
-7.154134976193077256e-01 -4.710072572933396984e-01 3.923658568772236954e-01
-5.287393632521577569e-01 -1.030261933381111383e-01 1.607235420725501962e+00
-9.281318982487796188e-01 -1.232896885295080347e+00 9.492206276868536685e-01
-1.263992611397829480e+00 -5.364081959747712958e-02 1.943959215300457011e+00
-1.257714143397755224e+00 -1.325564576293817742e+00 1.146181362307425733e+00
-5.075697886754928501e-01 -1.333978217029136104e+00 1.577162090027181884e+00
-9.451085924671126515e-01 -8.593145762564757817e-03 1.747889851523076299e+00
-1.072523565916769117e+00 -1.095400251212435005e+00 8.837709660578271231e-01
-9.454512206638887584e-01 -1.231626700825496634e+00 1.431264275518650209e+00
-1.239198619578949723e+00 5.544410797178511707e-02 5.478192742719558694e-01
-1.008676509040234093e+00 -1.297775818272469461e+00 6.962831299741382152e-01
-1.026395947995435876e+00 -9.430344525138150136e-01 1.726787047899452920e+00
-1.082921702824027665e+00 -9.195305453295798959e-01 1.954805245360052623e+00
-7.367280843408553492e-01 -9.316712958163826386e-01 1.857474354434022645e+00
-7.302659522308855289e-01 2.115289463422314054e-01 1.692441355041327755e+00
-1.251851842257902359e+00 -1.103037909893219926e+00 1.775366214526421516e+00
-6.590801125880754174e-01 8.107104677766252543e-02 5.095490903713116859e-01
-9.679910513708837039e-01 2.850355279558434152e-01 1.232388938895707886e+00
-7.993187851454016668e-01 -1.045535884817455852e+00 1.494605247086140398e+00
-1.069567709656285892e+00 -1.031718421777215067e+00 1.332645610980452977e+00
-1.060818988882554326e+00 -1.201630960016577765e+00 1.153717057493442111e+00
-1.278838467380042143e+00 -7.039418772691479198e-01 1.476025245052446699e+00
-6.902436178268860356e-01 -1.118676941481027365e+00 1.128319397969413718e+00
-6.573988073210202954e-01 -9.707425033598413577e-01 1.709783816891070174e+00
-8.277593326134042861e-01 -8.363820815547797771e-01 5.413341956768643604e-01
-5.279645531940955205e-01 3.946809374506108359e-01 1.634350728861342084e-01
-9.010833827812561037e-01 -1.155510129889549154e+00 1.300937313341922863e+00
-7.397303587144720138e-01 3.582119553347957730e-01 1.266609728601183704e+00
-1.098788885598128040e+00 -1.001052166233035834e+00 1.004497144976371548e+00
-6.868681308369974925e-01 1.136076988058705162e-01 1.583706446907181986e+00
-5.424890131107320546e-01 -9.278629869352170711e-01 1.825433354139334607e+00
-1.039224748951267374e+00 2.438875176506882791e-01 1.801483772647131998e+00
-6.866869415258624043e-01 4.817919110321278175e-01 2.482626537147905321e-01
-1.167201664345163037e+00 3.861568940807742489e-01 1.517130807578205287e+00
-9.803394944393907240e-01 -1.486777843596696291e+00 9.528730399282711039e-01
-1.051639812284752340e+00 -1.628159843822474251e-01 8.385042064344422341e-01
-1.127765176611132292e+00 -5.748875919339124785e-02 3.973911126132407823e-01
-1.282349573534310005e+00 -2.527302783077396420e-01 1.090889357191839215e+00
-1.178122468736894524e+00 -9.922326480626777467e-01 1.719435332242809089e+00
-5.015535160283410843e-01 3.508577295631258863e-01 1.100789955942549359e+00
-8.557164398892367352e-01 -1.065146702201124729e+00 1.603845047338698038e+00
-5.820746253605907361e-01 1.362840319183593607e-01 5.680770437408981799e-01
-8.270265490119108609e-01 -9.871761214623182568e-01 1.578165967302037176e+00
-5.333099990642866661e-01 -3.458206151049574295e-01 1.910582152463842665e+00
-9.567152627066787263e-01 2.083263948797884346e-01 8.968811834313322739e-01
-1.211107231719909416e+00 -4.187380400943088166e-01 8.659301920068532832e-01
-1.175237399282407891e+00 -5.110770220475042702e-01 1.628706764408743179e+00
-1.224107604502251867e+00 -7.492413823742201107e-01 1.728295083863028436e+00
-9.018068473634568427e-01 -1.243311911620699206e+00 1.085117376457968019e+00
-6.765495261216022405e-01 -5.614836753388694479e-01 5.395505827043424185e-01
-7.168358866296948850e-01 -7.549681344552483520e-01 1.001003240308422804e+00
-7.778710149732699364e-01 2.225264050889952383e-01 9.444660283407652068e-01
-5.844574342871776684e-01 -1.272048280857517089e+00 7.604082734696362422e-01
-8.051773420558223648e-01 -1.415140405526354339e+00 1.628086381920620385e+00
-1.144843323700405202e+00 -1.950527061699705023e-01 1.985011144732999888e+00
-1.032025471316432519e+00 2.112995574012914712e-01 2.076573924136938809e-01
-1.298137540917500665e+00 -1.495580279570367432e+00 1.710571254868459734e+00
-6.393310163989304185e-01 -6.288198348586071518e-03 1.184088305954090092e+00
-9.127696902269053503e-01 -9.299410642477148325e-01 1.295869625458184293e+00
-1.100719570137785430e+00 -7.009142915559030129e-02 3.744920204081241266e-01
-7.010674743692798527e-01 2.815709544630506933e-02 8.612466367300924963e-02
-1.177255108360010460e+00 -8.977982138425077974e-01 7.415584454221041399e-01
-6.647979406425229554e-01 3.654412438732930202e-01 1.880549514264815425e+00
-9.972569018042911626e-01 -1.199714376137929417e+00 1.500586365349318330e+00
-8.415560046521373128e-01 1.115940183931591889e-01 -7.607468950667672924e-02
-6.364478393167296577e-01 -1.098500700487085480e+00 1.863007851709623131e+00
-7.401237530374003004e-01 -3.131792289880874769e-02 1.058691843695506174e+00
-8.910335081403970570e-01 -2.066317329616522702e-01 1.440430307434607871e+00
-8.132906461237832119e-01 -5.740725666248271963e-01 1.018200282865605155e+00
-9.784656016366378717e-01 -1.090190369513465596e+00 1.969745166322093510e+00
-5.787521614526933700e-01 -1.416387754141584576e+00 5.843913126159424598e-01
-1.196791792517559516e+00 -1.170520199091664271e+00 1.253772496750951593e+00
-5.396691116237034569e-01 2.748921296396258374e-01 1.501312960560028165e+00
-7.106629684444056849e-01 -8.225273502012151461e-01 1.450741608285345707e+00
-1.043283134927248668e+00 -1.832180525451929665e-01 3.517824836916639830e-01
-7.198604751476292973e-01 -5.976628829871446502e-01 5.904368495664708005e-01
-7.235692991363181781e-01 -5.523598341535649325e-01 6.238667592393580819e-01
-7.798641072929641815e-01 -3.800860017313056893e-01 2.822949361092994547e-01
-1.103300724530708266e+00 3.418374005214801503e-01 1.059324134055756872e+00
-1.040826926590552537e+00 1.026114479571547111e-01 1.027132526627107634e+00
-5.883610224259536725e-01 -1.303199796547039657e+00 7.893166006593631545e-01
-6.311631655480112180e-01 7.462638645213059974e-02 7.385781648510354458e-01
-8.050632379729609767e-01 -4.846215870781354074e-01 7.430353198376998813e-01
-9.302259108120619624e-01 1.267213441979408994e-01 1.980221148149629240e+00
-8.062248720659328516e-01 -4.027736616248909218e-01 1.366927376479611267e+00
-1.107771846680538186e+00 -1.979175299166255897e-01 3.151497553370505855e-01
-5.556042105311969070e-01 -5.572781902886829730e-01 6.879969371762622021e-01
-1.054702640546808512e+00 4.022905958998856946e-01 9.636353308342412438e-01
-8.004115151485189372e-01 -5.750542901758433079e-01 1.965934033960688332e+00
-1.176968552199187501e+00 -1.424105265182617819e+00 8.800563070023316170e-01
-5.641318900885345933e-01 3.278528465067143127e-01 2.989741362643010270e-01
-8.909915663570942002e-01 -1.056731395885335267e-02 1.373156516570608332e+00
-7.972913021113363641e-01 -9.868876612362236234e-01 9.177050654245898498e-01
-7.678973545022602654e-01 -1.066155922715486204e+00 1.931985659517513110e+00
-1.073470292382220359e+00 -9.888753635727938196e-01 1.366977363578121940e+00
-1.120557194560154679e+00 -9.340242493781620858e-01 8.517601090508597483e-01
-1.184294588396908710e+00 4.772219713566530075e-01 1.561929251053849388e+00
-1.037788392279823002e+00 4.498489948483119782e-02 2.176662438382121756e-01
-9.850175285195478248e-01 -1.438703218908206072e+00 1.613969075353638871e+00
-6.613070335443358427e-01 -1.098815957932153031e+00 1.384973194847632261e+00
-8.593377739820124983e-01 1.940964075152495916e-01 1.644600594453039077e+00
-7.340270731053928355e-01 -2.634534036479789787e-01 7.065797831894730097e-01
-6.593026823107470680e-01 -5.708683105781102718e-01 1.233319949225838652e+00
-1.129933396130348600e+00 -7.569776876864511284e-01 1.940464004012445454e+00
-8.762233027787140749e-01 3.980863517803470142e-01 3.844130264627872995e-01
-9.255724511887886141e-01 -8.777469825032018225e-01 1.498548118553191255e+00
-1.081374112090322637e+00 -1.470388807377675855e+00 9.610988609915990244e-01
-1.253957242933825045e+00 -6.324733054614222194e-01 1.077015997023669236e+00
-6.502107791716279506e-01 -9.532553644350321154e-01 1.326454978753175862e+00
-6.728156044832458438e-01 -1.417464340140748513e+00 7.889437750281230732e-01
-7.756940742153498602e-01 -1.234480983705053880e+00 1.800598669299098065e+00
-1.119361538295590819e+00 -5.187878107360104352e-01 5.359730367059629685e-01
-8.720341279571832693e-01 -7.804854954811921708e-01 9.785005030798034076e-01
-1.112833542481629356e+00 4.969584843342156333e-01 1.975028885194992867e+00
-5.948244312473656148e-01 -4.824601631092109155e-01 1.541797501959171868e+00
-1.244541860610594020e+00 -1.078741057357175626e+00 1.554865396690763069e+00
-7.878848781440280780e-01 -1.493126793943587938e+00 1.565890070366779963e+00
-8.734497113120630596e-01 3.510326320847312331e-01 5.089228682768235368e-01
-9.429551523330743645e-01 -5.714302945441107617e-02 1.986444864709295821e+00
-8.272168740646486107e-01 -7.145948795065455439e-01 9.231455035817174304e-01
-6.249586935606062932e-01 -3.428889863081479028e-01 9.486396679056364745e-01
-8.752354187483453174e-01 -1.318878973969344948e+00 1.218345526181951133e+00
-8.679514104602354951e-01 1.364125895829435553e-01 1.273356687642238860e+00
-1.244059794903823013e+00 -2.749705578546384199e-01 1.894948638673435992e+00
-7.359521274758017428e-01 3.314841048241694565e-01 1.407613445844575206e-01
-1.233465138954072504e+00 -1.085645769826404372e-01 1.242738841282477580e+00
-8.132217433228940973e-01 -9.019978019529490965e-01 1.946726957325690233e+00
-1.125963432709860879e+00 -1.387868273261400942e+00 1.006437637240087613e+00
-7.196157140152797949e-01 -4.689109431568543318e-01 1.576716972712935982e+00
-1.186534903691268017e+00 -8.204963777841489669e-01 1.320287496608339772e+00
-8.747602663116663679e-01 -1.155733306458589960e+00 1.382812235620498376e+00
-6.199238167036117408e-01 2.717038414861054907e-01 1.163049405438732364e+00
-5.196675729086146500e-01 -9.306698310593031209e-02 1.771570089753673694e+00
-1.085611832386015330e+00 -9.241628015714484778e-01 7.584451113304958580e-01
-1.278081133210491771e+00 -9.799428226810118492e-01 1.186779634203153799e+00
-6.619162303736444430e-01 -1.928371369841945793e-01 3.668482182957011339e-01
-9.734467423297403776e-01 -1.284707701756307330e+00 1.166878698089389932e+00
-6.369272170968756086e-01 2.098395554978835786e-01 9.773325876409101332e-01
-6.402376807003212766e-01 1.686771775697157860e-01 8.202632629531994013e-01
-8.236717069787868883e-01 -5.519280807257582744e-01 7.876524581836836791e-01
-1.073125242180464234e+00 -6.045469980545670197e-02 1.828027645531159262e+00
-8.383766305434190436e-01 -7.242403356842375128e-01 1.795965810189075640e+00
-1.289703623281814426e+00 -4.048212543549967180e-02 1.792579597247509149e+00
-5.001573018429744666e-01 4.817288347449106833e-01 1.689430460976165671e-02
-8.596778968221038264e-01 -1.269783859340941623e+00 9.581788906979599174e-01
-7.110282279928358262e-01 -1.356361789444808785e-01 1.163433167452124328e+00
-1.288906337609307506e+00 2.978932095121569201e-01 1.341851967745627094e+00
-1.250899516346661855e+00 2.309533909165213394e-01 9.940769752017996064e-01
-5.916212496690612666e-01 -5.528369102131296398e-01 4.971614517101533570e-01
-8.777197016120077411e-01 -1.798834267108893048e-01 1.754727473139466198e+00
-7.033968753684695097e-01 -3.669017979142368269e-01 1.156940670463519227e+00
-1.014524957626458779e+00 1.973951439710490696e-01 1.854567720784697338e+00
-1.268030858542181338e+00 -1.426385930185887885e+00 1.668728747975749993e+00
-7.134822037822649010e-01 -9.546124547822965045e-01 5.835331957998742825e-01
-5.995346933899654562e-01 -1.088216943459796582e+00 1.713987030149942914e+00
-1.102727790725737123e+00 -3.568024919153167662e-01 5.534177746631419037e-01
-1.023262978738863627e+00 -1.344253244780614587e+00 1.297298633383301203e+00
-9.995592381235265389e-01 -4.251995900011724672e-01 9.853437509549024531e-01
-6.781219447336345185e-01 -5.423111110998579676e-03 6.136633724436888482e-01
-9.342064191980502530e-01 3.312542046556405939e-01 1.257925695999715376e+00
-8.670461242362126342e-01 1.002735380268513499e-01 1.659872019627198547e+00
-5.107916486009221879e-01 -1.480143954707455078e+00 8.022181872416607185e-01
-1.241456215336698587e+00 1.718007914459707131e-02 1.700671046459478086e+00
-1.239016874558684478e+00 -7.107694430503688210e-01 1.432950787060319753e+00
-1.076158929455935276e+00 -1.997823267784579748e-01 1.338420733739896562e+00
-7.902727852528474983e-01 1.206444440737313162e-01 1.666168049142743302e+00
-7.024493590174800683e-01 -2.151261751956439205e-01 1.428706935786964616e+00
-1.067651830878224573e+00 4.444930940608156078e-01 1.982362523631397977e+00
-5.681730283001498183e-01 1.165166865245104155e-02 1.260009694116709600e+00
-9.172704843585419709e-01 -8.040149564537906191e-01 1.919587351662705554e+00
-7.392952392720120169e-01 -6.298207511306630479e-02 7.496868591732830378e-01
-7.187577776107655358e-01 4.249911590780837134e-01 1.029319477899367508e+00
-6.530804459651669003e-01 2.315897330462488579e-01 1.403801176154430230e+00
-1.224776457466223878e+00 -6.395438629435297173e-01 1.635597743347387834e+00
-1.289300193200689337e+00 -1.753502406373315115e-01 1.320897135990978022e+00
-1.160445925847069848e+00 -2.541746757638818632e-01 1.741666916057829750e+00
-9.978293783611899004e-01 2.115520117171050263e-01 5.730569226438927410e-01
-5.987378258251464525e-01 -3.943960718637187224e-01 1.927386390529766125e+00
-8.763185484308455564e-01 -9.205487299189241135e-02 1.930703505675621379e-01
-5.497587845797086148e-01 8.428047711109520890e-02 1.556352018676097293e+00
-5.636382683923104597e-01 -1.390323999673041433e+00 1.610545173851761769e+00
-7.062036792108038474e-01 -1.416825708107700699e-01 1.370695368593973340e+00
-6.612412139906640451e-01 -1.729731468955475471e-02 2.443131380720357237e-01
-7.599428368218016372e-01 -4.821509808353272586e-01 1.392797944704530222e+00
-8.030025810796399544e-01 3.244876273322123694e-01 1.933417324747348065e+00
-7.444646093373566975e-01 1.064017912498658180e-01 4.056875736214263228e-02
-9.698458444309683291e-01 -7.586122363893046394e-01 4.961977479995789420e-01
-6.949477213791583896e-01 -4.779711481364916636e-01 1.820975678189723057e+00
-8.879920555729230447e-01 -3.369137289793686652e-01 1.227485514754051543e+00
-1.148341003583121633e+00 4.304074253324847721e-01 1.477268744283858570e+00
-8.851862524909999141e-01 1.654400022516475666e-01 1.835631647018408197e+00
-1.044856855076306212e+00 -2.305782069891002539e-01 6.887988225746451976e-01
-1.183927691422679507e+00 -5.707150683362514076e-01 5.264877333281198224e-01
-8.845635336464316989e-01 -3.000520913889761498e-01 7.873831961384027966e-01
-1.216441222565424862e+00 -9.691981552274442357e-01 1.684855273824332755e+00
-8.857944741875336536e-01 1.968524909567290759e-01 1.851447707610812399e-01
-8.035682471639448154e-01 -1.003340271253118976e+00 1.062767353149739247e+00
-8.831798268387911488e-01 6.602267790869675856e-02 1.362432821753762680e+00
-1.029253630750389448e+00 -6.363410317452358189e-01 8.804178407860550060e-01
-1.281770255465310759e+00 2.918208125407679709e-01 1.085940628220464443e+00
-1.242322457287168502e+00 -1.156224748039476058e+00 7.808840272741299771e-01
-7.666722005606975143e-01 -2.608295281304509050e-01 1.934847725438081589e+00
-1.197840568743974821e+00 -1.010315025984767523e+00 8.066664152738861615e-01
-9.470539621817041231e-01 -6.030398266094210147e-01 1.043141378301818634e+00
-8.560111434305301970e-01 3.450955682556722248e-01 5.538601547567931771e-01
-1.287525066688806286e+00 -7.898790385271359238e-01 1.205934879805252935e+00
-1.191355327019708144e+00 -9.382641950911052575e-02 1.808369319659091534e+00
-7.708159060902801674e-01 -7.667610303647058867e-01 1.360661452995006293e+00
-7.991447508204670980e-01 -1.123198276648524452e+00 1.180629540483123074e+00
-7.912067165338947383e-01 -4.511421448701500303e-01 4.782724449396138500e-01
-8.420897092483818902e-01 3.236816214256645896e-01 4.810409617149060679e-01
-6.616379523278853592e-01 4.465221244901269593e-01 4.871261200001187897e-01
-1.097139454386306445e+00 -4.059200083200746878e-01 4.955896759876518010e-01
-1.036201088233705603e+00 2.856868367277771714e-01 1.750372107557397916e+00
-1.145456802013445685e+00 -9.173223245624317901e-01 1.025596902217233319e+00
-7.779134148841527763e-01 -9.605849615128425611e-02 8.381564630848054032e-01
-6.496581426757074285e-01 -5.530323650220374532e-01 5.244077456815122718e-01
-1.111489034407618925e+00 -1.489568853996894759e+00 1.765094718129801787e+00
-7.828665909976332271e-01 -1.154278182423893462e+00 1.174876846709016487e+00
-1.041184933775307853e+00 2.476430681134342837e-01 2.975694150307254260e-01
-6.426445825972999515e-01 -1.040523859968100817e+00 1.289294758961142096e+00
-8.648852538875810847e-01 -6.497986291029105299e-01 5.964323691341254507e-01
-7.851259796240073197e-01 -1.098265325622267419e+00 1.680649806968922189e+00
-8.633263853305629398e-01 -7.526727188753183917e-01 1.231576973174114187e+00
-7.791557340482303529e-01 4.008003806993398754e-03 8.545801526354325217e-01
-1.197552903063991536e+00 -8.727965223725400179e-01 5.600144539468416838e-01
-1.256981838779023919e+00 -2.041236421981662552e-02 1.846740304633835983e+00
-1.031013660402297472e+00 2.942295389770455127e-01 1.802743705664094476e+00
-9.032134107100957543e-01 2.432314031275062405e-02 7.634794290542016304e-01
-9.827047262448129761e-01 -4.346769540499508810e-01 4.124356929016106399e-01
-7.292152831142656444e-01 -1.061227984857650686e+00 1.162170752778945104e+00
-8.819944579500096360e-01 -1.051441324744039063e+00 8.721529781927771507e-01
-6.820976515808897522e-01 -1.331689082374428290e+00 1.195558752096947730e+00
-6.892342114747967985e-01 -1.439882143997327280e+00 1.335600258986776145e+00
-1.049804860814774532e+00 2.015483114215150806e-01 7.286481230627775973e-01
-5.031443666174164608e-01 8.870900536313830465e-02 1.685287138688871922e+00
-9.100129227359557982e-01 -8.451480252068979127e-01 6.565985666038122170e-01
-1.162083502626584108e+00 -1.175273975517543867e+00 7.765794028674979366e-01
-5.910353201111909760e-01 5.446309712328889496e-02 1.277131337406282929e+00
-7.220187358503125097e-01 -2.436913021346944763e-01 8.808851570011779764e-01
-1.080963319623571728e+00 -4.947519078116027202e-01 4.071529919022792710e-01
-8.924481616929014205e-01 -3.382456883935238690e-01 1.957167958136627472e+00
-9.271433021365294014e-01 -9.156675309164195031e-01 1.143388956996808981e+00
-1.067013470590110868e+00 -9.748753853190110785e-01 1.818065639807180611e+00
-5.294126640047464027e-01 1.850994634568878805e-01 1.511363769560171155e+00
-9.759958963742358939e-01 -6.551434629908312601e-01 1.055979799383790274e+00
-1.224997448546020218e+00 -7.759224376343476504e-01 1.685014495274857582e+00
-8.609800344370017733e-01 1.750007333331615733e-02 2.177415994954119138e-01
-9.001295503300351664e-01 -1.085099502689041540e+00 1.506224209261995517e+00
-5.920497636207637804e-01 -5.058224548480083627e-01 1.542893584992918177e+00
-1.203685957962046027e+00 -1.319448279463506069e+00 7.258002078245283650e-01
-1.151003627211263591e+00 -1.237237573036361837e+00 1.590625037715915679e+00
-1.219180235387908207e+00 -6.120740082892739409e-01 1.686899813599720188e+00
-9.572829977515971978e-01 -8.074238696833437867e-01 1.037320339430395366e+00
-9.648988589468752153e-01 -6.667530405967192486e-02 1.822735410896596076e+00
-9.072470580359657255e-01 3.865839845713945344e-01 9.345769619954725771e-01
-1.054234102750564173e+00 2.647261423627536026e-01 1.097077972425146264e+00
-1.275305025004865422e+00 -3.908999637979737596e-01 1.127227309956331469e+00
-8.843807613056025030e-01 1.023215230872605019e-01 -2.113316819721680617e-02
-7.315202461375716059e-01 -2.305055871037458015e-01 8.655101419860866674e-03
-6.837347729856149137e-01 -3.792091804180011128e-01 6.005103071653586921e-01
-1.277221522058197500e+00 -8.128008457783442164e-01 6.412613018085193684e-01
-6.856816435831237788e-01 -8.301616659662482967e-01 1.374035573490858697e+00
-1.141474865236826286e+00 1.045304725015907543e-01 1.349942375315492660e+00
-7.374335723216204341e-01 -6.261882410904373586e-02 6.762766500524597379e-01
-1.222973217502537624e+00 -2.299421141504853772e-01 3.773308301997200243e-01
-9.236214884355566923e-01 -8.551483772610080081e-02 1.571647107536751742e+00
-1.006441503243792335e+00 -1.224923460152298915e+00 1.832641923415688545e+00
-6.152908071517770860e-01 1.854759779113908102e-01 1.377727929056084655e+00
-6.130542532731798611e-01 4.982705188415021968e-01 1.209763352382417390e+00
-1.119922316550420405e+00 3.186938021778147334e-01 2.494872367085983755e-01
-1.269812098985054094e+00 -1.110048205508840091e+00 7.012777850700950832e-01
-9.658272331494432983e-01 -9.499307316717051641e-01 7.356945865916482141e-01
-1.238106993148393675e+00 -1.476649386150000964e+00 1.246755203022341663e+00
-7.999961005567300942e-01 2.653290412171778190e-01 6.705302459854214914e-02
-5.964393775472653925e-01 -1.212254624734187436e+00 1.135482034891549974e+00
-8.477094577270389841e-01 -2.541607745690950271e-01 9.189791910655092932e-01
-1.027922612928887869e+00 1.532818217730456123e-01 1.615128110504566505e+00
-7.110934530864762015e-01 -1.071278081388437720e+00 1.768617854408643053e+00
-5.307721156829803277e-01 2.713876576442864064e-01 1.909218306708195811e+00
-7.382487813032864166e-01 -9.882984696788821299e-01 1.111798381935494406e+00
-1.189135143847547038e+00 -1.994141664865163310e-01 5.502490524490195600e-01
-1.111701581571742148e+00 -4.840621484848961487e-01 7.822254653084292908e-01
-5.533707894674473327e-01 3.562973780670986024e-02 9.884764070951178594e-01
-6.791710332977268783e-01 -3.218512546796370444e-01 1.439883887089647985e+00
-1.027992764525233138e+00 -1.274541787797938586e+00 7.351238400747146517e-01
-7.965410935040241336e-01 -8.988947243629850092e-01 1.555968747243871686e+00
-7.559346873025155622e-01 -9.489577017725807639e-01 5.167073719661089415e-01
-9.182039729193707256e-01 -1.290860290016010881e+00 1.373129984281650229e+00
-5.410106951932397434e-01 -1.112823842575136890e+00 1.724321139228542910e+00
-5.733801596481635787e-01 3.425638777521451406e-01 1.307789322091045481e+00
-6.710321237769125702e-01 -1.237913743443988857e+00 1.354268448679301518e+00
-6.475837070674258511e-01 -1.376921503122730428e+00 1.232979129749904201e+00
-8.718267550099993990e-01 -1.715090823160319022e-01 1.494819217833320391e+00
-1.116116313809573102e+00 -5.892653636552986907e-01 1.900553920415572584e+00
-7.559832881829824380e-01 3.295373795616052259e-01 1.018212140343719430e+00
-9.088343738901216717e-01 -1.499030741392342048e+00 1.927296968509505604e+00
-6.842803073727280472e-01 3.842871044048381535e-01 6.299366942942765668e-01
-1.050757620161679284e+00 -8.533767125149882560e-01 8.072633156016634226e-01
-7.831264164319607923e-01 -8.336153128588776884e-01 8.558698289801024428e-01
-9.136456896633406988e-01 -5.846275489731787012e-01 1.888217726031682142e+00
-8.139008658086026582e-01 -8.607800363965625312e-01 1.138701462614861271e+00
-7.038725008908379710e-01 1.101728069182117409e-01 1.378525266002927685e+00
-9.992081338540668156e-01 -6.292868605768275891e-01 1.862983376694159698e+00
-9.910095459502938908e-01 -1.107442282799125710e+00 1.535210905653932700e+00
-9.808303378743654655e-01 -8.270929509894711096e-01 1.649847122972195601e+00
-8.986916996365641452e-01 4.572882854950246490e-01 7.482292597765147768e-01
-8.211718910160814566e-01 -1.064419091490935276e+00 1.142467537840611946e+00
-8.723151475537811450e-01 -4.848521190990799923e-01 1.210202838624320210e+00
-1.188591141557933106e+00 -1.443106415213959659e+00 1.655909321124195976e+00
-5.456424024042910714e-01 -9.967542101172324198e-01 1.661651600521396599e+00
-1.269633905242899319e+00 -1.047102880616227694e+00 7.774356618615481107e-01
-9.657365454277760941e-01 4.582562315899880723e-01 1.995737121935296177e+00
-7.287282275910432761e-01 -1.361519814176594956e+00 7.725323409105901984e-01
-1.261731079041191972e+00 -3.745608919835801132e-01 1.083348117456887305e+00
-9.484160026295254120e-01 -6.105631681809748912e-01 1.999012974726133152e+00
-9.534174565530544321e-01 -1.463018493850901436e+00 1.083034616362603675e+00
-9.731724552953238128e-01 -7.610949175212788909e-02 1.320369657484246950e+00
-5.144313825271423779e-01 -1.287995610934111745e-01 3.384507918474272126e-02
-1.284981824420399876e+00 -9.314617278352359531e-01 1.568347598503280871e+00
-1.037700840822203263e+00 -9.127501787690157631e-01 1.919924433848541945e+00
-9.330059748517782747e-01 -1.341572013841128452e+00 9.213804822706931352e-01
-1.032799058960897298e+00 -1.054582534478869960e+00 1.978499385211893280e+00
-1.074669516781422196e+00 -1.145529664165551020e+00 1.379369365552740367e+00
-1.284525467610608152e+00 1.132428766473372317e-01 4.936421810663953469e-01
-1.151525504365197294e+00 2.312402329361809006e-01 1.782217676807933637e+00
-6.480027431619312939e-01 -1.065334292648762782e+00 9.101926158345513551e-01
-5.822079847417921394e-01 -1.265279600356288281e-01 1.947534394781456069e+00
-1.125240072132036140e+00 -1.382523908198738383e-01 9.388891871163614899e-01
-7.291619376231537331e-01 2.917563820916826423e-01 1.351445006885805822e-01
-7.938926014154833455e-01 -4.907527974100596158e-01 1.578929274704440555e+00
-1.191839366953407309e+00 1.136826171770510818e-02 1.775791304154113792e+00
-8.499289364824154092e-01 -7.087237676484179350e-01 6.952689616556054775e-01
-1.056623303947298975e+00 5.694371880433890531e-02 1.349883207179037647e+00
-9.776912164694508967e-01 -8.478981749363052600e-01 8.049139807958161086e-01
-6.115415730416636775e-01 -1.478180233153251644e+00 1.867713580289466213e+00
-5.651961602668825746e-01 -5.420743117554860380e-01 6.274021548662848113e-01
-5.801424867729167989e-01 1.313477405851837254e-02 9.869916550905769581e-01
-5.411295586466982055e-01 -1.180816341270878533e+00 1.071102145507230485e+00
-1.222110030020546079e+00 -5.808323975770925962e-01 1.651187414074072102e+00
-8.358015265138232230e-01 -1.106030051711188733e+00 1.039770037468903841e+00
-9.710052325448748078e-01 -3.697388194917767823e-01 3.329153625296690233e-01
-1.122655341437334808e+00 -5.147755132831268732e-01 1.525911805657021780e+00
-1.259354888555372698e+00 3.570655240789606388e-01 1.939991172195407731e+00
-1.290465864053702782e+00 -1.278861319313562950e+00 8.579552575980669005e-01
-6.898513877277404616e-01 3.910409424644250009e-01 1.012041183286499724e+00
-5.557630184829667197e-01 -1.148668408122911710e+00 1.636335051837010335e+00
-5.511877255854829016e-01 1.886287201656333679e-01 7.506285497164632003e-01
-5.806158088928382588e-01 -5.096591107652330699e-01 4.745355806035446156e-01
-6.973319503673927056e-01 -2.447641887240825653e-01 1.312558356098984635e+00
-6.415028323771053698e-01 -4.177751182757170056e-01 1.705984763788443548e+00
-1.252880289341263831e+00 -5.267731596747342593e-01 7.152863844649433034e-01
-5.817906488159828582e-01 -5.537753869232915349e-01 8.981709545961894525e-01
-8.016707407759621207e-01 -1.257429435144838958e-01 1.719507341861478578e+00
-6.288142765927754452e-01 4.134451180349965060e-01 7.450899937188197875e-01
-1.038577410169499338e+00 -1.010955360270112902e+00 1.403710319223452574e+00
-1.226816093755189518e+00 -4.965664650356882426e-02 5.708723965383729615e-01
-1.293933673236770554e+00 -4.567058621793007589e-02 1.430347278529006338e+00
-1.272680437633792350e+00 2.168173078347666038e-01 7.220111753433861024e-01
-1.232027712323741531e+00 -1.781753552136322583e-02 1.469429902474506999e+00
-1.222726798195982623e+00 -9.494105166845714372e-01 8.271680614231866624e-01
-9.730300125264699229e-01 -1.140675437947996640e+00 1.947555332331196265e+00
-7.855925379143737786e-01 3.498088041229985290e-01 1.796178690292950852e+00
-7.646364153781550765e-01 -4.664016187436867966e-01 6.041924136140097712e-01
-7.755367817324726465e-01 -2.113871664712763110e-01 1.197031673256759632e+00
-9.598964916298093897e-01 2.832210011712641418e-01 1.236226469471568779e+00
-7.719734897777086324e-01 -4.967600952178585771e-01 1.835500945243510929e+00
-9.762059863059318054e-01 -1.081014708841378846e+00 9.064620295649891135e-01
-7.860920213544068114e-01 -1.267689346597301814e+00 1.858242514745814811e+00
-7.733080859012889663e-01 -7.800761589868023815e-01 1.594324791976073685e+00
-9.360157395351369480e-01 -1.125023289336636756e+00 1.558656073800842368e+00
-7.019927094303445303e-01 4.564479387264395172e-01 1.450907218688851419e+00
-9.294273931549110745e-01 2.553340847296821092e-01 4.630042448140779809e-01
-7.042764562773944359e-01 -9.653693812598438395e-01 1.230161654053424591e+00
-1.249833400779896797e+00 -1.265802551179360247e+00 9.142916586160948489e-01
-8.613486974092663395e-01 -1.134570941782767850e+00 1.863678016961822559e+00
-9.583094842673705038e-01 -4.394605967681135539e-01 1.295931215726074504e+00
-7.111460733855453631e-01 -4.867631543383004189e-01 1.072489206630025782e+00
-6.249921550758970046e-01 -1.457936414195882602e+00 1.717392134659887715e+00
-1.072423989530715494e+00 -9.175118684868504015e-01 8.564804826462038001e-01
-6.979019889150011036e-01 4.731751226607407990e-01 6.584830147600876371e-01
-1.144515289977427130e+00 -9.601661734981481455e-01 1.361126936024841694e+00
-1.007915129919294328e+00 4.604612177792062333e-01 6.910553086175715842e-01
-8.348728255235974283e-01 -1.297733223922123313e+00 1.281970524070256578e+00
-1.066747072931985674e+00 -2.290694330541942492e-01 7.950245872882873988e-01
-1.000025313646605518e+00 -5.743208150481706742e-01 1.060166070906598534e+00
-1.003168071042109366e+00 1.225486255663721380e-02 9.608412932175008914e-02
-6.976838045122405463e-01 5.021891153349344883e-02 3.691017886272804360e-02
-1.238501520477655049e+00 -5.422068129059911534e-01 1.300564913834560077e+00
-9.757593917558582408e-01 -1.196918215093057736e+00 1.546655201354556697e+00
-6.836966272283543367e-01 -1.911577156148713819e-02 7.812139232394079702e-01
-6.887497674138626236e-01 1.993788311986450790e-01 1.719408555522856430e+00
-1.222689103205143457e+00 -6.950378535475596475e-01 1.930412611480140317e+00
-1.205501786910912143e+00 -1.275352016263088473e+00 1.671176270897178462e+00
-1.042562610738854367e+00 2.830133068849918221e-01 1.326799037766416500e+00
-5.812800149519292692e-01 -3.940451739492545347e-01 1.420316795406125987e+00
-9.704828218748791091e-01 4.368091752250393700e-01 6.228236280738985720e-03
-6.482619339699896566e-01 -9.788267629361993016e-01 1.742917692189219769e+00
-1.134478784102268101e+00 -1.452443183382405856e-01 4.326025079925313044e-01
-8.458458273193683041e-01 -4.211094009508973279e-01 9.576651355443802638e-01
-5.085766191913603240e-01 1.222286715444900196e-01 9.472254085259491641e-01
-7.359267169361415339e-01 -2.805206735032061971e-01 5.788366903338684755e-02
-8.270099887834564401e-01 -1.498144417053850042e+00 1.432787199362204777e+00
-1.095574244408260789e+00 3.070416870321173164e-01 9.589477533837761358e-01
-9.763840168344507520e-01 -1.148924199988712758e+00 1.858888465205434048e+00
-9.415449298858216132e-01 -8.459052640922526400e-01 5.602374821149623818e-01
-5.936765945205488837e-01 4.634982671077625405e-02 1.402327793087273955e+00
-8.477839315565363076e-01 -4.177629139548200143e-02 -8.737905659343546405e-02
-7.824589418788279183e-01 -4.117815991640030315e-01 6.655930695711899103e-01
-1.165402776754717706e+00 -5.942728459970836319e-02 1.294517918317158678e+00
-5.561350638990129047e-01 -6.153881674045753591e-01 1.156235571535018103e+00
-5.627694169763629573e-01 4.645042596798885093e-01 1.806117339124105658e+00
-6.198758883983999102e-01 -8.983751703618585438e-01 1.531800406737368281e+00
-5.925624390014058163e-01 -1.391192717995855199e+00 1.364609868891054623e+00
-9.055431950087178272e-01 -8.112008787860927050e-01 1.032096181156052062e+00
-8.773064686893750075e-01 -8.273106603642217394e-01 1.631801253987166023e+00
-8.712487669275681412e-01 -1.818181924655113413e-01 3.587534229932300978e-01
-7.351894291493784594e-01 1.244489839688525112e-01 1.701011291714636664e-01
-6.300087398652481907e-01 -4.730657232914363686e-01 1.074275389141857495e+00
-1.215278126547482129e+00 2.244963362367133897e-01 9.477788906501402044e-01
-5.651394944898709971e-01 -2.634067098231378523e-01 1.929804156266561599e-01
-1.037163503197277237e+00 -5.424993970198175308e-01 1.239172194121008097e+00
-9.652464468290815613e-01 1.518904811465331406e-01 4.712357135291128651e-01
-9.151185514014879008e-01 -9.856926719313476859e-01 6.054758762488723356e-01
-9.322786539902000458e-01 3.035630792382690846e-01 7.543620988497545810e-01
-1.215211692650277842e+00 -9.710417946792635480e-01 1.265016915339752135e+00
-7.809077322786845965e-01 -4.337819437606393880e-01 1.921178758456088431e+00
-1.107201932952172507e+00 3.116552083019028530e-01 7.698705345022969215e-01
-8.075700793798696875e-01 -6.722203880993447012e-01 5.926466519304843805e-01
-1.237392387871323329e+00 -1.431609171809826275e+00 6.912347475919875528e-01
-6.618313964523083737e-01 2.340833822781680507e-01 1.666877661543707312e+00
-7.781938703260018464e-01 -1.227001539332910562e+00 1.257811639152188965e+00
-1.227462734073018646e+00 4.220131371177346935e-01 1.574569344392561687e+00
-1.093647079891936436e+00 -1.346838881706147850e+00 1.629920812459348278e+00
-8.436102732417692929e-01 4.641500509917242390e-01 8.735306516740953819e-01
-8.182019093777495033e-01 -1.244865825350133459e+00 1.298545804348327337e+00
-6.599781050709683239e-01 4.693377351891652172e-01 3.035242024376759717e-01
-6.714774031344208360e-01 -5.060931459976929503e-01 7.139401420143114407e-01
-1.274294128323479436e+00 -5.703336586787588480e-01 1.002863564416819342e+00
-8.211210382655920181e-01 2.912544583529148579e-01 7.881651298834070341e-01
-5.853654395742270422e-01 7.314206369412756814e-02 1.381349731558775051e+00
-5.339171244927067850e-01 -6.761742884911492446e-02 1.323659218910728130e+00
-1.273483123226877067e+00 -4.075808727555472188e-01 8.933422196681968241e-01
-7.631746246225575847e-01 -1.315594845596220752e+00 1.931287195794733513e+00
-8.030787901353719782e-01 -7.078648494847152861e-01 1.311825737174817652e+00
-1.287709161105779820e+00 -5.458085702788839644e-01 1.516518908934639809e+00
-1.067217938348955952e+00 -1.152716244401887913e-01 1.511063201819136115e+00
-1.093077182843524398e+00 3.167269810217183679e-01 1.147851662052331578e+00
-1.027136608563832931e+00 3.254987089303347236e-01 7.971997127355318069e-01
-1.250803075259386166e+00 -1.096817440813314226e+00 8.323529339138739935e-01
-1.102487953228924900e+00 -8.408328597024594675e-01 6.892498306693020105e-01
-1.210525979478094483e+00 -1.378338091472651294e+00 1.537812909410341211e+00
-7.135503020382886197e-01 -8.548019020993224970e-03 4.202877464283435449e-01
-9.734997406511010087e-01 -1.345280124764935969e-01 3.944832553980712753e-01
-6.313848877814169924e-01 -5.431971106644173375e-02 1.848389055377822887e-01
-1.229779929641862779e+00 -1.318973959814683017e+00 1.741557658229974992e+00
-7.578995329012857551e-01 -1.141851869176477186e+00 1.577821442134051066e+00
-8.241755708045965800e-01 -2.620852394431156807e-01 1.761437812187973684e+00
-1.168436461062989817e+00 -3.829010121273450640e-01 9.979290345833827791e-01
-5.406353334264448751e-01 -3.471633856685345521e-01 4.716213694981565840e-01
-1.152612068463497064e+00 -1.101818904335253313e+00 1.157229852765632394e+00
-5.044962455131056789e-01 -1.101517421780011441e+00 8.331445134783309614e-01
-1.012217037021101662e+00 -7.011104072957519140e-01 1.965537504565268101e+00
-6.694593636168291173e-01 -1.494453219358228058e+00 1.967284914107211513e+00
-6.242959428584419213e-01 -2.355770403217660736e-02 1.013462700218931811e+00
-1.288464065565426253e+00 3.998818458413364585e-01 1.409692548621650277e+00
-1.069705112972310967e+00 2.099450850109469968e-01 4.118353448400833283e-01
-7.246915182159114899e-01 -1.280969282333682013e+00 1.852667671255116000e+00
-1.251784755548897454e+00 -1.110424187724986744e+00 1.630755848342156700e+00
-1.192275914109452994e+00 4.258305613517030519e-01 6.350203535233226448e-01
-5.343188036644902494e-01 -9.612436571237377159e-01 1.397491599752410663e+00
-9.172670478643276670e-01 1.945358508758519012e-01 1.236531723989775289e+00
-9.715376423861814548e-01 1.625085892531037413e-01 9.620823998770197116e-01
-1.063398745672209156e+00 -1.293808275964001941e+00 8.901294243718345101e-01
-6.658200728820558023e-01 -5.355435722774832819e-01 1.025434718589335770e+00
-1.120698171200292803e+00 -6.468775844132124142e-01 9.684485079823522691e-01
-1.212877530925277503e+00 -9.692190037131960256e-01 8.007593499865283126e-01
-1.120142804054862884e+00 -1.410582627237449760e+00 1.568222075422678108e+00
-9.611982534043286286e-01 -1.070000063945204083e+00 1.463221978942034873e+00
-9.497819990303778548e-01 2.197182311912848629e-01 6.381499692540261170e-01
-1.177967942864339035e+00 8.096130835754156152e-02 9.821893904344584092e-01
-5.907574188326424336e-01 -7.451630511395721523e-01 3.279625093844712458e-01
-7.710846210452635408e-01 -1.125044832201529621e+00 1.012994830618512143e+00
-6.829311214887638926e-01 1.634949774997676020e-01 1.584756450284954543e-01
-1.188398519969432687e+00 -8.361819930682723445e-02 1.997285382261183795e+00
-8.096300150929638395e-01 -7.264472566354329697e-01 8.214444528184650096e-01
-1.296077961239050946e+00 4.850155020529409722e-01 5.726711431058757462e-01
-7.499266558104655811e-01 -1.344435669157602709e+00 1.029356419708758130e+00
-6.633938456166990072e-01 -2.446134787978855307e-01 1.672880726797047579e+00
-1.246681950047281662e+00 -2.203927529959297527e-01 1.822249992578619970e+00
-6.163400147765576431e-01 7.822945709807838099e-02 1.680164004963578206e+00
-1.018036937379563467e+00 6.917292868924063143e-03 2.905463659477768301e-01
-9.417711897074159122e-01 -1.474037506586590940e+00 6.498604114895956130e-01
-1.117064447513532732e+00 -2.806798322647685584e-01 1.074884981261160055e+00
-8.723643094646786889e-01 -1.146507552438936761e+00 1.391405527965080102e+00
-8.805162706453457666e-01 5.091521012142674607e-02 4.715239874013990029e-01
-9.649341699189571964e-01 -5.656654686734972071e-01 1.631591405293038921e+00
-9.241224053038110675e-01 -4.527787569840084902e-01 7.451027026433389988e-01
-8.462601257448296721e-01 -3.147917603549466037e-02 7.168500849800933938e-01
-5.954186904402888336e-01 -5.599955331178878559e-01 8.949750789117996153e-01
-1.140456336535279114e+00 -1.080899862131021738e-01 9.023490036512050727e-01
-7.522235054638020113e-01 4.056066096190313885e-02 4.531528827514217372e-01
-6.109410761596187900e-01 -5.087449035256006447e-01 7.335415806016503115e-01
-1.198283933641528742e+00 -3.007955440567173788e-01 6.899423841157705795e-01
-6.942084061774658199e-01 3.635340782499030254e-01 3.592842855826139381e-01
-5.064306692838359547e-01 -1.129166811447594343e+00 9.496666708424416070e-01
-1.214483104389824764e+00 -1.603939768794795384e-01 1.474296523843652285e+00
-7.404484388083443225e-01 -1.215424652292733665e-01 2.280083644038262414e-01
-5.515675013588895448e-01 8.625041700301183667e-02 3.500459930381952800e-01
-9.168762799509417860e-01 -2.851192020973156716e-01 9.174748687486388166e-01
-1.195582952441622604e+00 2.129462845413203631e-01 1.945693476821662049e+00
-1.042967344693677356e+00 -3.195406024306861603e-01 1.057216335977238630e+00
-1.163836038278710294e+00 -4.094219392219922149e-01 1.937327960111517644e+00
-5.682320222308036017e-01 -1.185312661104175325e+00 1.393136091290935852e+00
-9.937736155116194681e-01 2.839761279797146099e-01 1.005175961108093707e+00
-5.194375952571799182e-01 -1.219609936916144166e+00 1.728393738874445473e+00
-6.968723392167470720e-01 -5.127668017496134212e-01 1.448301782425317041e+00
-9.373858998104955820e-01 -6.772142464239203630e-01 4.604952296768323183e-01
-1.272760648674211126e+00 -1.022463435573668367e-01 1.144272633612037904e+00
-8.676835797496920133e-01 -7.014123070814257677e-01 9.612353073355405231e-01
-8.315634354126311134e-01 4.572893138133957702e-01 6.135491698959537610e-01
-6.614285297673447861e-01 -1.263686425260697188e-01 1.131013915925315416e+00
-6.485377193332940715e-01 -1.240251273586502112e+00 1.233636630188934991e+00
-9.583555528480185437e-01 3.001587132985050754e-01 1.979079231906490488e+00
-7.358256332818785550e-01 -2.344841469348057927e-02 1.070675165670457840e+00
-1.140320054375650205e+00 -7.299988597890336717e-01 1.369165042106299301e+00
-1.045571138670550626e+00 4.119182385341946251e-02 6.985790585531579389e-01
-8.258527077461877974e-01 4.173068604036278550e-01 9.633488439941800818e-01
-6.224421370642141405e-01 -1.290230066370489759e+00 1.460019430790008510e+00
-1.244644547252885758e+00 -1.317614834602411911e+00 1.523977995497797222e+00
-1.113551523921803676e+00 -7.070995362022820530e-01 6.875183463012746188e-01
-1.228489777528837035e+00 -1.365912082685323270e-01 1.555490235864146698e+00
-6.647947268068137294e-01 -1.374371680543264862e-01 7.546306194084382302e-01
-8.262969579520473840e-01 4.350295577022775806e-01 9.707050532523980868e-01
-7.495792370417587724e-01 -1.440489791476906589e+00 1.058077026437326928e+00
-8.681489807440254669e-01 2.425244232266487998e-02 5.981972554684708565e-02
-8.210466919655476925e-01 -1.469435992337573049e+00 1.486726524149913908e+00
-8.399520159994231516e-01 4.872255105478795478e-02 3.325468049684844329e-01
-7.116704281910782859e-01 -6.290658059378475553e-01 1.130777530605167280e+00
-1.089129892920346343e+00 -8.772916305238893653e-01 1.271961277519668476e+00
-1.173413943436120155e+00 2.371699199287109483e-01 9.178432085733422285e-01
-6.687830175842324198e-01 -2.070663787335624839e-01 8.547646798572055005e-01
-6.500959732482669562e-01 -2.248384788326784900e-01 8.361772765374515526e-01
-8.966941744340153342e-01 3.204259204386561422e-02 2.179517865062436666e-01
-1.196414264375418535e+00 -7.289664317605883959e-01 9.944682628635258537e-01
-1.283962807597037736e+00 -1.267352915304378547e+00 1.087618744132350157e+00
-6.657745244777186766e-01 2.676526210537004680e-01 1.003522764095527542e+00
-6.533255490513918406e-01 -2.979776784110546028e-01 1.049938751524516656e+00
-7.691142346054837819e-01 6.758508356179526722e-02 4.587559073530259601e-01
-1.076049699380445812e+00 -1.078947846848325121e+00 1.437003175488696716e+00
-7.761227633106043688e-01 -2.521778966910379616e-01 1.944303636565167803e+00
-9.509371389569758470e-01 -1.356300621360156056e+00 1.179330981424023816e+00
-5.572765584298298158e-01 -3.098011179886439592e-01 1.944429176048985575e+00
-1.182837358610094869e+00 -2.006067915423366266e-01 1.820371965577250117e+00
-7.041116064289748566e-01 -6.977460522726490755e-01 1.112022039680992780e+00
-1.250320218291482988e+00 -1.390285623813245497e-01 1.482325605402833313e+00
-6.062672212874006261e-01 -1.016783070429896130e+00 7.064917667911131405e-01
-7.559503536525625789e-01 2.093389188956109592e-01 2.453495016496697601e-01
-1.045249367580491251e+00 4.202806908497622729e-01 1.141120518142523022e+00
-1.231405593958094125e+00 2.347589691121885203e-01 1.758755598467226511e+00
-5.960228323404020978e-01 3.119025432489956895e-01 1.004759372088167790e+00
-1.022884824708409246e+00 -1.449751389712050198e+00 1.161008473354520065e+00
-9.705357998292757360e-01 -4.865144011132254143e-01 1.887869554133925210e+00
-8.890069724709839249e-01 -5.922346881170015287e-02 1.150666118045874597e+00
-1.167791243124116862e+00 4.785713976333145769e-01 8.719764616741193519e-01
-9.818456632044805232e-01 -9.161197130022458168e-01 9.426747847323676543e-01
-1.288888429794140089e+00 -3.020433668235236180e-01 1.640421348640908050e+00
-7.916196799303668596e-01 -5.565720736673585023e-02 1.342898222333541947e+00
-9.524867383778434782e-01 -1.333954611197952556e+00 1.034235218404462309e+00
-8.679376174384767495e-01 8.045854644024585944e-02 8.707007398575268287e-01
-9.266468938373388919e-01 -3.743239593858889158e-01 8.506328658402585452e-01
-8.765943688777608767e-01 -2.824865371686660076e-01 9.933788195531078058e-01
-6.368919834497358545e-01 3.479559749430312099e-01 1.414631389715322207e+00
-1.262474535240542650e+00 -1.727896459672357832e-01 6.276553340855344221e-01
-7.219552809702484142e-01 -1.743945151543582206e-01 1.184110831091213845e+00
-1.215738559185182144e+00 1.137988657277344551e-02 5.776818380518192741e-01
-1.110358394814175531e+00 -2.827735476404447112e-02 9.567947775998181248e-01
-5.839538013882158429e-01 -1.011651889827822837e+00 5.143666076131375720e-01
-9.102234563892406261e-01 -2.885069580323338378e-01 1.718399311348845826e+00
-9.913669449693676139e-01 -9.780760561351118376e-01 1.223434157365419050e+00
-1.007876925290712711e+00 -3.989897522264744811e-01 5.350959875952181477e-01
-6.835024380350042117e-01 -4.990255984647475884e-01 3.706330233623650328e-01
-5.728262300799987772e-01 3.406068677262505950e-01 7.215781891215606869e-01
-6.121161359213227460e-01 -2.351851368795416786e-01 1.287506466401401095e+00
-7.606561034777575836e-01 -8.533303566773366988e-01 1.018207218694292093e+00
-6.237849810858138166e-01 -1.281947704133093557e+00 1.998659084420309817e+00
-1.027749680335092730e+00 2.844386038892368074e-01 1.959096719478720772e+00
-6.688734369691268222e-01 -1.052939342723925087e+00 1.876394602135554202e+00
-1.219835772574685118e+00 -1.067968174348981725e+00 1.678639426033017523e+00
-8.523560533555547547e-01 -8.000173419610590031e-01 8.985115277337911710e-01
-6.016892382782689230e-01 -9.156290647158824569e-01 1.884024628896361131e+00
-1.018083339260968057e+00 1.066777934614873136e-01 6.935869194138022387e-01
-7.244897937068683902e-01 4.020514128410481725e-01 1.614605090282104971e+00
-1.254508265071068385e+00 -7.995974483796055576e-01 9.896807766864811340e-01
-8.044791479483890395e-01 3.186637132851095622e-01 6.465078813150078041e-01
-8.420320860211640834e-01 4.118356407464163205e-01 1.200647242536288406e+00
-5.412011449387248430e-01 -8.442996272881164721e-02 1.312938794715950541e+00
-8.661006470876000396e-01 -4.089805538965050058e-01 6.300528967269513059e-01
-6.491554224172755294e-01 -2.349336158401591490e-01 -8.211134489866162012e-02
-7.273012849388682532e-01 1.326435245854371558e-01 4.407036917652060737e-01
-6.370105336535185625e-01 -4.209285494353609547e-01 1.897514478188010889e+00
-8.180658471317643343e-01 -1.466117961937623004e-01 1.780070612055029367e+00
-6.492869319929527316e-01 -2.749548270137418537e-01 3.781365912004646113e-01
-8.136458448068759619e-01 -1.329735375814418585e+00 8.814396159109331164e-01
-9.332025619988693066e-01 -3.853184110238847548e-01 1.703434493492618440e+00
-8.276512243394718027e-01 -1.071158420838119518e+00 1.178569325573820548e+00
-1.149261643972929736e+00 -5.802139016444285424e-02 4.846781340156749440e-01
-9.091441060157451348e-01 -5.613511704408558067e-01 1.225546074345691405e+00
-1.232896516773945850e+00 1.878109261340774605e-01 1.929564162576857811e+00
-8.590759757947075137e-01 -2.937947082900225215e-01 6.318488622826364809e-01
-1.000301614507582926e+00 5.211767349534857097e-02 1.935394599011792671e+00
-1.139945560810071923e+00 -2.771653883886515679e-02 8.477890769314783137e-01
-8.480434142481919624e-01 -1.129087055116641203e+00 1.265211417075254641e+00
-9.908957055174406614e-01 2.208498679703991829e-01 2.698558968219805232e-01
-7.713673773947992141e-01 -1.073058441710056599e+00 1.630903625167836157e+00
-1.226875614124732561e+00 -1.151297648141375252e+00 1.579760355614317158e+00
-1.207376992245876135e+00 4.221267417224727758e-02 1.528261864427159944e+00
-1.181652382637667476e+00 -1.411991349586489086e+00 1.479992581594518297e+00
-1.107211164219417565e+00 -1.150635974266838835e+00 6.288468102072093391e-01
-8.191183696218146126e-01 -1.063007350698025766e+00 1.251707279588425870e+00
-1.047893193121566036e+00 4.680910354029454989e-01 6.614258251137169475e-01
-5.268357508328447292e-01 -1.035024267420536770e+00 1.626431955013014852e+00
-7.927620153070240594e-01 5.392122453202063959e-02 1.567018820279781677e+00
-1.170546983382074524e+00 -1.370038126832197500e+00 7.513164563383110117e-01
-5.407750704223369675e-01 -8.452898378566120474e-01 6.320483139711445819e-01
-1.209145735602008109e+00 -7.668512252777863747e-01 6.172600689889489178e-01
-9.484581372428924073e-01 3.523842698105208449e-01 1.191178830930645249e+00
-6.145132327820111984e-01 -3.958741966644137023e-01 7.723763095232464293e-01
-1.173671394969588944e+00 -1.988267985772336210e-01 1.146950698147303216e+00
-1.204952721859694043e+00 -1.496260812933807305e-01 4.259576203586239451e-01
-9.766730247085044780e-01 1.486757027234728579e-01 1.028519685337071055e+00
-6.395515124344927083e-01 -1.076039324641726802e+00 8.123454386925648141e-01
-6.512921031993206267e-01 -1.058265510821833288e+00 7.186151640827118658e-01
-7.003716349950732667e-01 -1.194318606609429789e+00 1.466310329911827415e+00
-1.050273969241730665e+00 3.750881260870315703e-01 2.214503672123758482e-01
-1.171554660788192370e+00 2.899699484779292291e-01 1.376336144097847658e+00
-7.158711397387017561e-01 -5.774819229628214146e-02 2.447895019798957683e-01
-9.100873993580256283e-01 1.446667115829014527e-02 6.377348949998645766e-01
-6.423611908566425610e-01 2.037528554143601678e-01 5.544445305094434229e-01
-1.068941085288022563e+00 -3.674006170706780594e-01 1.544727055931261805e+00
-1.035196620590381755e+00 -1.748022647478921776e-01 1.760958489211289502e+00
-6.229215118528215189e-01 4.753024076431799916e-01 9.936199793404490999e-01
-9.394989593775866510e-01 1.437233470963408255e-01 6.497321062760830213e-01
-6.592758124159037170e-01 1.178237329788389687e-02 1.167606836109045476e+00
-8.062277048983569339e-01 -6.562929687343272978e-01 1.767542078669474215e+00
-1.088175409885253853e+00 2.252459337918910620e-02 1.760202516893177416e+00
-6.771899762783831767e-01 -9.960293989069388676e-01 1.048259250962744860e+00
-1.238230621433004552e+00 3.978800969742390947e-01 1.649983440805214308e+00
-9.623920036219125729e-01 -4.005582513513097354e-01 6.556305486894324908e-01
-6.054248574801537330e-01 4.579246477416987204e-01 1.535971186219025952e+00
-8.497150158054900260e-01 -6.939329579507358403e-01 6.509647416636940020e-01
-7.810038224363852200e-01 -1.065233616718149534e+00 1.990274112986156307e+00
-6.876083234960197466e-01 -4.147230044636551760e-02 2.591535256051475944e-01
-7.597800796486516850e-01 -6.504725001791289429e-01 8.879511443313892194e-01
-5.101402912596260109e-01 4.883943688128788985e-02 7.105719605788622939e-01
-1.085002824003134858e+00 -1.859061054776844912e-01 7.878221038990498304e-01
-7.275043723571542609e-01 4.075934622355783521e-01 6.458039542083712226e-01
-7.918417862783817540e-01 3.766252676958605772e-01 4.383046915843946678e-01
-9.428454397362872053e-01 -2.905208713762486017e-01 1.638975951473808701e+00
-1.179888394047144073e+00 4.144363152626129310e-01 6.555677450898034220e-01
-6.275370880727175749e-01 -4.058103650965898535e-01 5.254054541123325262e-01
-1.215971003443950371e+00 -1.219756023661758837e+00 1.705014902727826076e+00
-1.021127848408120764e+00 -4.602398938823948349e-01 1.911061855907275842e+00
-7.747285924390352463e-01 -2.410464571780954746e-01 1.335438565447440995e+00
-7.736648697066458302e-01 5.120476077919300373e-02 1.442093921938083279e+00
-7.038017890637185969e-01 -4.042319231995017415e-01 1.441148577832501498e+00
-7.788167168194569667e-01 4.540705997696197205e-01 1.037981283218297079e+00
-6.291247738805787471e-01 -9.967074654614060947e-01 1.393429226645057417e+00
-5.710717295404144078e-01 -1.470697610419038348e+00 7.439858050481230611e-01
-8.043885504969960909e-01 6.083045139183451688e-02 1.999053689124549393e+00
